Date,SPY,IWM,EFA,EEM,TLT,IEF,LQD,VNQ,GLD,XLP
2007-01-03,99.3948974609375,60.52887725830078,41.73823165893555,25.826175689697266,49.17268371582031,50.98440170288086,50.064666748046875,34.970375061035156,62.279998779296875,15.836661338806152
2007-01-04,99.60584259033203,60.69152069091797,41.61900329589844,25.46953010559082,49.47084426879883,51.169395446777344,50.44091796875,35.015708923339844,61.650001525878906,15.860758781433105
2007-01-05,98.81137084960938,59.42145538330078,40.99442672729492,24.724842071533203,49.255523681640625,51.00289535522461,50.407955169677734,34.367286682128906,60.16999816894531,15.746306419372559
2007-01-08,99.26838684082031,59.18913269042969,41.051204681396484,24.90428352355957,49.343868255615234,51.039878845214844,50.393882751464844,34.41715621948242,60.47999954223633,15.770401954650879
2007-01-09,99.18399047851562,59.74673080444336,41.09096145629883,24.34801483154297,49.343868255615234,51.02754592895508,50.403263092041016,34.85246658325195,60.849998474121094,15.806549072265625
2007-01-10,99.51445007324219,60.21135711669922,40.77867126464844,24.29193687438965,49.12303924560547,50.94124984741211,50.337425231933594,35.301395416259766,60.59000015258789,15.872803688049316
2007-01-11,99.95033264160156,60.583106994628906,41.039859771728516,24.599239349365234,48.83590316772461,50.80556869506836,50.182212829589844,35.75938034057617,60.630001068115234,15.993276596069336
2007-01-12,100.70968627929688,61.16392135620117,41.50544357299805,25.09942626953125,48.60954666137695,50.70071029663086,50.13044738769531,35.872737884521484,62.16999816894531,15.96918773651123
2007-01-16,100.5128173828125,60.753482818603516,41.454349517822266,25.189146041870117,48.71442794799805,50.799442291259766,50.186912536621094,36.380611419677734,61.970001220703125,15.981246948242188
2007-01-17,100.5550537109375,60.49015426635742,41.47705841064453,25.083728790283203,48.565364837646484,50.70071029663086,50.11634826660156,36.367008209228516,62.63999938964844,16.029422760009766
2007-01-18,100.21749114990234,59.98678970336914,41.33509826660156,24.819049835205078,48.71442794799805,50.768577575683594,50.262142181396484,36.32166290283203,62.2599983215332,16.005327224731445
2007-01-19,100.41441345214844,60.2191047668457,41.840431213378906,25.265409469604492,48.5818977355957,50.68839645385742,50.23392868041992,36.684417724609375,63.0,16.029422760009766
2007-01-22,100.1050033569336,59.777687072753906,41.6303596496582,25.23625373840332,48.69789505004883,50.78091812133789,50.266868591308594,36.376075744628906,62.720001220703125,16.0113525390625
2007-01-23,100.40031433105469,60.34302520751953,41.999427795410156,25.810461044311523,48.37763214111328,50.63291931152344,50.13044738769531,36.548397064208984,64.2300033569336,16.041479110717773
2007-01-24,101.2088851928711,61.00129699707031,42.27195739746094,26.034772872924805,48.372100830078125,50.63908767700195,50.153987884521484,37.02451705932617,64.33000183105469,16.101715087890625
2007-01-25,100.02067565917969,60.234615325927734,41.58494186401367,25.23401641845703,48.024295806884766,50.44175720214844,49.994075775146484,37.25125503540039,64.05999755859375,15.999305725097656
2007-01-26,99.92926788330078,60.45920944213867,41.66441345214844,25.38877296447754,47.98561096191406,50.43555450439453,49.96119689941406,37.37366485595703,64.16999816894531,15.957137107849121
2007-01-29,99.87300872802734,60.98579788208008,41.7098503112793,25.052322387695312,47.880699157714844,50.39857864379883,49.937686920166016,37.49610900878906,63.77000045776367,15.999305725097656
2007-01-30,100.3932876586914,61.31880569458008,41.99374771118164,25.440372467041016,47.93592834472656,50.44794464111328,50.00821304321289,37.682029724121094,64.22000122070312,15.987260818481445
2007-01-31,101.06827545166016,61.45048141479492,42.15273666381836,25.63775634765625,48.338985443115234,50.63291931152344,50.21982192993164,37.981300354003906,64.83000183105469,16.053525924682617
2007-02-01,101.67293548583984,62.108699798583984,42.50475311279297,25.9517765045166,48.28078079223633,50.596412658691406,50.199520111083984,38.13094711303711,65.22000122070312,16.11376190185547
2007-02-02,101.81352233886719,62.14741897583008,42.419586181640625,25.873268127441406,48.341732025146484,50.63972854614258,50.246768951416016,38.19895553588867,64.27999877929688,16.143877029418945
2007-02-05,101.84165954589844,62.13969039916992,42.283321380615234,25.897947311401367,48.40830993652344,50.695438385009766,50.312862396240234,38.19895553588867,64.30999755859375,16.089658737182617
2007-02-06,101.86978149414062,62.29457473754883,42.61262512207031,26.153654098510742,48.67437744140625,50.8377799987793,50.44517517089844,38.76124954223633,64.79000091552734,16.065574645996094
2007-02-07,102.09477233886719,62.86766052246094,42.731868743896484,26.052717208862305,48.81853485107422,50.94923782348633,50.51597595214844,39.57292175292969,64.62999725341797,16.029422760009766
2007-02-08,101.96124267578125,62.7669792175293,42.5615348815918,25.91364860534668,48.85737609863281,50.96162414550781,50.57264709472656,39.26911926269531,65.5199966430664,15.999305725097656
2007-02-09,101.20183563232422,62.193904876708984,42.379852294921875,25.604116439819336,48.58014678955078,50.806827545166016,50.360111236572266,38.815677642822266,66.12000274658203,15.975217819213867
2007-02-12,100.8573226928711,62.02351760864258,42.21518325805664,25.429153442382812,48.46928405761719,50.738712310791016,50.369544982910156,38.1128044128418,65.66999816894531,15.939061164855957
2007-02-13,101.70804595947266,62.48046875,42.75458908081055,25.832895278930664,48.36396026611328,50.70161056518555,50.336483001708984,38.851932525634766,65.83999633789062,15.993276596069336
2007-02-14,102.37601470947266,62.57338333129883,43.33372116088867,26.389162063598633,48.82405090332031,50.99256134033203,50.624629974365234,38.575340270996094,66.37000274658203,16.089658737182617
2007-02-15,102.50956726074219,62.619834899902344,43.38483810424805,26.404869079589844,48.96818542480469,51.07302474975586,50.71907043457031,38.86101150512695,66.41000366210938,16.186052322387695
2007-02-16,102.46033477783203,62.85989761352539,43.36779022216797,26.465425491333008,49.14004135131836,51.128719329833984,50.77101135253906,38.76124954223633,66.36000061035156,16.21013832092285
2007-02-20,102.67832946777344,63.46393966674805,43.43023681640625,26.534963607788086,49.250919342041016,51.19063186645508,50.85134506225586,39.06052017211914,65.30999755859375,16.29448127746582
2007-02-21,102.63612365722656,63.58012390136719,43.208824157714844,26.613466262817383,49.16781997680664,51.18444061279297,50.818302154541016,38.93357467651367,67.3499984741211,16.204118728637695
2007-02-22,102.55879211425781,63.8046989440918,43.40187454223633,26.54618263244629,48.90166091918945,51.054412841796875,50.7474250793457,38.72496032714844,67.1500015258789,16.143877029418945
2007-02-23,102.1580581665039,63.46393966674805,43.53812026977539,26.35552215576172,49.250919342041016,51.258689880371094,50.9127197265625,38.04933166503906,67.72000122070312,16.155927658081055
2007-02-26,102.06661987304688,63.41747283935547,43.56085968017578,26.344314575195312,49.57802200317383,51.419673919677734,51.12055969238281,37.858863830566406,68.0999984741211,16.1499080657959
2007-02-27,98.08013153076172,60.44371032714844,41.80636215209961,24.20221519470215,50.204471588134766,51.852928161621094,51.31892776489258,36.684417724609375,65.41000366210938,15.78244686126709
2007-02-28,99.08554077148438,61.04776382446289,42.10163879394531,24.80783462524414,49.977169036865234,51.67344284057617,51.2244873046875,36.95649719238281,66.4800033569336,15.806549072265625
2007-03-01,98.79026794433594,60.730255126953125,41.670108795166016,24.451187133789062,49.94546890258789,51.72001647949219,51.23444366455078,36.58467102050781,65.81999969482422,15.842691421508789
2007-03-02,97.49659729003906,59.522132873535156,41.10799789428711,24.22464942932129,50.195865631103516,51.887699127197266,51.37676239013672,36.00425338745117,63.709999084472656,15.595707893371582
2007-03-05,96.56854248046875,58.21338653564453,40.25631332397461,23.603322982788086,50.27933883666992,51.918724060058594,51.30083084106445,34.603065490722656,62.93000030517578,15.541496276855469
2007-03-06,98.22074890136719,59.80092239379883,41.50544357299805,24.63961410522461,50.12908935546875,51.85039520263672,51.10639190673828,35.872737884521484,64.1500015258789,15.661972999572754
2007-03-07,98.122314453125,59.607330322265625,41.51681137084961,24.48932456970215,50.3238639831543,51.943603515625,51.153812408447266,35.36941146850586,64.30000305175781,15.601731300354004
2007-03-08,98.95197296142578,60.056488037109375,42.005104064941406,25.121854782104492,50.27933883666992,51.93737030029297,51.22019958496094,35.936222076416016,64.4800033569336,15.746306419372559
2007-03-09,98.98009490966797,60.54435729980469,42.0732421875,25.166723251342773,49.75068283081055,51.64546585083008,51.08744430541992,36.4123649597168,64.25,15.794492721557617
2007-03-12,99.12773132324219,60.71476745605469,42.34576416015625,25.290081024169922,49.94546890258789,51.7883186340332,51.1965217590332,36.59373092651367,64.37000274658203,15.812566757202148
2007-03-13,97.2012939453125,59.15816116333008,41.33509826660156,24.554378509521484,50.24595260620117,52.01813507080078,51.22495651245117,35.73216247558594,63.720001220703125,15.511378288269043
2007-03-14,97.92546844482422,59.78546142578125,41.35214614868164,24.75624656677246,50.01779556274414,51.949798583984375,51.177547454833984,35.90446853637695,63.939998626708984,15.541496276855469
2007-03-15,98.05903625488281,60.250091552734375,41.53951644897461,24.9581241607666,50.01224136352539,51.893924713134766,51.187042236328125,36.22644805908203,63.97999954223633,15.74028205871582
2007-03-16,97.78446197509766,59.83964157104492,41.590614318847656,24.745033264160156,50.0010986328125,51.887699127197266,50.98783493041992,35.82286834716797,64.62000274658203,15.697306632995605
2007-03-19,98.96328735351562,60.583106994628906,42.23222351074219,25.287845611572266,49.89533615112305,51.819366455078125,50.892967224121094,36.181095123291016,64.73999786376953,15.800216674804688
2007-03-20,99.50682067871094,61.0632438659668,42.58992385864258,25.453826904296875,49.9232063293457,51.893924713134766,51.030513763427734,36.32618713378906,65.2699966430664,15.951555252075195
2007-03-21,101.1444091796875,62.16292190551758,43.498382568359375,26.21645164489746,49.94546890258789,51.968441009521484,51.18224334716797,36.76605224609375,65.81999969482422,16.102903366088867
2007-03-22,101.0667724609375,62.16292190551758,43.33372116088867,26.10430145263672,49.55036544799805,51.794517517089844,51.03998947143555,36.80232620239258,65.76000213623047,16.181602478027344
2007-03-23,101.2149887084961,62.259159088134766,43.4359245300293,26.225431442260742,49.41123962402344,51.7137565612793,50.90721130371094,36.82498550415039,65.1500015258789,16.217918395996094
2007-03-26,101.08090209960938,62.12723922729492,43.452972412109375,26.20972442626953,49.4724235534668,51.757293701171875,51.00205612182617,36.235267639160156,65.83999633789062,16.102903366088867
2007-03-27,100.84088897705078,61.840126037597656,43.259910583496094,26.093090057373047,49.38894271850586,51.744876861572266,50.992557525634766,35.856746673583984,65.69999694824219,16.030254364013672
2007-03-28,100.10679626464844,61.41341018676758,42.87948989868164,25.62653923034668,49.28877639770508,51.7386589050293,50.95936965942383,35.619598388671875,66.05000305175781,15.999988555908203
2007-03-29,100.212646484375,61.490997314453125,43.25423049926758,26.135704040527344,49.22199630737305,51.66408920288086,50.89772033691406,35.67887878417969,65.6500015258789,16.09079933166504
2007-03-30,100.23384857177734,61.64615249633789,43.32237243652344,26.1312198638916,49.12736511230469,51.60200119018555,50.87870407104492,36.18967819213867,65.73999786376953,16.13317108154297
2007-04-02,100.34679412841797,61.80136489868164,43.4359245300293,26.310659408569336,49.208946228027344,51.65937042236328,50.908287048339844,36.417724609375,65.8499984741211,16.175546646118164
2007-04-03,101.42682647705078,62.46086883544922,43.7993049621582,26.74132537841797,49.147483825683594,51.61574935913086,50.879695892333984,36.73698806762695,65.83000183105469,16.28451919555664
2007-04-04,101.53971862792969,62.453125,43.98100662231445,26.909549713134766,49.19779586791992,51.6967658996582,50.92256546020508,36.55453872680664,66.80999755859375,16.357158660888672
2007-04-05,101.8149642944336,62.4143180847168,44.1400032043457,26.93421745300293,49.0134391784668,51.56586837768555,50.81774139404297,36.51805114746094,66.86000061035156,16.399534225463867
2007-04-09,101.95616149902344,62.49967956542969,44.105918884277344,27.088991165161133,48.689517974853516,51.328956604003906,50.65095901489258,36.58646774291992,66.52999877929688,16.357158660888672
2007-04-10,102.07621002197266,62.69365310668945,44.43523406982422,27.216842651367188,48.834747314453125,51.43492126464844,50.75579071044922,36.73698806762695,67.16000366210938,16.435850143432617
2007-04-11,101.65967559814453,62.3056755065918,44.219478607177734,26.965627670288086,48.80122375488281,51.37257766723633,50.66049575805664,36.18967819213867,67.08000183105469,16.326889038085938
2007-04-12,102.11144256591797,62.724674224853516,44.51472473144531,27.41646385192871,48.81239700317383,51.42245864868164,50.73673629760742,35.943397521972656,66.98999786376953,16.34505271911621
2007-04-13,102.57732391357422,63.128170013427734,44.662357330322266,27.551055908203125,48.661563873291016,51.335182189941406,50.65095901489258,36.34928512573242,67.83999633789062,16.399534225463867
2007-04-16,103.55140686035156,63.9971923828125,45.13361740112305,27.878530502319336,48.9296760559082,51.39131164550781,50.69385528564453,36.3949089050293,68.4000015258789,16.435850143432617
2007-04-17,103.82672882080078,63.80320739746094,45.13929748535156,27.728246688842773,49.20335388183594,51.6095085144043,50.97018051147461,36.86923599243164,68.0,16.587202072143555
2007-04-18,103.95381164550781,63.430747985839844,45.12225341796875,27.521892547607422,49.449134826660156,51.72798156738281,50.984535217285156,36.64118194580078,68.37999725341797,16.544822692871094
2007-04-19,103.92554473876953,63.128170013427734,44.95193099975586,27.299837112426758,49.365352630615234,51.72169494628906,51.017860412597656,36.3949089050293,67.52999877929688,16.556936264038086
2007-04-20,104.90668487548828,63.86528396606445,45.468631744384766,27.62506866455078,49.236900329589844,51.665611267089844,51.00354766845703,36.66855239868164,68.69999694824219,16.70827865600586
2007-04-23,104.51141357421875,63.79545974731445,45.02574157714844,27.515165328979492,49.415584564208984,51.77158737182617,51.15129852294922,37.07903289794922,68.26000213623047,16.671947479248047
2007-04-24,104.55377960205078,63.76441955566406,44.99734115600586,27.51067352294922,49.59992980957031,51.871376037597656,51.27992248535156,36.82818603515625,67.7300033569336,16.66590118408203
2007-04-25,105.51380920410156,63.94287109375,45.41750717163086,27.85161781311035,49.42679214477539,51.84012985229492,51.20846176147461,36.80538558959961,67.88999938964844,16.750646591186523
2007-04-26,105.63378143310547,64.29975128173828,45.20743942260742,27.777605056762695,49.06929397583008,51.6905517578125,51.098876953125,36.82818603515625,66.87000274658203,16.684059143066406
2007-04-27,105.54904174804688,64.02820587158203,45.11090850830078,27.63852310180664,49.058143615722656,51.6905517578125,51.08457565307617,36.73698806762695,67.55999755859375,16.64773178100586
2007-04-30,104.67376708984375,62.64708709716797,44.946250915527344,27.10468864440918,49.57200622558594,51.914939880371094,51.33236312866211,36.14407730102539,67.08999633789062,16.587202072143555
2007-05-01,104.94202423095703,62.903114318847656,44.90083694458008,27.212356567382812,49.6078987121582,51.91748809814453,51.30366516113281,35.829376220703125,66.69000244140625,16.520605087280273
2007-05-02,105.55609893798828,63.74110794067383,45.241512298583984,27.752918243408203,49.579864501953125,51.85491180419922,51.28926086425781,36.112152099609375,66.66000366210938,16.526662826538086
2007-05-03,106.12789916992188,63.85753631591797,45.30397033691406,27.986202239990234,49.46775817871094,51.79859161376953,51.217498779296875,36.20793533325195,67.48999786376953,16.587202072143555
2007-05-04,106.53018951416016,64.26099395751953,45.729801177978516,27.977230072021484,49.669559478759766,51.930015563964844,51.3419303894043,35.89323043823242,68.19000244140625,16.587202072143555
2007-05-07,106.55142974853516,64.07477569580078,45.797935485839844,28.158912658691406,49.8040885925293,51.97381591796875,51.404151916503906,35.99355697631836,68.25,16.617467880249023
2007-05-08,106.41026306152344,63.849735260009766,45.42319107055664,27.79330825805664,49.69198226928711,51.97381591796875,51.37540817260742,35.75639724731445,67.87999725341797,16.5024471282959
2007-05-09,106.69964599609375,64.10578918457031,45.67302703857422,28.241899490356445,49.49578094482422,51.80485534667969,51.2940673828125,36.14407730102539,67.44999694824219,16.526662826538086
2007-05-10,105.58441162109375,63.31435775756836,44.770233154296875,27.551055908203125,49.61347961425781,51.936248779296875,51.31798553466797,35.66061782836914,66.0,16.423748016357422
2007-05-11,106.48786163330078,63.8885383605957,45.52540588378906,28.25087547302246,49.439727783203125,51.82988739013672,51.26536560058594,36.14407730102539,66.44999694824219,16.466123580932617
2007-05-14,106.25495910644531,63.329917907714844,45.35506057739258,27.970495223999023,49.31077194213867,51.75474548339844,51.21271514892578,35.93883514404297,66.27999877929688,16.40558624267578
2007-05-15,106.28315734863281,62.82556915283203,45.434547424316406,28.004146575927734,49.29396438598633,51.74853515625,51.09782028198242,35.39153289794922,66.54000091552734,16.51455307006836
2007-05-16,107.01020050048828,63.166969299316406,45.502681732177734,28.410137176513672,49.26029586791992,51.71723937988281,51.217498779296875,34.953704833984375,65.5999984741211,16.684059143066406
2007-05-17,106.79841613769531,62.678123474121094,45.269893646240234,28.30694580078125,49.05852508544922,51.57954788208008,51.064327239990234,34.34713363647461,65.05999755859375,16.641679763793945
2007-05-18,107.730224609375,63.41523361206055,45.61624526977539,28.452756881713867,48.73337936401367,51.42933654785156,50.920753479003906,34.000526428222656,65.5199966430664,16.762758255004883
2007-05-21,107.67374420166016,64.21443176269531,45.40616226196289,28.50433921813965,48.87914276123047,51.49817657470703,50.98775100708008,34.13734436035156,65.66999816894531,16.635629653930664
2007-05-22,107.58906555175781,64.61014556884766,45.445899963378906,28.508821487426758,48.62685775756836,51.35429382324219,50.82501983642578,34.64357376098633,65.19999694824219,16.66590118408203
2007-05-23,107.60316467285156,64.43942260742188,45.67869186401367,28.463973999023438,48.486698150634766,51.25412368774414,50.77713394165039,34.379058837890625,65.54000091552734,16.617467880249023
2007-05-24,106.6290054321289,63.59372329711914,45.241512298583984,27.779844284057617,48.531532287597656,51.32298278808594,50.839378356933594,33.804412841796875,64.75,16.544822692871094
2007-05-25,107.07374572753906,64.00492095947266,45.53106689453125,28.206012725830078,48.419410705566406,51.26662826538086,50.805843353271484,33.99594497680664,64.94000244140625,16.64773178100586
2007-05-29,107.46198272705078,64.59464263916016,45.58784866333008,28.10956382751465,48.413814544677734,51.160240173339844,50.70533752441406,35.20911407470703,65.06999969482422,16.70827865600586
2007-05-30,108.33726501464844,65.02915954589844,45.7808952331543,28.396669387817383,48.51471710205078,51.210350036621094,50.74363708496094,36.153175354003906,64.72000122070312,16.78696632385254
2007-05-31,108.22430419921875,65.38603973388672,46.00801467895508,28.477426528930664,48.42503356933594,51.191532135009766,50.700557708740234,36.00725173950195,65.54000091552734,16.811185836791992
2007-06-01,108.76077270507812,65.7197036743164,46.30893325805664,29.18844985961914,48.17060852050781,50.970951080322266,50.50630569458008,36.057411193847656,66.44000244140625,16.889881134033203
2007-06-04,108.77489471435547,65.78955078125,46.433860778808594,29.058364868164062,48.39011764526367,51.05268859863281,50.58803176879883,36.20335388183594,66.54000091552734,16.950424194335938
2007-06-05,108.34431457519531,65.52571105957031,46.19538879394531,28.957429885864258,48.08621597290039,50.88931655883789,50.42451095581055,35.62871551513672,66.37000274658203,16.84751319885254
2007-06-06,107.17961120605469,64.79635620117188,45.53106689453125,28.22844123840332,48.0637321472168,50.914432525634766,50.46784591674805,35.38697052001953,66.41000366210938,16.73853874206543
2007-06-07,105.24554443359375,63.45405197143555,44.753196716308594,27.79330825805664,47.20261001586914,50.405487060546875,49.92924499511719,34.27416229248047,65.26000213623047,16.526662826538086
2007-06-08,106.61490631103516,64.28426361083984,45.241512298583984,28.284528732299805,47.16319274902344,50.499717712402344,49.95328903198242,34.684635162353516,64.22000122070312,16.623517990112305
2007-06-11,106.79841613769531,64.29975128173828,45.394805908203125,28.526762008666992,47.02812957763672,50.36775588989258,49.79943084716797,34.164703369140625,64.69999694824219,16.714323043823242
2007-06-12,105.63378143310547,63.23678970336914,44.588539123535156,28.031063079833984,46.34709930419922,50.0096321105957,49.530094146728516,33.571800231933594,64.0999984741211,16.556936264038086
2007-06-13,107.21492767333984,64.0825424194336,45.167694091796875,28.591814041137695,46.898704528808594,50.17299270629883,49.74652862548828,34.31520462036133,64.52999877929688,16.684059143066406
2007-06-14,107.89957427978516,64.66445922851562,45.502681732177734,29.04042625427246,46.780513763427734,50.18559265136719,49.7320556640625,33.94578552246094,64.5999984741211,16.70827865600586
2007-06-15,108.51358795166016,65.4326400756836,45.87175750732422,29.702104568481445,47.10130310058594,50.405487060546875,49.92924499511719,34.31978225708008,64.8499984741211,16.74420928955078
2007-06-18,108.38589477539062,65.30850982666016,46.12725067138672,29.729022979736328,47.00562286376953,50.38035202026367,49.9244270324707,33.790714263916016,64.94999694824219,16.658937454223633
2007-06-19,108.65526580810547,65.47917938232422,46.17267608642578,29.762676239013672,47.44462966918945,50.62541580200195,50.246612548828125,33.85457229614258,65.4800033569336,16.5371150970459
2007-06-20,107.14533233642578,64.3463363647461,45.62759780883789,29.50921630859375,47.06193923950195,50.462039947509766,50.00617980957031,32.837528228759766,64.70999908447266,16.518842697143555
2007-06-21,107.74081420898438,64.85065460205078,46.042083740234375,29.877073287963867,46.83677673339844,50.399208068847656,49.8763427734375,33.01994323730469,64.55999755859375,16.567569732666016
2007-06-22,106.72711944580078,64.33857727050781,45.40616226196289,29.48229217529297,47.14070510864258,50.54997634887695,50.01097869873047,32.896812438964844,64.77999877929688,16.47620391845703
2007-06-25,106.2166976928711,64.00492095947266,45.394805908203125,29.25799560546875,47.39960861206055,50.71339416503906,50.06870651245117,32.35743713378906,64.43000030517578,16.40311622619629
2007-06-26,105.12492370605469,63.5316047668457,45.167694091796875,29.00228500366211,47.41085433959961,50.725948333740234,50.05908966064453,32.232757568359375,63.619998931884766,16.3604793548584
2007-06-27,106.62073516845703,64.85845184326172,45.491329193115234,29.415008544921875,47.455848693847656,50.71971893310547,50.05908966064453,33.05936050415039,63.66999816894531,16.488384246826172
2007-06-28,106.60655212402344,64.84988403320312,45.52540588378906,29.421733856201172,47.44462966918945,50.6882438659668,50.00617980957031,32.88849639892578,64.26000213623047,16.45793342590332
2007-06-29,106.64202117919922,64.44562530517578,45.86039733886719,29.52490997314453,47.93427276611328,50.9521598815918,50.289878845214844,32.76380920410156,64.2699966430664,16.47620391845703
2007-07-02,107.60612487792969,65.27747344970703,46.52470779418945,30.123809814453125,48.186248779296875,51.02976608276367,50.16525650024414,33.521148681640625,65.0199966430664,16.610214233398438
2007-07-03,107.99600982666016,65.58842468261719,46.74614334106445,30.363801956176758,47.89244079589844,50.87833786010742,50.17491912841797,33.42877197265625,64.73999786376953,16.604116439819336
2007-07-05,107.88264465332031,65.69721221923828,46.51335144042969,30.498390197753906,47.3557243347168,50.594505310058594,49.85124969482422,33.93212890625,64.41999816894531,16.591936111450195
2007-07-06,108.44976806640625,65.92269897460938,46.848350524902344,31.021013259887695,47.16365051269531,50.47465133666992,49.75465393066406,33.89056396484375,64.95999908447266,16.689390182495117
2007-07-09,108.53482818603516,65.8604965209961,46.961910247802734,31.321571350097656,47.333133697509766,50.657569885253906,49.85609436035156,33.86749267578125,65.37999725341797,16.689390182495117
2007-07-10,106.98936462402344,64.7799301147461,46.38843536376953,30.704742431640625,48.1353759765625,51.004539489746094,50.199058532714844,33.00856018066406,65.61000061035156,16.5371150970459
2007-07-11,107.74796295166016,65.16862487792969,46.82563781738281,30.958209991455078,47.63819122314453,50.827877044677734,49.97206497192383,32.94389724731445,65.44000244140625,16.616296768188477
2007-07-12,109.4493408203125,65.93821716308594,47.47859573364258,31.63783836364746,47.4743766784668,50.68281173706055,49.77397155761719,33.36875534057617,66.0199966430664,16.756389617919922
2007-07-13,109.77539825439453,66.00041961669922,47.444515228271484,32.030372619628906,47.60429763793945,50.7963752746582,49.99134063720703,33.68738555908203,66.02999877929688,16.872116088867188
2007-07-16,109.7612533569336,65.6739273071289,47.33664321899414,31.71634292602539,48.06192398071289,50.99817657470703,50.12177658081055,33.405704498291016,65.81999969482422,16.80512237548828
2007-07-17,109.70448303222656,65.72059631347656,47.17766571044922,31.69167709350586,47.960227966308594,50.89093780517578,50.01551818847656,33.28562545776367,65.75,16.725934982299805
2007-07-18,109.50597381591797,65.51063537597656,47.013023376464844,31.303630828857422,48.14104461669922,51.07386779785156,50.16042709350586,33.211753845214844,66.62000274658203,16.732030868530273
2007-07-19,109.93138122558594,65.69721221923828,47.27986526489258,31.615407943725586,48.129756927490234,51.067588806152344,50.054168701171875,33.336421966552734,67.01000213623047,16.786853790283203
2007-07-20,108.81835174560547,64.71775817871094,46.79157257080078,31.397830963134766,48.56474304199219,51.319908142089844,50.1942253112793,32.75459289550781,67.58000183105469,16.689390182495117
2007-07-23,109.1515884399414,64.47671508789062,47.075469970703125,32.30626678466797,48.48566436767578,51.30095672607422,50.136287689208984,32.18656921386719,67.47000122070312,16.689390182495117
2007-07-24,107.25872802734375,62.96860122680664,46.3657341003418,31.20044708251953,48.66644287109375,51.43976593017578,50.07349395751953,31.53546142578125,67.47000122070312,16.567569732666016
2007-07-25,107.47854614257812,62.73539733886719,46.24080276489258,31.37989044189453,48.762481689453125,51.50916290283203,50.112186431884766,31.19373893737793,66.9000015258789,16.567569732666016
2007-07-26,104.93355560302734,61.05623245239258,44.70211410522461,29.78062629699707,49.169254302978516,51.91911315917969,50.005859375,30.62111473083496,65.6500015258789,16.32392692565918
2007-07-27,102.87054443359375,59.57142639160156,44.08320617675781,29.394817352294922,49.31051254272461,52.02006530761719,49.82229995727539,29.605182647705078,65.41000366210938,16.104656219482422
2007-07-30,104.47981262207031,60.60532760620117,44.86675262451172,30.357078552246094,49.169254302978516,51.887603759765625,49.899593353271484,30.17780303955078,65.7699966430664,16.141202926635742
2007-07-31,103.30304718017578,59.93679428100586,44.80997848510742,29.735755920410156,49.52519226074219,52.10207748413086,49.87546157836914,30.057735443115234,65.79000091552734,16.007192611694336
2007-08-01,103.8062973022461,60.263282775878906,44.883785247802734,29.619123458862305,49.41807556152344,51.957698822021484,50.036582946777344,30.454875946044922,65.93000030517578,16.24474334716797
2007-08-02,104.63579559326172,60.737483978271484,45.02005386352539,29.946598052978516,49.54280090332031,51.99567413330078,49.96861267089844,30.958229064941406,65.88999938964844,16.26302146911621
2007-08-03,101.94188690185547,58.57633972167969,44.2081184387207,28.654617309570312,49.871734619140625,52.331275939941406,50.216190338134766,29.762197494506836,66.69000244140625,16.232566833496094
2007-08-06,103.65040588378906,59.10497283935547,44.69074630737305,29.16603660583496,49.508758544921875,52.122314453125,50.04145431518555,30.80121421813965,66.5199966430664,16.652843475341797
2007-08-07,104.75633239746094,60.014530181884766,44.84404373168945,29.38359260559082,49.469058990478516,52.11598205566406,50.17732238769531,30.972078323364258,66.4800033569336,16.610214233398438
2007-08-08,106.2166976928711,61.81803894042969,45.57081985473633,30.370532989501953,48.86784362792969,51.75503158569336,50.23069381713867,32.195831298828125,66.7699966430664,16.90258026123047
2007-08-09,103.06904602050781,60.39542770385742,44.27058029174805,29.11443328857422,48.93589782714844,52.04637145996094,50.187034606933594,31.840234756469727,65.45999908447266,16.59803009033203
2007-08-10,102.5870361328125,60.6830940246582,43.50974655151367,28.609752655029297,48.82248306274414,51.9703254699707,49.963783264160156,30.879716873168945,66.56999969482422,16.506664276123047
2007-08-13,102.95564270019531,60.3565559387207,43.59490203857422,28.892379760742188,48.96428298950195,52.052677154541016,50.138511657714844,30.731948852539062,66.26000213623047,16.45793342590332
2007-08-14,101.3818588256836,59.32266616821289,43.17474365234375,28.145444869995117,49.0947151184082,52.24264907836914,50.45396423339844,29.849937438964844,66.29000091552734,16.196020126342773
2007-08-15,99.98528289794922,58.459747314453125,42.164093017578125,27.03963851928711,48.91889190673828,52.337623596191406,50.31806182861328,29.34657859802246,66.12999725341797,16.110742568969727
2007-08-16,100.73675537109375,59.757965087890625,41.982383728027344,26.579822540283203,49.42367935180664,52.54022979736328,49.82787322998047,30.524139404296875,64.68000030517578,16.15338134765625
2007-08-17,102.5870361328125,60.95518112182617,42.36848831176758,27.42096519470215,49.22517395019531,52.5782356262207,49.91526412963867,31.21681785583496,65.01000213623047,16.232566833496094
2007-08-20,102.53739166259766,61.00181198120117,42.50475311279297,27.477031707763672,49.25355529785156,52.69221115112305,50.27436447143555,31.78944969177246,65.12000274658203,16.35438346862793
2007-08-21,102.74299621582031,61.17283630371094,42.47636413574219,27.376100540161133,49.49174499511719,52.92020797729492,50.3763427734375,31.93721580505371,65.06999969482422,16.35438346862793
2007-08-22,103.96233367919922,61.90357971191406,43.48134994506836,28.553695678710938,49.41230773925781,52.74924850463867,50.47826385498047,32.325111389160156,65.4000015258789,16.397022247314453
2007-08-23,103.87013244628906,61.110652923583984,43.674400329589844,28.699480056762695,49.58249282836914,52.768226623535156,50.502540588378906,31.770965576171875,65.30999755859375,16.40311622619629
2007-08-24,105.15328216552734,61.90357971191406,44.43523406982422,29.38359260559082,49.82636642456055,52.78723907470703,50.61418533325195,31.941831588745117,66.11000061035156,16.518842697143555
2007-08-27,104.17500305175781,61.04844284057617,43.96397399902344,29.518184661865234,50.087249755859375,52.932861328125,50.47826385498047,31.24915313720703,65.9800033569336,16.445749282836914
2007-08-28,101.88517761230469,59.50922775268555,43.07822799682617,28.318164825439453,50.1723747253418,53.20516586303711,50.91024398803711,30.293243408203125,65.58999633789062,16.256927490234375
2007-08-29,103.88433074951172,61.0717658996582,44.06617736816406,29.439680099487305,50.036224365234375,53.002559661865234,50.6772575378418,31.40155029296875,66.06999969482422,16.397022247314453
2007-08-30,103.60785675048828,60.6597785949707,43.75955581665039,29.289396286010742,50.37087631225586,53.26847457885742,50.82770919799805,31.563159942626953,65.80000305175781,16.342205047607422
2007-08-31,104.62871551513672,61.211669921875,44.526092529296875,30.0452880859375,50.41055679321289,53.28114700317383,51.06557083129883,32.084983825683594,66.5199966430664,16.38484001159668
2007-09-04,105.68499755859375,61.996891021728516,44.93487548828125,30.552213668823242,50.434471130371094,53.181968688964844,50.95242691040039,32.50981521606445,67.44000244140625,16.561479568481445
2007-09-05,104.77045440673828,61.42158889770508,44.28193283081055,30.090160369873047,50.8388557434082,53.5125846862793,51.15236282348633,31.729413986206055,67.55999755859375,16.409208297729492
2007-09-06,105.01152801513672,61.437171936035156,44.44660186767578,30.325664520263672,50.70785140991211,53.398128509521484,51.03535079956055,32.01110076904297,68.86000061035156,16.366565704345703
2007-09-07,103.55115509033203,60.42654800415039,43.90720748901367,29.641557693481445,51.425411224365234,53.97029495239258,51.31328582763672,31.239913940429688,69.38999938964844,16.293468475341797
2007-09-10,103.35263061523438,59.586978912353516,43.72549819946289,29.663982391357422,51.824119567871094,54.09112548828125,51.46444320678711,30.916656494140625,69.62000274658203,16.33610725402832
2007-09-11,104.55785369873047,60.628658294677734,44.48066329956055,30.262866973876953,51.78417205810547,53.9766731262207,51.16697692871094,31.558547973632812,70.5199966430664,16.445749282836914
2007-09-12,104.82717895507812,60.247737884521484,44.526092529296875,30.370532989501953,51.590572357177734,53.84315872192383,50.957305908203125,31.37383460998535,70.45999908447266,16.531021118164062
2007-09-13,105.56444549560547,60.39542770385742,44.71345520019531,30.706985473632812,51.1292724609375,53.52531433105469,50.884178161621094,32.080360412597656,70.08000183105469,16.579753875732422
2007-09-14,105.55734252929688,60.70640182495117,44.452274322509766,30.767547607421875,51.203338623046875,53.595237731933594,51.025569915771484,32.28817367553711,69.98999786376953,16.677200317382812
2007-09-17,104.99024200439453,60.0378303527832,43.82770919799805,30.57240867614746,51.44819641113281,53.62703323364258,51.00605010986328,32.05266571044922,70.97000122070312,16.579753875732422
2007-09-18,108.08113098144531,62.5954475402832,45.25286102294922,32.052799224853516,51.0609245300293,53.56980514526367,51.12797164916992,33.19326400756836,71.69999694824219,16.90258026123047
2007-09-19,108.7190933227539,63.43505096435547,45.66167449951172,32.19859313964844,50.5882453918457,53.37911605834961,50.84516906738281,33.816688537597656,71.43000030517578,16.914752960205078
2007-09-20,107.9535140991211,62.80537414550781,45.621910095214844,32.09765625,49.63150405883789,52.77507781982422,50.75247573852539,32.93928146362305,72.72000122070312,16.933032989501953
2007-09-21,108.24481201171875,62.9375,45.82066345214844,32.52383804321289,50.05290222167969,53.04210662841797,50.99143600463867,33.17479705810547,72.33999633789062,16.94160270690918
2007-09-24,108.04540252685547,62.45551681518555,45.922855377197266,32.92757797241211,50.195308685302734,53.112030029296875,51.245033264160156,33.80376052856445,72.27999877929688,16.92935562133789
2007-09-25,107.83171081542969,62.20225524902344,45.979644775390625,32.80420684814453,50.01876449584961,53.11839294433594,51.21572494506836,32.963897705078125,72.33000183105469,16.904855728149414
2007-09-26,108.40148162841797,62.747764587402344,46.20673751831055,33.241600036621094,50.0643424987793,53.13747787475586,51.342498779296875,33.44448471069336,72.0,17.02123260498047
2007-09-27,109.04258728027344,63.12179946899414,46.819950103759766,33.73506546020508,50.411720275878906,53.30911636352539,51.474205017089844,33.70109176635742,72.69999694824219,17.08247184753418
2007-09-28,108.67931365966797,62.373687744140625,46.893768310546875,33.52197265625,50.52558898925781,53.328243255615234,51.44007873535156,33.34184265136719,73.51000213623047,17.137609481811523
2007-10-01,109.90443420410156,63.92445755004883,47.49562454223633,34.576202392578125,50.814334869384766,53.39201736450195,51.10841751098633,34.15370178222656,73.9000015258789,17.088605880737305
2007-10-02,109.75484466552734,64.33749389648438,47.37638854980469,34.81171798706055,50.974388122558594,53.506893157958984,51.059391021728516,34.774234771728516,72.3499984741211,17.094728469848633
2007-10-03,109.53402709960938,64.15824890136719,47.16062927246094,33.75749969482422,50.825740814208984,53.46860122680664,51.2896614074707,34.60626220703125,71.9000015258789,17.05185890197754
2007-10-04,109.7049560546875,64.25955200195312,47.325294494628906,34.093963623046875,51.02015686035156,53.5643196105957,51.696258544921875,34.96086883544922,72.87000274658203,17.088605880737305
2007-10-05,111.00843811035156,65.56098175048828,47.80790710449219,35.231163024902344,50.47127914428711,53.09211349487305,51.4856071472168,35.78206253051758,73.4000015258789,17.149860382080078
2007-10-08,110.41728210449219,65.07002258300781,47.36503601074219,34.856571197509766,50.431251525878906,53.28349685668945,51.6668701171875,35.105499267578125,72.52999877929688,17.039609909057617
2007-10-09,111.4571762084961,65.59994506835938,47.89308547973633,35.39939880371094,50.36838150024414,53.11760330200195,51.441532135009766,35.4974479675293,73.08999633789062,17.137609481811523
2007-10-10,111.27201080322266,65.54537200927734,47.80223846435547,35.446495056152344,50.3969841003418,53.168663024902344,51.62277603149414,35.250152587890625,73.36000061035156,17.211103439331055
2007-10-11,110.73779296875,64.80506896972656,48.023677825927734,35.13472366333008,50.34549331665039,53.175045013427734,51.73054122924805,35.11017990112305,73.91000366210938,17.253982543945312
2007-10-12,111.35039520263672,65.31939697265625,48.2337532043457,35.77622985839844,50.09968185424805,52.99635696411133,51.446414947509766,34.778900146484375,74.58999633789062,17.290727615356445
2007-10-15,110.41014862060547,64.56348419189453,47.84196853637695,35.338829040527344,50.11111068725586,53.047420501708984,51.60806655883789,34.12569046020508,75.13999938964844,17.23560333251953
2007-10-16,109.53402709960938,63.82315444946289,47.10384750366211,34.683860778808594,50.12825012207031,53.19420623779297,51.696258544921875,33.710418701171875,75.12000274658203,17.162107467651367
2007-10-17,109.8687973022461,64.0725326538086,47.603515625,35.48462677001953,50.6771354675293,53.51962661743164,51.94123077392578,33.659114837646484,74.5,17.22335433959961
2007-10-18,109.46996307373047,63.916648864746094,47.717063903808594,35.66407012939453,50.957271575927734,53.72389221191406,51.94608688354492,33.66846466064453,76.0,17.162107467651367
2007-10-19,106.60657501220703,61.63338088989258,46.6666374206543,34.13882064819336,51.7176399230957,54.18328857421875,52.284080505371094,32.23604202270508,75.69999694824219,16.984481811523438
2007-10-22,107.2262954711914,62.934776306152344,46.6098747253418,34.38554763793945,51.72331237792969,54.08118438720703,52.284080505371094,33.08056640625,74.5999984741211,17.094728469848633
2007-10-23,108.09526824951172,63.41795349121094,47.26850509643555,35.338829040527344,51.65475845336914,54.06837463378906,51.97548294067383,33.43048095703125,75.2300033569336,17.149860382080078
2007-10-24,107.89579772949219,63.01271057128906,47.16630935668945,35.107791900634766,52.03779602050781,54.34282684326172,52.293922424316406,32.870582580566406,75.5199966430664,17.100860595703125
2007-10-25,108.15219116210938,62.85688018798828,47.38206481933594,35.55416488647461,51.860557556152344,54.29814529418945,52.17144775390625,32.94058609008789,76.02999877929688,17.241729736328125
2007-10-26,109.42007446289062,63.90890884399414,48.23942565917969,36.561283111572266,51.74051284790039,54.16413497924805,52.08818435668945,33.43982696533203,77.69000244140625,17.358102798461914
2007-10-29,109.78333282470703,63.83877182006836,48.59146499633789,37.402400970458984,51.94059753417969,54.208797454833984,52.21063995361328,32.8939094543457,78.12000274658203,17.36422348022461
2007-10-30,109.02122497558594,63.332210540771484,48.205379486083984,36.69585037231445,51.91204071044922,54.2662467956543,52.20573806762695,33.34650421142578,77.3499984741211,17.290727615356445
2007-10-31,110.15372467041016,64.15047454833984,48.88671112060547,37.501094818115234,51.44321060180664,53.90248107910156,51.93631362915039,34.04169845581055,78.62000274658203,17.40097427368164
2007-11-01,107.57525634765625,61.672325134277344,47.8590087890625,35.9870719909668,52.111629486083984,54.34247970581055,52.332908630371094,32.45066833496094,77.93000030517578,17.0579833984375
2007-11-02,107.69637298583984,61.97626876831055,48.1258659362793,36.19117736816406,52.278167724609375,54.4897346496582,52.008155822753906,31.98874282836914,79.83000183105469,17.168228149414062
2007-11-05,106.87728118896484,61.15802764892578,47.35934829711914,34.9328498840332,52.25518798828125,54.42570495605469,52.13607406616211,31.526838302612305,79.75,17.192733764648438
2007-11-06,108.3160171508789,62.31136703491211,48.074771881103516,36.25847244262695,52.00250244140625,54.32964324951172,51.81623840332031,31.923439025878906,81.43000030517578,17.309106826782227
2007-11-07,105.35299682617188,60.37872314453125,47.2401237487793,35.10331344604492,52.09440231323242,54.528114318847656,51.78178787231445,30.929628372192383,82.23999786376953,17.119230270385742
2007-11-08,104.8187484741211,60.5579948425293,47.325294494628906,35.28276062011719,52.00250244140625,54.64982986450195,51.865455627441406,31.02294158935547,82.2300033569336,17.241729736328125
2007-11-09,103.37995147705078,59.8878288269043,46.40547180175781,34.45283126831055,52.444664001464844,54.97642517089844,52.096710205078125,30.77097511291504,82.18000030517578,17.076353073120117
2007-11-12,102.35430145263672,59.31111145019531,45.644622802734375,32.546268463134766,52.634178161621094,55.072513580322266,52.077030181884766,31.125577926635742,78.30000305175781,17.088605880737305
2007-11-13,105.47405242919922,61.173622131347656,46.87105178833008,34.8453483581543,52.43892288208008,54.79068374633789,51.81623840332031,32.15672302246094,79.12000274658203,17.345855712890625
2007-11-14,105.1820068359375,60.82292938232422,46.797237396240234,34.879005432128906,52.4963493347168,54.82914733886719,51.5947380065918,31.503501892089844,80.27999877929688,17.43160057067871
2007-11-15,103.66484069824219,59.95795822143555,46.02504348754883,34.07600021362305,52.99013137817383,55.13650131225586,51.79166793823242,31.44752311706543,77.94999694824219,17.419353485107422
2007-11-16,103.8429183959961,59.451393127441406,46.17267608642578,34.49769973754883,53.064842224121094,55.13650131225586,51.79652786254883,30.859643936157227,77.75,17.498977661132812
2007-11-19,102.39701843261719,58.165592193603516,44.95193099975586,32.907386779785156,53.409423828125,55.53356170654297,52.19511795043945,30.1877498626709,77.23999786376953,17.376474380493164
2007-11-20,103.02381134033203,58.50069808959961,45.9569091796875,33.81133270263672,53.35194778442383,55.3862190246582,51.865455627441406,29.604534149169922,79.47000122070312,17.517353057861328
2007-11-21,100.91547393798828,57.277183532714844,44.91786193847656,32.10887908935547,53.66205596923828,55.82172775268555,52.229576110839844,29.399232864379883,79.36000061035156,17.302980422973633
2007-11-23,102.66057586669922,58.49289321899414,46.047760009765625,33.057674407958984,53.8228645324707,55.655216217041016,51.96876525878906,29.977787017822266,81.25,17.48060417175293
2007-11-26,100.39549255371094,56.96550369262695,45.3266716003418,31.745502471923828,54.88517379760742,56.41722106933594,52.82990646362305,28.540729522705078,81.30000305175781,17.302980422973633
2007-11-27,101.54940032958984,57.62786865234375,45.939884185791016,32.961219787597656,54.362632751464844,55.892189025878906,52.377193450927734,29.207927703857422,80.0999984741211,17.486724853515625
2007-11-28,104.79740905761719,59.90337371826172,47.24580383300781,34.766849517822266,53.99510955810547,55.693626403808594,52.01303482055664,30.491031646728516,79.56999969482422,17.76235008239746
2007-11-29,104.83301544189453,59.3890380859375,46.85971450805664,34.34068298339844,54.46027374267578,56.00743865966797,52.209922790527344,30.001115798950195,78.27999877929688,17.854223251342773
2007-11-30,105.88716888427734,59.7319450378418,47.115211486816406,34.63227844238281,54.19605255126953,56.084251403808594,52.465789794921875,30.817642211914062,77.31999969482422,17.878726959228516
2007-12-03,105.18913269042969,59.03057861328125,46.93918991088867,34.33171844482422,54.626182556152344,56.305938720703125,52.48403549194336,30.486360549926758,78.27999877929688,17.81134033203125
2007-12-04,104.24895477294922,58.40715789794922,46.64396286010742,34.24199295043945,54.620418548583984,56.35733413696289,52.50875473022461,29.665191650390625,79.4000015258789,17.786849975585938
2007-12-05,105.99403381347656,59.56827163696289,47.183345794677734,35.76276397705078,53.96895217895508,56.14533615112305,52.31110382080078,30.663679122924805,78.62999725341797,17.86033821105957
2007-12-06,107.51119995117188,60.978759765625,47.631900787353516,36.32575988769531,53.49618911743164,55.84975814819336,51.925575256347656,31.63882064819336,79.37000274658203,17.854223251342773
2007-12-07,107.4898452758789,61.165836334228516,47.444515228271484,35.89509963989258,52.896575927734375,55.489952087402344,51.48085021972656,31.526838302612305,78.5999984741211,18.04410171508789
2007-12-10,108.32319641113281,61.64895248413086,47.93282699584961,35.90630340576172,52.57948684692383,55.36141586303711,51.51541519165039,32.20338821411133,80.0,18.06246566772461
2007-12-11,105.35299682617188,59.49816131591797,46.68367385864258,34.38554763793945,53.611454010009766,56.1196174621582,52.014617919921875,30.505027770996094,78.83999633789062,17.86647605895996
2007-12-12,106.39288330078125,59.93455123901367,47.62053298950195,35.417327880859375,53.058006286621094,55.65058898925781,51.85148620605469,30.402381896972656,80.48999786376953,17.91547203063965
2007-12-13,106.17207336425781,59.60725021362305,46.649627685546875,34.44386672973633,52.48149871826172,55.23932647705078,51.55494689941406,30.05710792541504,78.5,17.99509620666504
2007-12-14,104.82594299316406,58.44613265991211,45.38913345336914,33.6229133605957,52.2393684387207,55.07866287231445,50.97175979614258,29.301244735717773,78.5199966430664,17.774599075317383
2007-12-17,103.33011627197266,57.549930572509766,44.42387390136719,32.18962860107422,52.70634460449219,55.40640640258789,51.46601867675781,28.396085739135742,78.12999725341797,17.652101516723633
2007-12-18,103.90705871582031,58.57859420776367,44.980316162109375,33.073387145996094,53.04645919799805,55.515663146972656,51.62418746948242,28.83466148376465,79.25,17.572479248046875
2007-12-19,103.90705871582031,58.991600036621094,44.61125946044922,33.28870391845703,53.7498664855957,55.95901107788086,52.02937698364258,29.128616333007812,79.23999786376953,17.719478607177734
2007-12-20,104.5623550415039,59.88002014160156,44.92921447753906,33.470394134521484,53.63454055786133,55.8690299987793,51.777347564697266,29.00718879699707,78.66999816894531,17.639850616455078
2007-12-21,106.06966400146484,61.25155258178711,45.57081985473633,34.47975158691406,52.850440979003906,55.46422576904297,51.72298812866211,29.576343536376953,80.0999984741211,18.06279754638672
2007-12-24,106.85729217529297,61.69573211669922,45.75716018676758,35.062923431396484,52.60258483886719,55.30361557006836,51.46110153198242,30.53439712524414,80.13999938964844,18.038171768188477
2007-12-26,107.0864486694336,61.984073638916016,45.8852653503418,35.244667053222656,52.1413459777832,55.04014587402344,51.47587585449219,30.026912689208984,81.5199966430664,17.97660255432129
2007-12-27,105.74026489257812,60.51173782348633,45.605743408203125,34.431365966796875,52.70973205566406,55.40966796875,51.781192779541016,29.429302215576172,81.55999755859375,17.80422592163086
2007-12-28,105.47528839111328,59.862728118896484,45.99589920043945,34.560855865478516,53.531707763671875,55.85469436645508,51.94503402709961,28.912349700927734,83.0,17.871944427490234
2007-12-31,104.69483947753906,59.3466796875,45.7105827331543,34.14511489868164,53.85588455200195,56.11260223388672,52.04426956176758,29.149484634399414,82.45999908447266,17.730348587036133
2008-01-02,103.77825927734375,58.76808547973633,45.54752731323242,33.58170700073242,54.63150405883789,56.51245880126953,52.65983581542969,29.059371948242188,84.86000061035156,17.47793960571289
2008-01-03,103.72814178466797,58.11911392211914,45.62321090698242,33.88385772705078,54.556312561035156,56.62849044799805,52.48613357543945,28.15349578857422,85.56999969482422,17.385591506958008
2008-01-04,101.18614196777344,56.36763000488281,44.58673095703125,32.8661003112793,54.567840576171875,56.77682876586914,52.9179573059082,27.01046371459961,85.12999725341797,17.31171226501465
2008-01-07,101.1002426147461,56.49275207519531,44.63332748413086,33.10690689086914,54.8051872253418,56.88007736206055,52.853485107421875,27.261837005615234,84.7699966430664,17.514881134033203
2008-01-08,99.46757507324219,54.74906921386719,44.38292694091797,32.850189208984375,54.74150848388672,57.002567291259766,52.754146575927734,26.318010330200195,86.77999877929688,17.385591506958008
2008-01-09,100.5130615234375,55.304237365722656,44.70320510864258,33.9270133972168,54.8457145690918,56.91229248046875,52.64500427246094,26.782808303833008,86.55000305175781,17.61954116821289
2008-01-10,101.17184448242188,56.062686920166016,44.65660095214844,34.326866149902344,54.104793548583984,56.75754928588867,52.491050720214844,27.195436477661133,88.25,17.650318145751953
2008-01-11,100.3554916381836,54.90547561645508,43.76569366455078,33.36134719848633,54.52731704711914,57.118614196777344,52.8732795715332,27.200176239013672,88.58000183105469,17.404064178466797
2008-01-14,101.1646499633789,55.35895919799805,44.464447021484375,33.85205078125,54.72991180419922,57.14444351196289,52.654876708984375,27.08634376525879,89.54000091552734,17.330184936523438
2008-01-15,98.93771362304688,54.34249496459961,43.02033615112305,32.32087326049805,55.343509674072266,57.51847839355469,52.937835693359375,26.536174774169922,87.98999786376953,17.145490646362305
2008-01-16,98.08562469482422,54.397220611572266,42.15272521972656,30.975948333740234,54.944122314453125,57.40886688232422,52.85837936401367,26.83971405029297,86.69999694824219,17.083932876586914
2008-01-17,95.54354858398438,53.075801849365234,41.51801300048828,30.074052810668945,55.65607452392578,57.873199462890625,53.10660171508789,26.474519729614258,86.5,16.9608097076416
2008-01-18,94.56258392333984,52.55974197387695,41.75675582885742,30.76013946533203,55.274044036865234,57.789363861083984,53.01729202270508,26.123563766479492,87.41999816894531,16.71454620361328
2008-01-22,93.60310363769531,52.18443298339844,40.5921516418457,29.987730026245117,55.86444091796875,58.43424987792969,53.13144302368164,26.749614715576172,88.16999816894531,16.54216957092285
2008-01-23,95.85151672363281,53.967185974121094,40.35340881347656,30.17854881286621,55.73707580566406,58.16340255737305,53.200923919677734,29.287025451660156,87.88999938964844,16.745323181152344
2008-01-24,96.66063690185547,53.92808532714844,41.76840591430664,30.76468276977539,54.61992263793945,57.634559631347656,52.74916458129883,28.599315643310547,90.08000183105469,16.665294647216797
2008-01-25,95.26433563232422,53.53713607788086,41.16280746459961,30.296703338623047,55.540348052978516,58.169864654541016,53.320098876953125,28.433307647705078,90.30000305175781,16.437511444091797
2008-01-28,96.8396987915039,54.670894622802734,41.62282180786133,31.046375274658203,55.33193588256836,57.95702362060547,53.305179595947266,29.396121978759766,91.75,16.566795349121094
2008-01-29,97.31941223144531,54.8116455078125,41.87322235107422,30.894166946411133,54.955665588378906,57.72487258911133,53.21584701538086,29.130508422851562,91.1500015258789,16.61604881286621
2008-01-30,96.6033706665039,54.12356948852539,41.68104934692383,30.487524032592773,54.59679412841797,57.69900131225586,53.20587158203125,28.35269546508789,92.05999755859375,16.49907875061035
2008-01-31,98.36485290527344,55.46843338012695,42.12360382080078,31.0986328125,54.984642028808594,57.995723724365234,53.37961959838867,28.92181968688965,91.4000015258789,16.745323181152344
2008-02-01,99.94734191894531,56.774227142333984,42.82819366455078,31.71883773803711,55.31517028808594,58.18395233154297,53.6060791015625,30.13125228881836,89.3499984741211,16.911556243896484
2008-02-04,98.68712615966797,56.13306427001953,42.391456604003906,31.8165225982666,54.74589538574219,57.86052703857422,53.46143341064453,29.81822395324707,89.0999984741211,16.80689239501953
2008-02-05,96.04485321044922,54.694339752197266,40.44657516479492,30.10358238220215,55.16411209106445,58.268089294433594,53.64593505859375,28.76531410217285,87.68000030517578,16.57910919189453
2008-02-06,95.271484375,53.967185974121094,40.41163635253906,29.61060905456543,54.99565505981445,58.16456604003906,53.35671615600586,28.295772552490234,88.94999694824219,16.511390686035156
2008-02-07,95.9016342163086,54.819454193115234,40.20783996582031,30.112674713134766,53.81070327758789,57.511131286621094,52.743309020996094,28.964506149291992,89.8499984741211,16.683765411376953
2008-02-08,95.28580474853516,54.475425720214844,39.79438400268555,30.055871963500977,54.4264030456543,57.99637985229492,52.94276428222656,28.039663314819336,91.0,16.49907875061035
2008-02-11,95.77275085449219,54.49888229370117,40.00402069091797,30.428455352783203,54.65300750732422,58.12575912475586,53.10236358642578,27.470518112182617,91.33000183105469,16.708391189575195
2008-02-12,96.66063690185547,54.9289436340332,40.8658447265625,30.919170379638672,54.32768630981445,58.00282669067383,53.027565002441406,28.25308609008789,89.33000183105469,16.930023193359375
2008-02-13,97.6487808227539,56.1721305847168,41.145328521728516,31.614328384399414,53.75260925292969,57.75700378417969,52.49391174316406,28.476011276245117,89.44000244140625,16.84998893737793
2008-02-14,96.7895278930664,54.874202728271484,40.95899963378906,31.207677841186523,52.9626350402832,57.43998336791992,52.37923812866211,27.944799423217773,89.70999908447266,16.763805389404297
2008-02-15,96.76805877685547,54.63179397583008,41.11039733886719,31.430320739746094,53.369232177734375,57.562950134277344,52.548805236816406,28.172468185424805,89.1500015258789,16.83767318725586
2008-02-19,97.04016876220703,55.304237365722656,41.5121955871582,31.84151268005371,52.82905960083008,57.14890670776367,52.03012466430664,28.101322174072266,91.58000183105469,17.10855484008789
2008-02-20,97.32659149169922,55.33552169799805,41.29673767089844,32.107322692871094,53.19499588012695,57.09718704223633,52.14483642578125,28.276813507080078,93.23999786376953,16.745323181152344
2008-02-21,96.51747131347656,54.279937744140625,41.22103500366211,31.657495498657227,53.7584228515625,57.68584442138672,52.50389099121094,27.50846290588379,93.25,16.80689239501953
2008-02-22,97.11177825927734,54.279937744140625,41.7451057434082,32.08232498168945,53.45058822631836,57.524166107177734,52.299442291259766,28.286283493041992,93.38999938964844,16.991580963134766
2008-02-25,98.33626556396484,55.33552169799805,42.408935546875,32.679813385009766,52.90459442138672,57.14243698120117,51.96529769897461,29.149484634399414,92.73999786376953,17.016210556030273
2008-02-26,99.07380676269531,55.851593017578125,43.03782272338867,33.11144256591797,52.92204666137695,57.284759521484375,52.339378356933594,29.14475440979004,93.70999908447266,17.225528717041016
2008-02-27,98.97354125976562,55.8281135559082,43.177574157714844,33.390872955322266,52.968475341796875,57.42060089111328,52.28944778442383,29.00718879699707,94.77999877929688,16.991580963134766
2008-02-28,98.0068588256836,54.983638763427734,42.76412582397461,33.03193664550781,53.90946578979492,58.093379974365234,52.66849899291992,28.409605026245117,95.98999786376953,17.02236557006836
2008-02-29,95.82286834716797,53.84207534790039,41.692710876464844,31.71883773803711,54.73429489135742,58.71443557739258,53.00267028808594,28.001718521118164,96.18000030517578,16.70223045349121
2008-03-03,95.5937271118164,53.32600021362305,41.81497573852539,31.89148712158203,54.593204498291016,58.56521224975586,53.001617431640625,28.196178436279297,97.23999786376953,16.868457794189453
2008-03-04,95.22853088378906,53.01325225830078,41.1802864074707,31.150875091552734,54.062652587890625,58.34455108642578,52.69110870361328,27.93058204650879,95.18000030517578,16.856143951416016
2008-03-05,95.83000946044922,53.5214958190918,41.67522430419922,31.805166244506836,53.415523529052734,58.09148025512695,52.32051467895508,28.31475257873535,97.72000122070312,16.899240493774414
2008-03-06,93.84654998779297,51.73873519897461,41.08127975463867,30.71470069885254,53.70122528076172,58.55870819091797,52.25037384033203,27.024688720703125,96.5,16.745323181152344
2008-03-07,92.8798599243164,51.57454299926758,40.59796905517578,30.289867401123047,53.77113342285156,58.75986099243164,52.14020919799805,27.465776443481445,96.08999633789062,16.665294647216797
2008-03-10,91.65541076660156,50.43295669555664,40.394168853759766,29.758272171020508,54.56406021118164,59.18172073364258,52.13024139404297,27.076873779296875,95.87000274658203,16.57910919189453
2008-03-11,94.94927978515625,52.6223030090332,41.669403076171875,31.75973129272461,54.09764099121094,58.539249420166016,51.53422927856445,28.83646011352539,95.98999786376953,16.930023193359375
2008-03-12,94.06135559082031,52.012413024902344,41.669403076171875,31.171327590942383,55.14122772216797,59.21409606933594,52.155242919921875,28.229368209838867,97.01000213623047,16.88692283630371
2008-03-13,94.26902770996094,53.05235290527344,41.73927688598633,30.88735580444336,54.709808349609375,58.902610778808594,51.589324951171875,28.561376571655273,98.33999633789062,16.88692283630371
2008-03-14,92.80828094482422,51.715309143066406,40.73189163208008,29.792354583740234,55.386085510253906,59.51260757446289,51.559295654296875,27.982751846313477,98.70999908447266,16.597576141357422
2008-03-17,91.87020111083984,50.870819091796875,40.11466979980469,29.056289672851562,55.8116455078125,59.81112289428711,51.97996520996094,28.15349578857422,99.16999816894531,16.505231857299805
2008-03-18,95.6867904663086,53.20872116088867,41.34331512451172,30.56703758239746,55.59596252441406,59.402320861816406,51.88482666015625,29.391361236572266,96.5,16.80689239501953
2008-03-19,93.31668090820312,51.879486083984375,39.846805572509766,28.73141860961914,56.517112731933594,59.914947509765625,52.110164642333984,29.1684513092041,93.04000091552734,16.899240493774414
2008-03-20,95.04513549804688,52.76305389404297,40.44657516479492,29.21531105041504,56.657039642333984,60.044761657714844,52.385597229003906,30.140735626220703,89.91000366210938,17.094820022583008
2008-03-24,96.94489288330078,54.81496810913086,41.186100006103516,30.33530044555664,55.56098937988281,58.98695373535156,52.28544616699219,30.81896209716797,90.0999984741211,17.286685943603516
2008-03-25,97.03846740722656,54.995121002197266,41.785858154296875,30.801023483276367,55.794212341308594,59.194637298583984,52.52083206176758,30.8978271484375,92.7300033569336,17.330015182495117
2008-03-26,95.85111236572266,54.540870666503906,41.785858154296875,30.551130294799805,55.56098937988281,59.2401237487793,52.5859489440918,30.305206298828125,93.80000305175781,17.18765640258789
2008-03-27,95.54886627197266,54.03962326049805,41.75092697143555,30.403472900390625,55.17038345336914,59.16223907470703,52.26543426513672,30.056673049926758,93.45999908447266,17.27431297302246
2008-03-28,94.63497161865234,53.40525817871094,41.71599197387695,30.348941802978516,55.70673370361328,59.39582824707031,52.54592514038086,29.7030086517334,91.87999725341797,17.2557430267334
2008-03-31,94.96602630615234,53.483577728271484,41.867401123046875,30.52840232849121,55.904964447021484,59.4996452331543,52.68611145019531,29.817724227905273,90.41000366210938,17.24336051940918
2008-04-01,98.30493927001953,55.441532135009766,43.1892204284668,31.70064926147461,54.99512481689453,58.97942352294922,52.60210418701172,31.51433753967285,86.86000061035156,17.453798294067383
2008-04-02,98.36970520019531,55.574676513671875,43.28238296508789,31.7233829498291,55.11219787597656,58.7840576171875,52.69267654418945,31.36142349243164,89.2699966430664,17.459993362426758
2008-04-03,98.6143798828125,55.74696350097656,43.41048812866211,32.10959243774414,55.23515701293945,58.7840576171875,52.71782684326172,32.07829666137695,89.41999816894531,17.410472869873047
2008-04-04,98.50640869140625,55.73131561279297,43.55606460571289,31.980098724365234,55.73868179321289,59.23333740234375,53.35696029663086,31.571699142456055,90.25,17.55901336669922
2008-04-07,98.55680084228516,55.637306213378906,43.82392120361328,32.404911041259766,55.445919036865234,58.84267044067383,53.41735076904297,31.280168533325195,91.16999816894531,17.447608947753906
2008-04-08,98.4560775756836,55.582496643066406,43.36391830444336,32.22771453857422,55.25272750854492,58.849124908447266,53.22610092163086,31.237144470214844,90.3499984741211,17.44141960144043
2008-04-09,97.74363708496094,54.67400360107422,43.008697509765625,31.72564697265625,55.82650375366211,59.200775146484375,53.07011032104492,30.453353881835938,92.29000091552734,17.268115997314453
2008-04-10,97.8803939819336,55.253578186035156,42.8747673034668,32.18000793457031,55.63916015625,58.96635437011719,53.120445251464844,30.74966049194336,91.7699966430664,17.311447143554688
2008-04-11,95.98062133789062,53.83599853515625,42.29829788208008,31.655223846435547,56.013877868652344,59.220306396484375,53.1707878112793,30.372102737426758,91.30000305175781,17.20003890991211
2008-04-14,95.65682220458984,53.67155838012695,42.391456604003906,31.580249786376953,55.68598556518555,59.07057189941406,52.8436279296875,30.195270538330078,91.11000061035156,17.19384765625
2008-04-15,95.87989807128906,54.01613998413086,42.68842697143555,31.9505615234375,54.99512481689453,58.803611755371094,52.73292541503906,30.50114631652832,91.66000366210938,17.299072265625
2008-04-16,98.47769165039062,55.76262664794922,44.03354263305664,32.8956298828125,54.45651626586914,58.406375885009766,52.43095779418945,31.738983154296875,93.2699966430664,17.39809226989746
2008-04-17,98.6215591430664,55.543331146240234,43.544410705566406,32.657100677490234,54.3628044128418,58.26963806152344,52.56683349609375,31.853666305541992,92.55999755859375,17.422855377197266
2008-04-18,99.65059661865234,56.130741119384766,43.85303497314453,33.15006637573242,54.31593322753906,58.211055755615234,52.7983512878418,31.672056198120117,90.62000274658203,17.305255889892578
2008-04-21,99.70099639892578,56.138553619384766,44.19659423828125,33.31817626953125,54.53257369995117,58.21757888793945,52.62724304199219,31.437870025634766,90.25,17.354768753051758
2008-04-22,99.26200103759766,55.112586975097656,43.736576080322266,33.00922775268555,54.71994400024414,58.26308059692383,52.51149368286133,31.36142349243164,90.2699966430664,17.249549865722656
2008-04-23,99.10371398925781,55.253578186035156,43.96366500854492,33.48401641845703,54.53840637207031,58.20456314086914,52.67253875732422,31.753307342529297,89.22000122070312,17.360963821411133
2008-04-24,99.53544616699219,55.786128997802734,43.678340911865234,33.05465316772461,54.07586669921875,57.748783111572266,52.60210418701172,32.38417434692383,87.22000122070312,17.385719299316406
2008-04-25,100.45654296875,56.31086730957031,44.039371490478516,33.2977294921875,53.759727478027344,57.670562744140625,52.62724304199219,32.5657844543457,87.2699966430664,17.286685943603516
2008-04-28,100.47810363769531,56.68680953979492,44.295570373535156,33.23412322998047,53.923648834228516,57.7747802734375,52.87887954711914,32.52275848388672,87.69000244140625,17.391904830932617
2008-04-29,100.08233642578125,56.185546875,43.90545654296875,32.64573669433594,54.12859344482422,57.878990173339844,53.04498291015625,32.16910171508789,85.80999755859375,17.410472869873047
2008-04-30,99.49227142333984,55.91926956176758,44.144187927246094,33.31817626953125,54.51500701904297,58.06134033203125,53.34185028076172,31.719858169555664,86.6500015258789,17.113388061523438
2008-05-01,101.55036926269531,56.88258361816406,44.412044525146484,33.67258071899414,54.5185661315918,58.05475997924805,53.65677261352539,32.40328598022461,83.98999786376953,17.422855377197266
2008-05-02,101.83100128173828,56.81991958618164,44.534339904785156,33.99517059326172,53.831031799316406,57.584495544433594,53.343379974365234,32.374603271484375,84.58000183105469,17.39809226989746
2008-05-05,101.3416976928711,56.60063171386719,44.610015869140625,33.970191955566406,53.831031799316406,57.66934585571289,53.41923522949219,32.28380584716797,86.2699966430664,17.33620262145996
2008-05-06,102.21957397460938,57.062713623046875,44.941932678222656,34.34956741333008,53.44319534301758,57.48651123046875,53.075477600097656,32.508419036865234,86.62999725341797,17.447608947753906
2008-05-07,100.39900207519531,56.04457092285156,44.15582275390625,33.3272705078125,53.672367095947266,57.71513366699219,53.217002868652344,31.624258041381836,85.81999969482422,17.280498504638672
2008-05-08,100.13995361328125,56.16204071044922,44.54014587402344,33.67030715942383,54.15419006347656,58.087406158447266,53.45458221435547,31.433103561401367,87.23999786376953,17.330015182495117
2008-05-09,99.95283508300781,55.997589111328125,44.18494415283203,33.39542007446289,54.35397720336914,58.15277099609375,53.45458221435547,31.261049270629883,87.41999816894531,17.230981826782227
2008-05-12,101.0754165649414,57.22720718383789,44.62748336791992,33.82478713989258,54.2717170715332,58.05475997924805,53.40406036376953,32.01136779785156,86.98999786376953,17.422855377197266
2008-05-13,101.08983612060547,57.55611801147461,44.47609329223633,33.986080169677734,53.67826843261719,57.57142639160156,53.10076141357422,32.140419006347656,85.38999938964844,17.360963821411133
2008-05-14,101.29851531982422,57.48561096191406,44.47609329223633,34.06787109375,53.701759338378906,57.55183029174805,53.13108444213867,32.34115219116211,85.19999694824219,17.429046630859375
2008-05-15,102.5649642944336,57.603126525878906,45.233070373535156,34.79257583618164,54.18946075439453,57.871917724609375,53.48496627807617,32.73304748535156,87.0,17.63947868347168
2008-05-16,102.65853118896484,57.91636657714844,45.72222137451172,35.235572814941406,53.96615219116211,57.77390670776367,53.4141845703125,32.56098937988281,89.0999984741211,17.6332950592041
2008-05-19,102.93917846679688,57.932064056396484,45.535865783691406,35.242393493652344,54.03671646118164,57.904544830322266,53.42426681518555,32.61356735229492,89.38999938964844,17.732318878173828
2008-05-20,102.10444641113281,57.72059631347656,45.11664581298828,34.63127517700195,54.31875228881836,58.08091354370117,53.44453048706055,32.17387390136719,90.9000015258789,17.466182708740234
2008-05-21,100.37739562988281,56.89823532104492,44.60421371459961,34.27915573120117,54.33051681518555,57.943721771240234,53.21196365356445,31.39964485168457,91.95999908447266,17.286685943603516
2008-05-22,100.39178466796875,57.30551528930664,45.12245559692383,34.37910461425781,53.69002914428711,57.564884185791016,52.625640869140625,31.13201141357422,90.9800033569336,17.472368240356445
2008-05-23,99.0461196899414,56.553653717041016,44.610015869140625,33.77935028076172,53.925048828125,57.819610595703125,52.868282318115234,30.98383903503418,91.2300033569336,17.379528045654297
2008-05-27,99.78016662597656,57.422977447509766,44.52268600463867,33.72482681274414,53.56072998046875,57.538753509521484,52.54979705810547,31.40920639038086,89.36000061035156,17.429046630859375
2008-05-28,100.24070739746094,57.68928909301758,44.51683807373047,34.179203033447266,53.08478927612305,57.10764694213867,52.211143493652344,31.461776733398438,89.13999938964844,17.453798294067383
2008-05-29,100.7444076538086,58.27664566040039,44.41786575317383,34.2541618347168,52.70282745361328,56.83988571166992,51.958412170410156,31.801101684570312,86.51000213623047,17.521881103515625
2008-05-30,100.9963150024414,58.480281829833984,44.66825485229492,34.37228775024414,53.04951858520508,57.0292854309082,52.165611267089844,31.652944564819336,87.44999694824219,17.6332950592041
2008-06-02,99.95283508300781,57.94770431518555,44.20241165161133,33.96336364746094,53.254127502441406,57.36813735961914,52.34488296508789,31.122453689575195,87.95999908447266,17.478551864624023
2008-06-03,99.36996459960938,57.83024215698242,44.10924530029297,33.34998321533203,53.637474060058594,57.66967010498047,52.54802322387695,31.327953338623047,86.87999725341797,17.571395874023438
2008-06-04,99.31961059570312,58.19049835205078,43.85303497314453,33.05918884277344,53.15978240966797,57.45996856689453,52.385528564453125,31.490449905395508,86.6500015258789,17.55901336669922
2008-06-05,101.30569458007812,59.67854309082031,44.580909729003906,34.11103439331055,52.841312408447266,57.15839385986328,52.10622024536133,32.21211242675781,86.44999694824219,17.73851203918457
2008-06-06,98.07465362548828,57.89291763305664,43.29985046386719,32.87518310546875,53.52546691894531,57.65658950805664,52.365196228027344,30.864355087280273,89.05999755859375,17.299072265625
2008-06-09,98.31214141845703,57.70492935180664,43.24161911010742,32.7911262512207,53.52546691894531,57.2436408996582,52.319488525390625,30.252626419067383,87.98999786376953,17.360963821411133
2008-06-10,97.82283782958984,57.28199768066406,42.5079345703125,32.03461456298828,53.1775016784668,56.902732849121094,52.0198860168457,30.2669620513916,85.55000305175781,17.391904830932617
2008-06-11,96.38359832763672,56.28737258911133,41.96637725830078,31.555255889892578,53.053585052490234,56.96177673339844,51.99954605102539,29.80814552307129,87.0199966430664,17.299072265625
2008-06-12,96.7506103515625,56.404850006103516,41.8208122253418,31.73927879333496,52.522911071777344,56.4636344909668,51.55779266357422,30.114030838012695,85.5999984741211,17.416658401489258
2008-06-13,97.9738998413086,57.422977447509766,42.20512390136719,32.08232498168945,52.41081619262695,56.33250045776367,51.288631439208984,30.615846633911133,85.83000183105469,17.40428352355957
2008-06-16,98.03147888183594,57.78325653076172,42.42057418823242,32.191375732421875,52.422569274902344,56.339054107666016,51.47144317626953,31.02207374572754,87.01000213623047,17.218605041503906
2008-06-17,97.55655670166016,57.73626708984375,42.54869079589844,32.32767868041992,52.528751373291016,56.52912521362305,51.639015197753906,30.142711639404297,87.25,17.16290283203125
2008-06-18,96.6066665649414,57.27417755126953,42.199302673339844,32.170928955078125,52.97105026245117,56.83721160888672,51.898006439208984,29.698232650756836,88.27999877929688,16.971044540405273
2008-06-19,96.72899627685547,57.751930236816406,42.11777877807617,32.22089385986328,52.658504486083984,56.509525299072266,51.62886047363281,30.386445999145508,88.41999816894531,17.026737213134766
2008-06-20,95.15895080566406,56.8355827331543,41.19773864746094,31.16905403137207,52.96518325805664,56.77168655395508,51.659358978271484,29.7030086517334,88.94999694824219,16.833417892456055
2008-06-23,95.0649185180664,56.30302810668945,41.191917419433594,31.259933471679688,53.077247619628906,56.745445251464844,51.639015197753906,28.967004776000977,87.08999633789062,16.77125358581543
2008-06-24,94.87688446044922,55.37104797363281,41.00558090209961,31.121355056762695,53.43109130859375,57.0470085144043,51.6085319519043,28.985424041748047,87.47000122070312,16.827198028564453
2008-06-25,95.32527923583984,55.997589111328125,41.44345474243164,31.744525909423828,53.4547004699707,57.040382385253906,51.64918899536133,29.460020065307617,87.41999816894531,17.20638084411621
2008-06-26,92.7362289428711,54.5565071105957,40.393280029296875,30.655353546142578,53.81438064575195,57.36160659790039,51.689781188964844,28.476886749267578,90.61000061035156,16.684226989746094
2008-06-27,92.22998809814453,54.61136245727539,40.50007247924805,30.951770782470703,54.445438385009766,57.64347839355469,51.639015197753906,28.254112243652344,91.47000122070312,16.510177612304688
2008-06-30,92.5553970336914,54.07878875732422,40.74333190917969,31.186155319213867,54.45726013183594,57.682804107666016,51.491783142089844,28.29286003112793,91.4000015258789,16.628276824951172
2008-07-01,92.8447036743164,54.1179313659668,40.304283142089844,30.630083084106445,54.32819747924805,57.526283264160156,51.46834182739258,28.268644332885742,92.66000366210938,16.609634399414062
2008-07-02,91.25365447998047,52.58267593383789,39.66350173950195,29.75690269470215,54.61231994628906,57.66435623168945,51.43259048461914,27.91994857788086,93.16999816894531,16.590980529785156
2008-07-03,91.3476791381836,52.29969024658203,39.91862106323242,29.671876907348633,54.49386978149414,57.68409729003906,51.3663215637207,27.634212493896484,92.05999755859375,16.57855987548828
2008-07-07,90.41471099853516,51.63936233520508,39.57449722290039,29.566194534301758,54.742515563964844,57.95377731323242,51.605995178222656,27.01430892944336,91.2300033569336,16.746395111083984
2008-07-08,92.020263671875,53.510284423828125,39.78215408325195,29.929244995117188,55.09766387939453,58.098453521728516,51.88649368286133,29.029003143310547,90.86000061035156,16.963960647583008
2008-07-09,90.24840545654297,52.07957458496094,39.265968322753906,29.324909210205078,55.340328216552734,58.37467575073242,51.922183990478516,27.048200607299805,91.5,16.796117782592773
2008-07-10,90.61726379394531,52.59055709838867,39.60417556762695,29.855710983276367,55.33436584472656,58.39439392089844,51.62639236450195,27.571250915527344,93.52999877929688,16.920438766479492
2008-07-11,89.56134796142578,52.88140106201172,38.981178283691406,29.655803680419922,54.547210693359375,57.84854507446289,51.228607177734375,27.435653686523438,95.16000366210938,16.740175247192383
2008-07-14,88.75139617919922,52.00881576538086,38.89811325073242,29.61903190612793,55.02660369873047,58.1576042175293,51.25410461425781,26.481576919555664,95.91000366210938,16.752601623535156
2008-07-15,87.50023651123047,51.78871154785156,38.27513122558594,29.124998092651367,55.008846282958984,58.36804962158203,51.243900299072266,26.22490119934082,96.16999816894531,16.721529006958008
2008-07-16,89.64813232421875,53.69108581542969,38.981178283691406,29.96599578857422,54.01454162597656,57.835391998291016,50.84102249145508,28.13788414001465,94.44000244140625,16.932876586914062
2008-07-17,90.5448989868164,53.769718170166016,39.57449722290039,30.106168746948242,53.736328125,57.55916213989258,50.667625427246094,28.476886749267578,94.22000122070312,16.963960647583008
2008-07-18,91.10899353027344,54.14703369140625,39.82962417602539,29.846515655517578,53.53506851196289,57.361846923828125,50.5758056640625,28.525320053100586,94.16999816894531,16.678009033203125
2008-07-21,91.15963745117188,54.8073616027832,40.06101608276367,30.216461181640625,53.742218017578125,57.49335479736328,50.631935119628906,28.738418579101562,95.12000274658203,16.640722274780273
2008-07-22,92.19384765625,56.18307113647461,40.19748306274414,30.234853744506836,53.47589874267578,57.296085357666016,50.95827865600586,29.50844383239746,93.05999755859375,16.932876586914062
2008-07-23,92.69280242919922,56.54467010498047,40.3458137512207,30.278507232666016,53.3693733215332,57.204010009765625,50.77983474731445,30.341447830200195,90.56999969482422,17.050979614257812
2008-07-24,90.76910400390625,55.11393356323242,39.61008834838867,29.15947151184082,53.8902473449707,57.69731521606445,51.228607177734375,28.331600189208984,91.33000183105469,16.945297241210938
2008-07-25,90.74742126464844,55.56202697753906,39.69316482543945,29.359371185302734,53.35160446166992,57.361846923828125,50.95827865600586,28.796531677246094,91.69000244140625,16.852067947387695
2008-07-28,89.41670989990234,54.618690490722656,39.028648376464844,28.86304473876953,53.8902473449707,57.690731048583984,51.25410461425781,28.326757431030273,91.7300033569336,16.709095001220703
2008-07-29,91.32597351074219,55.955074310302734,39.414306640625,30.46233367919922,53.6712646484375,57.526283264160156,51.126609802246094,29.644054412841797,90.58999633789062,17.100711822509766
2008-07-30,92.95316314697266,56.293094635009766,39.78215408325195,30.14522933959961,53.72446060180664,57.638118743896484,51.371421813964844,29.54235076904297,89.5199966430664,17.299633026123047
2008-07-31,91.72374725341797,56.065147399902344,39.390567779541016,29.469676971435547,54.25722885131836,58.098453521728516,51.69267654418945,29.174287796020508,90.08000183105469,17.03233528137207
2008-08-01,91.23917388916016,56.13588333129883,38.80318069458008,29.269756317138672,54.37714767456055,58.127464294433594,51.506195068359375,29.198505401611328,89.56999969482422,17.001249313354492
2008-08-04,90.39305114746094,55.617061614990234,38.4353141784668,28.37360954284668,54.25241470336914,58.08788299560547,51.5113410949707,28.772314071655273,88.13999938964844,17.156661987304688
2008-08-05,92.83024597167969,56.5682373046875,39.40835952758789,28.738964080810547,53.84849166870117,57.790897369384766,51.285919189453125,30.065401077270508,86.08000183105469,17.455032348632812
2008-08-06,93.24246215820312,56.851234436035156,39.420230865478516,29.311119079589844,53.628726959228516,57.81070327758789,51.36274719238281,29.92011260986328,86.63999938964844,17.64152717590332
2008-08-07,91.8539047241211,56.00223922729492,38.63112258911133,28.304672241210938,54.501953125,58.35190200805664,51.787994384765625,29.13070297241211,86.08999633789062,17.299633026123047
2008-08-08,93.56063079833984,57.48011779785156,38.791324615478516,28.37360954284668,54.650390625,58.32545471191406,51.83922576904297,29.978233337402344,84.43000030517578,17.660167694091797
2008-08-11,94.5297622680664,58.855812072753906,38.755714416503906,28.077180862426758,54.127662658691406,58.041683197021484,51.60356903076172,30.946821212768555,81.12999725341797,17.81557273864746
2008-08-12,93.54621124267578,58.41558837890625,38.47684860229492,27.842798233032227,54.63261795043945,58.44419479370117,51.91608428955078,30.25428009033203,80.5199966430664,17.93989372253418
2008-08-13,92.98211669921875,58.62783432006836,37.87166213989258,27.835922241210938,54.44251251220703,58.31887435913086,51.644554138183594,29.813573837280273,81.55999755859375,17.759632110595703
2008-08-14,93.68360900878906,59.19383239746094,37.723350524902344,28.201274871826172,54.79301452636719,58.49707794189453,51.793148040771484,30.293018341064453,79.3499984741211,17.840436935424805
2008-08-15,94.13924407958984,59.03660202026367,37.47413635253906,27.760086059570312,55.26822280883789,58.71482467651367,51.910980224609375,30.24944496154785,77.62999725341797,18.01449203491211
2008-08-18,92.8519287109375,58.27409744262695,37.28428649902344,27.29132843017578,55.488006591796875,58.86000442504883,51.931419372558594,29.832929611206055,78.80000305175781,17.93989372253418
2008-08-19,91.83944702148438,57.30715560913086,36.86302185058594,27.063833236694336,55.2741584777832,58.774208068847656,51.8494873046875,29.0968017578125,80.43000030517578,17.697465896606445
2008-08-20,92.26615142822266,57.385807037353516,37.082542419433594,27.753189086914062,55.42861557006836,58.94582748413086,51.8546142578125,29.140371322631836,80.05999755859375,17.70368194580078
2008-08-21,92.42526245117188,56.725460052490234,37.23087692260742,27.711824417114258,55.327613830566406,58.82041931152344,51.54722213745117,28.622175216674805,82.30000305175781,17.510982513427734
2008-08-22,93.7631607055664,57.92036056518555,37.4029426574707,27.691150665283203,55.291969299316406,58.64881896972656,51.56766891479492,29.595617294311523,81.08000183105469,17.827999114990234
2008-08-25,91.86112976074219,56.64687728881836,36.8155632019043,27.118993759155273,55.844417572021484,59.03818130493164,51.90073776245117,28.69968032836914,80.93000030517578,17.542062759399414
2008-08-26,92.12872314453125,56.73331832885742,36.99948501586914,27.167247772216797,55.8919563293457,59.05796432495117,51.962223052978516,29.038671493530273,81.2300033569336,17.473682403564453
2008-08-27,93.02550506591797,57.40938186645508,37.34953689575195,27.746295928955078,55.986976623535156,59.143802642822266,51.88021469116211,29.329254150390625,81.36000061035156,17.55449676513672
2008-08-28,94.15367889404297,58.57282257080078,37.83012771606445,27.939315795898438,55.99293518066406,59.05796432495117,51.86996078491211,30.075075149536133,82.18000030517578,17.6663875579834
2008-08-29,93.14120483398438,58.06972122192383,37.71739959716797,27.608423233032227,55.74345397949219,58.985389709472656,51.76749801635742,29.86684799194336,81.70999908447266,17.492324829101562
2008-09-02,92.56262969970703,58.05398178100586,37.13595199584961,26.774314880371094,56.26213836669922,59.3065185546875,51.97181701660156,30.060556411743164,79.19999694824219,17.68503189086914
2008-09-03,92.4830551147461,58.289798736572266,36.981693267822266,26.3331298828125,56.500553131103516,59.45212936401367,52.07478332519531,30.535165786743164,78.88999938964844,17.55449676513672
2008-09-04,89.69876098632812,56.45817947387695,35.397518157958984,25.119876861572266,56.95369338989258,59.7501335144043,52.090206146240234,29.67795753479004,78.38999938964844,17.442596435546875
2008-09-05,89.98082733154297,56.31670379638672,35.26698303222656,25.478336334228516,56.92390441894531,59.617740631103516,52.03873825073242,29.682809829711914,78.9800033569336,17.60421371459961
2008-09-08,91.83944702148438,56.97704315185547,36.05610275268555,25.795440673828125,57.1623649597168,59.624332427978516,52.12623977661133,30.966196060180664,78.86000061035156,17.977197647094727
2008-09-09,89.11298370361328,55.66423034667969,34.88725280761719,24.347808837890625,57.7287483215332,59.895835876464844,52.30636215209961,29.8087100982666,76.48999786376953,17.883947372436523
2008-09-10,89.4745864868164,56.18307113647461,35.225460052490234,24.74073600769043,57.371036529541016,59.74351501464844,52.28575897216797,29.861997604370117,74.22000122070312,18.008275985717773
2008-09-11,90.76910400390625,56.536808013916016,35.14832305908203,24.375383377075195,57.341251373291016,59.63758850097656,51.87919616699219,30.31723976135254,73.08000183105469,18.08287239074707
2008-09-12,91.18856048583984,56.79621887207031,35.836570739746094,25.188810348510742,56.60193634033203,59.33965301513672,51.48291015625,30.22037124633789,75.55000305175781,18.12016487121582
2008-09-15,86.8493423461914,54.24922561645508,34.311737060546875,23.21038818359375,58.43817901611328,60.47849655151367,51.10201644897461,28.476886749267578,77.55999755859375,17.90260124206543
2008-09-16,88.302978515625,55.81356430053711,34.056636810302734,23.410297393798828,58.42631149291992,60.306331634521484,47.85956573486328,29.881364822387695,76.79000091552734,17.90260124206543
2008-09-17,84.33263397216797,53.298038482666016,32.75722885131836,21.74896240234375,58.71843338012695,60.84928512573242,45.66707229614258,28.16209602355957,85.45999908447266,17.2623291015625
2008-09-18,86.83489227294922,56.44247055053711,34.24647521972656,23.582624435424805,57.85990905761719,60.134212493896484,46.28981399536133,30.554536819458008,82.80000305175781,17.374221801757812
2008-09-19,90.28343963623047,58.958003997802734,36.67315673828125,26.519254684448242,56.023651123046875,59.06156539916992,47.736045837402344,31.46504020690918,85.9800033569336,17.33605194091797
2008-09-22,88.23946380615234,56.56040573120117,35.4212532043457,24.788991928100586,56.0177001953125,58.93576431274414,48.019142150878906,28.820741653442383,89.18000030517578,17.242164611816406
2008-09-23,86.23184967041016,55.80570602416992,34.9228630065918,24.01692008972168,55.80305480957031,58.93576431274414,47.52503967285156,29.014463424682617,88.31999969482422,17.010608673095703
2008-09-24,86.50830841064453,55.096736907958984,35.02372360229492,24.29265594482422,56.047508239746094,59.087989807128906,47.40152359008789,28.814292907714844,86.70999908447266,16.979310989379883
2008-09-25,87.8612289428711,55.380340576171875,35.83063507080078,25.540386199951172,55.93425369262695,58.90927505493164,47.60738754272461,29.172447204589844,86.44999694824219,17.398630142211914
2008-09-26,87.9049072265625,55.64028549194336,35.45092010498047,24.67180633544922,56.339664459228516,58.8695182800293,46.3206901550293,30.0751895904541,86.63999938964844,17.33605194091797
2008-09-29,81.01651763916016,51.2445182800293,31.49346351623535,21.79032325744629,57.9791374206543,59.6905632019043,42.10040283203125,27.828142166137695,89.56999969482422,16.685163497924805
2008-09-30,84.36976623535156,53.568458557128906,33.40396499633789,23.555063247680664,56.566184997558594,58.9025993347168,46.212646484375,29.829885482788086,85.06999969482422,17.273462295532227
2008-10-01,84.42070007324219,52.79641342163086,33.154762268066406,23.83769416809082,57.27779769897461,59.31789016723633,46.63916015625,29.108678817749023,85.97000122070312,17.398630142211914
2008-10-02,81.35836029052734,50.086509704589844,31.707061767578125,21.74896240234375,57.73828125,59.650062561035156,45.96189880371094,27.22959327697754,82.33000183105469,17.179580688476562
2008-10-03,80.26002502441406,49.39326858520508,31.582460403442383,21.176803588867188,58.24660110473633,59.876007080078125,45.94120407104492,26.052080154418945,82.58999633789062,17.04189682006836
2008-10-06,76.17210388183594,47.04571533203125,29.796567916870117,19.584409713745117,59.30507278442383,60.360992431640625,45.4086799621582,25.271984100341797,84.27999877929688,16.5474796295166
2008-10-07,72.7606430053711,43.957645416259766,28.402263641357422,18.06094741821289,59.125694274902344,60.31447219848633,46.2565803527832,23.103445053100586,87.2699966430664,16.021764755249023
2008-10-08,70.92764282226562,42.902008056640625,27.76741600036621,18.06094741821289,58.27647399902344,59.54372024536133,45.925689697265625,22.7845401763916,89.41999816894531,15.58366870880127
2008-10-09,65.97415161132812,39.38069534301758,26.106107711791992,16.73050308227539,57.78611755371094,58.945865631103516,44.700374603271484,20.979040145874023,89.9000015258789,14.64489459991455
2008-10-10,64.3738784790039,41.318603515625,25.1330623626709,16.92351722717285,57.37946319580078,58.25482940673828,42.23942565917969,22.985689163208008,83.22000122070312,14.77005672454834
2008-10-13,73.7208023071289,44.887210845947266,29.12610626220703,20.7769832611084,56.64390182495117,57.856224060058594,44.56596374511719,24.447750091552734,81.98999786376953,15.458495140075684
2008-10-14,72.62970733642578,43.62676239013672,28.52686882019043,19.742963790893555,56.27914810180664,57.583797454833984,43.86798095703125,22.7845401763916,82.19999694824219,15.48979377746582
2008-10-15,65.47949981689453,39.711544036865234,25.48312759399414,16.551267623901367,56.81734085083008,58.055458068847656,43.86798095703125,19.86042022705078,83.30999755859375,14.957818984985352
2008-10-16,68.20719146728516,42.311214447021484,26.98422622680664,17.364702224731445,56.52433776855469,58.06880187988281,44.328128814697266,21.01339340209961,79.29000091552734,15.101759910583496
2008-10-17,67.79985809326172,41.12166976928711,26.40870475769043,16.82011604309082,56.13558578491211,58.43422317504883,43.95072555541992,20.78770637512207,77.20999908447266,15.214417457580566
2008-10-20,71.87326049804688,43.083213806152344,28.093734741210938,17.99890899658203,56.5841064453125,58.4940299987793,45.28977966308594,20.939794540405273,78.5,15.339585304260254
2008-10-21,69.72745513916016,41.89368438720703,26.509572982788086,16.5650577545166,56.88310623168945,59.11191940307617,45.739559173583984,20.223487854003906,76.02999877929688,15.195648193359375
2008-10-22,65.93046569824219,39.77458190917969,24.575345993041992,14.821001052856445,58.037296295166016,59.56367874145508,45.212188720703125,18.795764923095703,71.70999908447266,14.957818984985352
2008-10-23,66.69420623779297,38.592933654785156,25.115270614624023,15.234615325927734,58.467891693115234,59.64339065551758,45.496559143066406,18.305145263671875,70.6500015258789,15.020403861999512
2008-10-24,63.311885833740234,37.15916442871094,23.48956871032715,13.662899017333984,57.845947265625,59.390953063964844,45.677494049072266,17.265026092529297,72.20999908447266,14.269380569458008
2008-10-27,61.06425094604492,35.33942794799805,22.255464553833008,13.304433822631836,57.88779830932617,59.35776901245117,45.382816314697266,16.28377342224121,72.18000030517578,13.90638256072998
2008-10-28,68.1999282836914,38.167510986328125,25.322927474975586,16.08940887451172,57.044593811035156,58.87942886352539,45.08294677734375,18.83011245727539,73.79000091552734,14.863944053649902
2008-10-29,67.70531463623047,38.36445617675781,25.38227081298828,15.579288482666016,56.75749588012695,58.96574401855469,45.842979431152344,18.162870407104492,74.0,14.576040267944336
2008-10-30,70.0475082397461,40.51510238647461,26.272239685058594,17.681804656982422,56.24323654174805,58.513954162597656,45.50177001953125,19.134292602539062,72.70999908447266,15.189384460449219
2008-10-31,70.43301391601562,42.342708587646484,26.44430160522461,17.53014373779297,55.513702392578125,58.39434051513672,45.315608978271484,20.36577033996582,71.33999633789062,15.095508575439453
2008-11-03,70.63666534423828,42.39784622192383,26.551109313964844,17.37158966064453,55.663780212402344,58.487728118896484,45.68714141845703,19.698516845703125,71.0999984741211,15.327073097229004
2008-11-04,73.03707122802734,42.88626480102539,28.372608184814453,18.957094192504883,56.708499908447266,59.1878776550293,45.998863220214844,20.80242156982422,75.4800033569336,15.552371978759766
2008-11-05,69.96748352050781,40.64112091064453,26.82996368408203,16.54437828063965,57.38090133666992,59.50132369995117,46.8925666809082,18.75652503967285,72.80000305175781,15.276999473571777
2008-11-06,66.09053802490234,39.06557846069336,25.09746742248535,15.710265159606934,56.96664810180664,59.321258544921875,47.214744567871094,17.8783016204834,72.22000122070312,15.114275932312012
2008-11-07,68.27268981933594,39.87697982788086,26.51551055908203,16.985563278198242,56.594364166259766,59.107872009277344,46.88215255737305,19.011642456054688,72.5,15.183119773864746
2008-11-10,67.37796020507812,38.95527267456055,26.117982864379883,17.144105911254883,56.870574951171875,59.167930603027344,46.902957916259766,17.309181213378906,73.58000183105469,15.226932525634766
2008-11-11,65.29766082763672,38.11238098144531,25.257667541503906,16.075620651245117,57.03868865966797,59.38795852661133,47.05364990234375,17.06877899169922,72.05000305175781,14.882708549499512
2008-11-12,62.424468994140625,35.89085388183594,23.89896011352539,14.88304328918457,57.404964447021484,59.754722595214844,47.0432243347168,15.847122192382812,70.0,14.563531875610352
2008-11-13,66.31600189208984,38.84501266479492,25.934051513671875,16.94420051574707,56.02997970581055,59.321258544921875,46.72109603881836,17.588836669921875,72.1500015258789,15.145567893981934
2008-11-14,63.00636291503906,35.95389938354492,24.444812774658203,15.317342758178711,57.14077377319336,59.908058166503906,46.710689544677734,15.60671615600586,73.30000305175781,14.694957733154297
2008-11-17,62.16988754272461,35.646636962890625,23.99983024597168,15.062275886535645,57.392921447753906,60.16143798828125,47.04840087890625,15.04250431060791,72.6500015258789,14.500946044921875
2008-11-18,63.34096908569336,35.473350524902344,24.041358947753906,14.84168529510498,58.131431579589844,60.62828063964844,47.10560989379883,14.90022087097168,72.51000213623047,14.601082801818848
2008-11-19,59.282161712646484,32.58222198486328,22.43345832824707,13.559496879577637,59.620418548583984,61.28171920776367,47.1783447265625,12.898484230041504,72.26000213623047,14.225573539733887
2008-11-20,54.88142776489258,30.35284423828125,21.19935417175293,12.587515830993652,62.700557708740234,62.5153923034668,46.663917541503906,11.877981185913086,73.44999694824219,13.731149673461914
2008-11-21,57.8419189453125,32.01503372192383,22.706388473510742,14.400506019592285,61.79396438598633,61.94190216064453,47.20429992675781,12.751293182373047,78.8499984741211,14.388288497924805
2008-11-24,61.849815368652344,34.268062591552734,24.065092086791992,15.27597427368164,60.8272705078125,61.36172866821289,46.99648666381836,14.91984748840332,80.91000366210938,14.569791793823242
2008-11-25,62.308067321777344,34.83526611328125,24.504146575927734,14.98644733428955,62.61648178100586,62.41535568237305,47.21989822387695,15.155343055725098,80.87000274658203,14.651144027709961
2008-11-26,64.71574401855469,36.92283630371094,24.771141052246094,16.13076400756836,62.700557708740234,62.79542541503906,46.97050476074219,15.974681854248047,80.37999725341797,14.83890151977539
2008-11-28,65.53042602539062,37.2931022644043,24.7592830657959,15.820560455322266,63.475093841552734,62.92213821411133,46.83543014526367,15.739191055297852,80.30999755859375,15.064214706420898
2008-12-01,59.725860595703125,33.10215759277344,22.73604965209961,14.297099113464355,65.90583801269531,63.773780822753906,47.56753921508789,12.66788101196289,75.6500015258789,14.231833457946777
2008-12-02,62.02439498901367,34.8431396484375,23.970163345336914,15.200140953063965,66.15890502929688,64.10839080810547,47.92789077758789,14.350728988647461,76.94999694824219,14.438358306884766
2008-12-03,63.51554489135742,35.89874267578125,24.290559768676758,15.324226379394531,66.34564971923828,64.20874786376953,48.26203536987305,15.155343055725098,76.18000030517578,14.613607406616211
2008-12-04,62.04622268676758,34.709190368652344,23.542966842651367,14.669346809387207,67.65287780761719,64.61013793945312,48.30907440185547,14.738309860229492,75.5,14.425841331481934
2008-12-05,63.95922088623047,36.31625747680664,23.83963394165039,15.53792953491211,66.55653381347656,63.92768096923828,47.98005676269531,16.29850196838379,74.5199966430664,14.832650184631348
2008-12-08,66.19233703613281,37.92332077026367,24.97287368774414,16.530593872070312,66.41188049316406,63.6868782043457,48.47615432739258,17.81943130493164,76.19999694824219,14.920262336730957
2008-12-09,65.10124969482422,36.749534606933594,24.741474151611328,16.3031063079834,67.72520446777344,64.22879028320312,48.805152893066406,16.273963928222656,76.33000183105469,14.632373809814453
2008-12-10,65.5449447631836,37.6160774230957,25.394128799438477,17.275083541870117,67.56257629394531,64.16856384277344,48.92002868652344,17.672243118286133,79.75,14.626120567321777
2008-12-11,63.96654510498047,35.709678649902344,25.281394958496094,16.833904266357422,67.69509887695312,64.55665588378906,49.087154388427734,15.150440216064453,80.6500015258789,14.463393211364746
2008-12-12,64.73027038574219,36.9385986328125,25.530595779418945,17.068286895751953,67.69509887695312,64.73725128173828,49.353458404541016,16.735151290893555,80.80999755859375,14.482169151306152
2008-12-15,63.82831954956055,35.749061584472656,25.595861434936523,16.840795516967773,68.46621704101562,64.87776947021484,49.337825775146484,16.15131187438965,82.5999984741211,14.469650268554688
2008-12-16,66.83242797851562,38.07299041748047,27.067291259765625,18.185028076171875,70.15904998779297,65.9081039428711,50.35086441040039,18.128522872924805,84.45999908447266,14.8076171875
2008-12-17,66.1850357055664,38.41960906982422,26.930831909179688,17.867929458618164,72.06270599365234,66.35639190673828,51.09763717651367,18.46215057373047,85.43000030517578,14.732507705688477
2008-12-18,64.94851684570312,38.1754035949707,26.106107711791992,17.474998474121094,73.57476806640625,66.80461883544922,52.335243225097656,16.926496505737305,83.87000274658203,14.782583236694336
2008-12-19,64.66912078857422,38.36445617675781,25.72638511657715,17.53704261779785,73.65311431884766,66.5838623046875,51.55717849731445,18.11379623413086,82.62999725341797,14.662651062011719
2008-12-22,63.84048843383789,37.62395095825195,25.548397064208984,16.882152557373047,73.0868148803711,66.4098892211914,52.1785888671875,17.431833267211914,83.45999908447266,14.700515747070312
2008-12-23,63.18053436279297,37.07704162597656,25.35671615600586,16.74234962463379,72.9905014038086,66.37643432617188,52.35093307495117,17.333707809448242,82.62999725341797,14.580597877502441
2008-12-24,63.54719924926758,37.21200180053711,25.693206787109375,16.86118507385254,72.83383178710938,66.30953216552734,52.48142623901367,17.537809371948242,83.45999908447266,14.706833839416504
2008-12-26,63.91383361816406,37.743831634521484,25.813383102416992,16.805267333984375,73.07478332519531,66.66415405273438,52.580711364746094,17.789793014526367,85.5999984741211,14.719456672668457
2008-12-29,63.730499267578125,37.16436004638672,25.819381713867188,16.777299880981445,72.98713684082031,66.81118774414062,52.74430847167969,16.766759872436523,86.3499984741211,14.687898635864258
2008-12-30,65.24109649658203,38.19627380371094,26.59450912475586,17.224695205688477,73.68230438232422,66.90524291992188,53.20579147338867,17.43702507019043,85.9000015258789,14.921438217163086
2008-12-31,66.17237091064453,39.085296630859375,26.955036163330078,17.45538330078125,72.14091491699219,66.16650390625,53.30545425415039,18.369348526000977,86.5199966430664,15.066618919372559
2009-01-02,68.16691589355469,39.86320114135742,27.30353355407715,18.287260055541992,70.32759094238281,65.21968841552734,52.76007080078125,17.784757614135742,86.2300033569336,15.281221389770508
2009-01-05,68.08627319335938,40.006072998046875,26.864896774291992,18.524940490722656,68.51422119140625,65.10552215576172,53.121864318847656,17.457178115844727,84.4800033569336,15.344343185424805
2009-01-06,68.54090118408203,40.6807746887207,27.1533203125,18.94436264038086,67.82520294189453,65.06523895263672,53.211036682128906,18.329038619995117,85.12999725341797,15.117108345031738
2009-01-07,66.48770141601562,39.482200622558594,26.684642791748047,17.85384178161621,68.09111022949219,65.0786361694336,52.765281677246094,17.714202880859375,82.75,14.965620994567871
2009-01-08,66.75900268554688,39.67267608642578,27.081209182739258,17.776947021484375,68.03675079345703,65.25325012207031,53.14286804199219,17.583175659179688,84.45999908447266,14.769959449768066
2009-01-09,65.3290786743164,38.2042121887207,26.14385414123535,17.392467498779297,68.1395034790039,65.55542755126953,53.803619384765625,16.68108367919922,83.91999816894531,14.517475128173828
2009-01-12,63.75982666015625,37.0691032409668,25.512939453125,16.658464431762695,68.84668731689453,65.96502685546875,53.525657653808594,15.703396797180176,80.76000213623047,14.523785591125488
2009-01-13,63.87717819213867,37.56125259399414,25.044261932373047,16.7073974609375,68.91922760009766,66.01201629638672,53.41029739379883,16.177127838134766,80.87999725341797,14.612157821655273
2009-01-14,61.86792755126953,35.91020584106445,24.01677894592285,15.89649486541748,70.0555419921875,66.38143157958984,53.1743049621582,15.33047103881836,79.79000091552734,14.290245056152344
2009-01-15,61.88994216918945,36.48966979980469,24.23308753967285,16.0782470703125,70.17040252685547,66.32769775390625,53.27918243408203,15.834428787231445,80.38999938964844,14.35336971282959
2009-01-16,62.3739128112793,36.89448165893555,24.377302169799805,16.253015518188477,69.08843231201172,65.71661376953125,53.27918243408203,16.43414306640625,82.70999908447266,14.485923767089844
2009-01-20,59.08142852783203,34.394107818603516,22.59271812438965,15.043649673461914,69.07635498046875,65.6158676147461,52.49256134033203,14.594687461853027,84.5199966430664,14.315492630004883
2009-01-21,61.63325881958008,36.10865020751953,23.69831085205078,15.861539840698242,66.89424896240234,65.03163146972656,52.2303581237793,16.121686935424805,84.1500015258789,14.384927749633789
2009-01-22,60.679969787597656,35.06087112426758,23.145511627197266,15.337246894836426,65.60684967041016,64.60184478759766,52.03632736206055,15.239758491516113,84.58000183105469,14.372306823730469
2009-01-23,60.9439811706543,35.235504150390625,22.983278274536133,15.53299331665039,65.09302520751953,64.61526489257812,51.690269470214844,15.703396797180176,88.52999877929688,14.233436584472656
2009-01-26,61.36199188232422,35.63240051269531,23.43393325805664,15.714740753173828,64.52485656738281,64.45413970947266,51.22880172729492,15.61268424987793,88.94999694824219,14.328117370605469
2009-01-27,61.98524475097656,36.02133560180664,23.890596389770508,15.994359016418457,66.0420150756836,64.8771743774414,52.193695068359375,15.834428787231445,88.37999725341797,14.403858184814453
2009-01-28,64.08245849609375,37.50567626953125,24.593608856201172,16.805267333984375,64.39189147949219,64.46084594726562,52.607906341552734,17.2052001953125,87.41999816894531,14.549034118652344
2009-01-29,61.99993133544922,36.03720474243164,23.475990295410156,15.952420234680176,62.91096496582031,63.62140655517578,51.97867202758789,15.799155235290527,89.5,14.422797203063965
2009-01-30,60.73866653442383,35.30693817138672,23.25366973876953,15.833572387695312,62.71154022216797,63.594539642333984,52.34579086303711,15.149042129516602,91.30999755859375,13.980960845947266
2009-02-02,60.555328369140625,35.59270477294922,23.025333404541016,15.672797203063965,63.87824630737305,64.1103744506836,52.09333801269531,15.516937255859375,88.83999633789062,13.861032485961914
2009-02-03,61.40595245361328,35.846702575683594,23.686302185058594,16.141159057617188,62.356964111328125,63.558189392089844,51.91938781738281,15.360706329345703,88.47000122070312,14.164006233215332
2009-02-04,61.10531234741211,35.58476257324219,23.56612777709961,16.259994506835938,62.138736724853516,63.23493957519531,51.940494537353516,14.987777709960938,89.18000030517578,13.778985023498535
2009-02-05,62.014591217041016,35.99753189086914,23.90261459350586,16.602535247802734,62.19329833984375,63.383094787597656,51.48729705810547,14.670283317565918,90.12000274658203,13.974648475646973
2009-02-06,63.78182601928711,37.27550506591797,24.45541000366211,17.43441390991211,61.99934005737305,62.999244689941406,51.79291534423828,15.688278198242188,89.58999633789062,14.214503288269043
2009-02-09,63.86979293823242,37.108802795410156,24.449399948120117,17.343538284301758,62.19935989379883,62.871315002441406,51.887813568115234,15.920105934143066,88.31999969482422,14.075641632080078
2009-02-10,60.9439811706543,35.39426040649414,23.235641479492188,16.294958114624023,63.550987243652344,63.71303939819336,52.14073181152344,14.503981590270996,90.20999908447266,13.62118148803711
2009-02-11,61.303321838378906,35.529197692871094,23.488014221191406,16.78428840637207,64.37528991699219,64.20467376708984,52.3199348449707,14.78115177154541,92.29000091552734,13.696921348571777
2009-02-12,61.34730911254883,35.830833435058594,23.415910720825195,16.679431915283203,63.7691764831543,64.18447875976562,52.362083435058594,14.529172897338867,93.16999816894531,13.823158264160156
2009-02-13,60.68732452392578,35.45775604248047,23.16353988647461,16.763324737548828,62.072113037109375,63.67942810058594,51.96156692504883,13.63715934753418,92.55000305175781,13.60855484008789
2009-02-17,58.09147644042969,34.05278778076172,21.931760787963867,15.693769454956055,64.00564575195312,64.75019836425781,52.24615478515625,12.669564247131348,95.44999694824219,13.412887573242188
2009-02-18,57.95216369628906,33.56857681274414,21.913732528686523,15.581915855407715,63.460079193115234,64.27874755859375,51.98792266845703,12.850985527038574,96.91000366210938,13.482321739196777
2009-02-19,57.32886505126953,33.10026550292969,21.88368797302246,15.435115814208984,62.381195068359375,63.921852111816406,51.56105041503906,12.296629905700684,95.7699966430664,13.652745246887207
2009-02-20,56.77153778076172,32.65574645996094,21.565229415893555,15.043649673461914,62.987300872802734,64.10366821289062,51.34498977661133,13.072731018066406,97.80000305175781,13.444446563720703
2009-02-23,54.74032974243164,31.40158462524414,20.742033004760742,14.673145294189453,63.56914520263672,64.16426849365234,51.171112060546875,12.090004920959473,97.7300033569336,13.097283363342285
2009-02-24,56.81555938720703,32.56049728393555,21.607284545898438,15.477059364318848,63.50247573852539,63.921852111816406,50.98664474487305,13.113049507141113,94.7300033569336,13.349767684936523
2009-02-25,56.36825180053711,31.885780334472656,21.012426376342773,15.211421012878418,62.769107818603516,63.34270095825195,50.29103088378906,12.861063003540039,93.1500015258789,13.223526000976562
2009-02-26,55.45162582397461,31.290456771850586,20.838176727294922,15.078596115112305,62.10844421386719,63.181095123291016,49.969547271728516,12.200876235961914,93.05999755859375,12.93317985534668
2009-02-27,54.212345123291016,31.076147079467773,20.838176727294922,14.840917587280273,61.7508659362793,63.127201080322266,49.62171173095703,12.0396089553833,92.62999725341797,12.851123809814453
2009-03-02,51.770484924316406,29.321897506713867,19.642446517944336,13.939146995544434,62.773170471191406,63.7605094909668,49.62808609008789,11.288708686828613,90.93000030517578,12.604957580566406
2009-03-03,51.3818359375,28.76627540588379,19.564332962036133,14.13487434387207,62.353790283203125,63.679527282714844,49.35794448852539,11.334062576293945,90.04000091552734,12.453466415405273
2009-03-04,52.59911346435547,29.361610412597656,20.435588836669922,15.127535820007324,62.06813049316406,63.355430603027344,49.34202575683594,11.515496253967285,88.98999786376953,12.693320274353027
2009-03-05,50.4505615234375,27.79786491394043,19.612398147583008,14.505374908447266,63.79423904418945,64.09819793701172,49.20962142944336,10.804908752441406,91.98999786376953,12.402973175048828
2009-03-06,50.5385627746582,27.94074058532715,19.576351165771484,14.750041961669922,63.36876678466797,63.79426574707031,49.315547943115234,10.658761024475098,92.29000091552734,12.44084644317627
2009-03-09,49.94459915161133,27.29778480529785,19.047584533691406,14.463433265686035,62.99799728393555,63.821319580078125,47.95948791503906,10.895621299743652,90.56999969482422,12.25148868560791
2009-03-10,52.92176818847656,29.075841903686523,20.327436447143555,15.637845039367676,61.78854751586914,63.355430603027344,48.6534538269043,12.412542343139648,88.13999938964844,12.478719711303711
2009-03-11,53.266387939453125,29.115541458129883,20.44159698486328,15.637845039367676,62.45712661743164,63.807777404785156,48.669281005859375,12.210955619812012,89.22000122070312,12.466087341308594
2009-03-12,55.363616943359375,30.925312042236328,20.904266357421875,16.23902702331543,62.75491714477539,63.990116119384766,48.626949310302734,13.208797454833984,91.0999984741211,12.788002014160156
2009-03-13,55.7962760925293,31.25077247619629,21.042470932006836,16.32990837097168,62.43886947631836,63.942832946777344,49.07715606689453,12.926579475402832,91.30000305175781,12.977357864379883
2009-03-16,55.627601623535156,30.68720817565918,21.270801544189453,16.34388542175293,61.45424270629883,63.578243255615234,49.14606475830078,11.908584594726562,90.80000305175781,13.179344177246094
2009-03-17,57.32886505126953,32.10805130004883,21.829612731933594,16.700407028198242,61.11993408203125,63.45669174194336,49.01358413696289,12.810669898986816,90.04000091552734,13.425509452819824
2009-03-18,58.61212158203125,33.219329833984375,22.454511642456055,17.049930572509766,63.43565368652344,65.63086700439453,50.05718231201172,13.511176109313965,93.08999633789062,13.356074333190918
2009-03-19,57.88614273071289,32.87008285522461,22.442493438720703,16.938087463378906,63.51469039916992,65.40806579589844,50.16305160522461,12.684678077697754,94.3499984741211,13.18565559387207
2009-03-20,56.65353775024414,31.734966278076172,22.130043029785156,16.7073974609375,63.162166595458984,65.40806579589844,49.654571533203125,11.591087341308594,93.58999633789062,13.060575485229492
2009-03-23,60.7228889465332,34.43378448486328,23.72235870361328,18.252309799194336,62.61512756347656,65.18526458740234,49.80820083618164,13.465813636779785,92.08000183105469,13.632020950317383
2009-03-24,59.526458740234375,33.09670639038086,22.977277755737305,17.686077117919922,63.21076583862305,65.0907211303711,49.315547943115234,12.427658081054688,90.94999694824219,13.56851863861084
2009-03-25,60.154212951660156,34.028446197509766,23.331787109375,17.951709747314453,62.35982131958008,64.69910430908203,49.07715606689453,12.632201194763184,91.9800033569336,13.701858520507812
2009-03-26,61.38018798828125,35.342437744140625,23.644237518310547,18.441051483154297,63.083126068115234,64.86784362792969,49.33143997192383,12.914856910705566,91.93000030517578,13.85423755645752
2009-03-27,60.272377014160156,34.15587615966797,22.887134552001953,17.895782470703125,63.551082611083984,64.82737731933594,49.485076904296875,12.339263916015625,90.69000244140625,13.720909118652344
2009-03-30,58.18968963623047,33.176334381103516,22.015884399414062,16.973033905029297,63.79423904418945,65.10420227050781,49.447959899902344,11.666029930114746,89.9800033569336,13.422489166259766
2009-03-31,58.72882843017578,33.48692321777344,22.586706161499023,17.343538284301758,64.25007629394531,65.21904754638672,49.85588455200195,12.47802448272705,90.27999877929688,13.39709186553955
2009-04-01,59.86617660522461,34.068260192871094,23.17555809020996,17.91676139831543,64.83647155761719,65.37882232666016,49.78072738647461,12.411216735839844,91.02999877929688,13.62566089630127
2009-04-02,61.61650848388672,35.772464752197266,24.221071243286133,18.888442993164062,64.04405975341797,64.95218658447266,49.796714782714844,13.31058120727539,88.80000305175781,13.911385536193848
2009-04-03,62.22951126098633,36.337886810302734,24.359268188476562,19.119131088256836,62.73355484008789,64.20732879638672,49.48778533935547,14.456625938415527,87.58999633789062,13.85423755645752
2009-04-06,61.742088317871094,35.716739654541016,23.854543685913086,18.881454467773438,62.465370178222656,64.05839538574219,49.46119689941406,14.292174339294434,85.2699966430664,13.892337799072266
2009-04-07,60.30192565917969,34.45051193237305,23.35582160949707,18.448041915893555,62.62382888793945,64.22086334228516,49.439842224121094,13.223209381103516,86.73999786376953,13.638364791870117
2009-04-08,60.95185089111328,35.08759689331055,23.590166091918945,18.72066879272461,63.17847442626953,64.53913879394531,49.93523025512695,13.418499946594238,86.61000061035156,13.752649307250977
2009-04-09,63.37424087524414,37.1422119140625,24.221071243286133,19.53856086730957,62.38611602783203,64.1598892211914,50.270782470703125,15.2172212600708,86.30999755859375,13.759003639221191
2009-04-13,63.389015197753906,37.15813064575195,24.461421966552734,19.65740203857422,62.959110260009766,64.53913879394531,50.75547409057617,15.263482093811035,87.87999725341797,13.720909118652344
2009-04-14,62.29598617553711,36.08305740356445,24.227088928222656,19.342830657958984,63.28823471069336,64.8709716796875,50.888675689697266,13.968395233154297,87.37000274658203,13.530424118041992
2009-04-15,62.96066665649414,36.632537841796875,24.5455379486084,19.622447967529297,63.17847442626953,64.93186950683594,51.28281784057617,15.181249618530273,87.5,13.771697044372559
2009-04-16,63.88382339477539,37.69168472290039,24.70176124572754,19.790225982666016,62.678714752197266,64.6745834350586,51.50117492675781,15.690033912658691,85.80999755859375,13.955831527709961
2009-04-17,64.31221771240234,38.026180267333984,24.617647171020508,19.65041732788086,61.989898681640625,64.1531753540039,51.43729019165039,15.972691535949707,85.22000122070312,14.025673866271973
2009-04-20,61.61650848388672,36.07509231567383,23.608182907104492,18.692707061767578,62.92862319946289,64.60008239746094,51.15495681762695,14.328144073486328,86.94999694824219,13.752649307250977
2009-04-21,62.82036209106445,37.32536697387695,24.148967742919922,19.091167449951172,62.30685043334961,64.34954071044922,51.31475067138672,15.597529411315918,86.88999938964844,13.892337799072266
2009-04-22,62.436317443847656,37.31739807128906,23.95668601989746,18.930387496948242,61.9289665222168,64.19375610351562,51.186893463134766,15.052769660949707,87.37999725341797,13.708207130432129
2009-04-23,63.049293518066406,37.22981643676758,24.55755615234375,19.223987579345703,61.92287063598633,64.18021392822266,51.1442985534668,15.73115062713623,88.80000305175781,13.708207130432129
2009-04-24,64.00204467773438,37.922637939453125,24.936113357543945,19.58749771118164,61.30118179321289,63.9296760559082,51.256187438964844,16.476335525512695,89.72000122070312,13.651062965393066
2009-04-27,63.39638900756836,37.51650619506836,24.641687393188477,18.930387496948242,61.56324005126953,64.19375610351562,51.19224548339844,15.489605903625488,89.01000213623047,13.73360824584961
2009-04-28,63.196990966796875,37.5722541809082,24.407337188720703,18.86747169494629,60.557525634765625,63.88230895996094,51.02714157104492,15.695178031921387,87.75,13.797093391418457
2009-04-29,64.54116821289062,38.99772644042969,25.032243728637695,19.860130310058594,60.0211067199707,63.53697967529297,51.272125244140625,16.378690719604492,88.33000183105469,14.025673866271973
2009-04-30,64.56327056884766,38.639373779296875,25.188472747802734,20.04188346862793,59.78339385986328,63.428619384765625,51.240211486816406,16.306737899780273,87.2699966430664,13.968528747558594
2009-05-01,64.91041564941406,38.87828826904297,25.482892990112305,20.335481643676758,59.3719482421875,63.224853515625,51.36757278442383,15.772266387939453,86.94999694824219,14.025673866271973
2009-05-04,67.11864471435547,40.295780181884766,26.54042625427246,21.74058723449707,59.56761169433594,63.2860107421875,51.49070358276367,17.072484970092773,88.63999938964844,14.241546630859375
2009-05-05,66.88973236083984,40.09669876098633,26.276044845581055,21.54485321044922,59.49416732788086,63.27239227294922,51.6566162109375,16.435218811035156,88.25,14.12092113494873
2009-05-06,68.04926300048828,40.208213806152344,26.912967681884766,21.91534996032715,59.35361862182617,63.29951477050781,51.88677215576172,17.062211990356445,89.54000091552734,14.209802627563477
2009-05-07,67.10391235351562,39.26052474975586,26.462322235107422,21.370086669921875,57.90461349487305,62.76984405517578,51.38901901245117,16.085756301879883,89.44000244140625,14.266950607299805
2009-05-08,68.66959381103516,40.62229919433594,27.609981536865234,22.083120346069336,58.04525375366211,62.84450149536133,51.715545654296875,17.159854888916016,89.9800033569336,14.45108413696289
2009-05-11,67.38451385498047,40.025028228759766,26.906959533691406,21.56581687927246,58.8705940246582,63.43537521362305,51.870723724365234,16.507169723510742,89.69000244140625,14.381237030029297
2009-05-12,67.18511962890625,39.459617614746094,27.195375442504883,21.71961784362793,59.084590911865234,63.39464569091797,52.01521682739258,16.460918426513672,90.69999694824219,14.552663803100586
2009-05-13,65.49386596679688,37.651878356933594,26.270038604736328,20.922691345214844,59.726558685302734,63.686710357666016,51.91886901855469,15.38169002532959,91.08999633789062,14.285996437072754
2009-05-14,66.05513000488281,38.1774787902832,26.528411865234375,21.223289489746094,59.95884704589844,63.69346237182617,52.03667449951172,15.74656867980957,91.02999877929688,14.336788177490234
2009-05-15,65.51599884033203,38.03413391113281,26.28806495666504,21.027551651000977,59.94052505493164,63.53730773925781,52.02595901489258,15.2172212600708,91.55000305175781,14.203453063964844
2009-05-18,67.37714385986328,39.30831527709961,27.291519165039062,22.194969177246094,59.0112190246582,63.163761138916016,51.95100402832031,16.440364837646484,90.36000061035156,14.501873970031738
2009-05-19,67.29592895507812,39.324249267578125,27.537874221801758,22.446626663208008,58.69943618774414,63.0754508972168,52.159767150878906,16.126867294311523,90.95999908447266,14.584413528442383
2009-05-20,66.84539031982422,38.95792770385742,27.718128204345703,22.51653480529785,59.31690216064453,63.27239227294922,52.459468841552734,15.99838924407959,92.25,14.603460311889648
2009-05-21,65.88530731201172,38.456207275390625,27.50783348083496,22.097103118896484,57.82518005371094,62.579647064208984,51.92424774169922,16.044639587402344,93.8499984741211,14.470126152038574
2009-05-22,65.74496459960938,38.05803298950195,27.66405487060547,22.194969177246094,57.18312454223633,62.21287536621094,51.85469436645508,15.648921012878418,94.1500015258789,14.559022903442383
2009-05-26,67.4288558959961,39.87372589111328,28.21686553955078,22.46061134338379,56.32115173339844,61.798583984375,51.83323669433594,16.57912826538086,93.76000213623047,14.743143081665039
2009-05-27,66.22500610351562,39.10125732421875,27.67006492614746,22.201963424682617,55.32456588745117,61.0989875793457,51.474613189697266,15.977832794189453,93.44999694824219,14.368535041809082
2009-05-28,67.14820861816406,39.14903259277344,27.952476501464844,22.88702964782715,56.12546157836914,61.4182014465332,51.6673469543457,16.19881820678711,94.23999786376953,14.52092456817627
2009-05-29,68.33724975585938,39.953365325927734,28.51128387451172,23.236560821533203,57.57444381713867,62.111026763916016,52.427371978759766,16.733299255371094,96.19999694824219,14.679651260375977
2009-06-01,69.9916000366211,41.51422882080078,29.214305877685547,24.215234756469727,55.87236022949219,61.097389221191406,52.4101676940918,17.591548919677734,95.7300033569336,14.971723556518555
2009-06-02,70.05065155029297,42.03184127807617,29.466665267944336,23.86570930480957,56.17286682128906,61.30175018310547,52.79743957519531,17.22666358947754,96.36000061035156,15.124102592468262
2009-06-03,69.1644287109375,41.753135681152344,28.589401245117188,23.019853591918945,56.70041275024414,61.67641830444336,53.06645584106445,17.19582748413086,94.41000366210938,15.047916412353516
2009-06-04,69.8143310546875,42.35040283203125,28.76966094970703,23.446277618408203,55.528839111328125,60.961124420166016,52.835086822509766,17.745731353759766,96.2300033569336,15.07331371307373
2009-06-05,69.82911682128906,42.36634063720703,28.415142059326172,23.495208740234375,55.10562515258789,60.3548469543457,52.5554084777832,17.6994686126709,93.70999908447266,14.997126579284668
2009-06-08,69.54110717773438,41.864620208740234,28.35505485534668,23.13170623779297,54.96452331542969,60.04834747314453,52.44782638549805,17.375699996948242,93.55999755859375,15.05426025390625
2009-06-09,69.89557647705078,42.055763244628906,28.703567504882812,23.17365074157715,54.95840072631836,60.307159423828125,52.845855712890625,17.375699996948242,93.83000183105469,14.920931816101074
2009-06-10,69.71833801269531,41.88852310180664,28.757644653320312,23.467247009277344,54.09358596801758,59.94617462158203,52.68986892700195,17.072484970092773,93.86000061035156,14.755846977233887
2009-06-11,70.02852630615234,41.904449462890625,29.250354766845703,23.970569610595703,54.69465637207031,60.3548469543457,52.87275314331055,16.723020553588867,93.69999694824219,14.819331169128418
2009-06-12,70.22053527832031,42.03184127807617,29.100141525268555,23.58609390258789,55.18541717529297,60.674991607666016,53.26547622680664,17.329456329345703,92.16999816894531,14.93363094329834
2009-06-15,68.61054992675781,40.90101623535156,28.054616928100586,22.740230560302734,55.682220458984375,60.94747543334961,53.28158187866211,16.507169723510742,91.0999984741211,14.571717262268066
2009-06-16,67.67996978759766,40.216163635253906,27.73015594482422,22.39769744873047,56.6513557434082,61.28810501098633,53.24927520751953,16.203956604003906,91.93000030517578,14.381237030029297
2009-06-17,67.6135025024414,40.43117904663086,27.808263778686523,22.146038055419922,56.33236312866211,61.1246223449707,53.31391143798828,15.895605087280273,92.3499984741211,14.527264595031738
2009-06-18,68.10831451416016,40.61434555053711,27.760190963745117,22.083120346069336,55.47976303100586,60.382171630859375,52.636077880859375,16.003536224365234,91.61000061035156,14.793939590454102
2009-06-19,68.3593521118164,40.8612174987793,28.19883155822754,22.194969177246094,56.240394592285156,60.66140365600586,53.034149169921875,16.1628475189209,91.9000015258789,14.644872665405273
2009-06-22,66.30946350097656,39.41184616088867,27.291519165039062,21.39105796813965,56.786277770996094,60.988407135009766,53.22780227661133,15.320013046264648,90.54000091552734,14.587289810180664
2009-06-23,66.36144256591797,39.093292236328125,27.650493621826172,21.529895782470703,57.45488357543945,61.185916900634766,53.658172607421875,15.43307876586914,90.91999816894531,14.49771785736084
2009-06-24,66.93333435058594,39.51537322998047,27.675031661987305,22.002065658569336,56.87831497192383,60.95428466796875,53.57206726074219,15.769996643066406,91.44999694824219,14.536100387573242
2009-06-25,68.38905334472656,40.65414810180664,28.25799560546875,22.657482147216797,57.92100143432617,61.71723937988281,53.991634368896484,15.978935241699219,92.30999755859375,14.785626411437988
2009-06-26,68.2108154296875,40.7974967956543,28.20277214050293,22.77729034423828,58.01913070678711,61.799015045166016,54.0185546875,16.114757537841797,92.29000091552734,14.7344388961792
2009-06-29,68.84952545166016,40.7974967956543,28.442089080810547,22.94643211364746,58.105045318603516,61.92847442626953,53.95935821533203,16.10430335998535,92.04000091552734,14.824009895324707
2009-06-30,68.2925033569336,40.67805862426758,28.11072540283203,22.713855743408203,58.00688552856445,61.76493835449219,53.94326400756836,16.198328018188477,91.18000030517578,14.708842277526855
2009-07-01,68.57472229003906,41.30718231201172,28.57709312438965,23.12965965270996,57.89181137084961,61.725379943847656,53.87028121948242,16.480405807495117,92.38999938964844,14.958365440368652
2009-07-02,66.70310974121094,39.885494232177734,27.754819869995117,22.495389938354492,58.027225494384766,61.9302864074707,53.8757209777832,15.608065605163574,91.25,14.644872665405273
2009-07-06,66.69568634033203,39.53385925292969,27.79163360595703,22.446054458618164,57.91642761230469,61.971248626708984,54.00539016723633,15.999832153320312,90.76000213623047,14.94556999206543
2009-07-07,65.40337371826172,38.678775787353516,27.116636276245117,21.917503356933594,58.30412673950195,62.217193603515625,53.78926467895508,15.378227233886719,90.70999908447266,14.760037422180176
2009-07-08,65.3587875366211,38.41507339477539,27.00617790222168,21.66379737854004,59.380958557128906,62.9344482421875,54.28094482421875,15.231965065002441,89.2699966430664,14.824009895324707
2009-07-09,65.48503112792969,38.25523376464844,27.337541580200195,22.051408767700195,58.67329788208008,62.56559371948242,54.30256271362305,14.944674491882324,89.51000213623047,14.715249061584473
2009-07-10,65.32907104492188,38.43902587890625,27.018442153930664,21.7906436920166,59.214805603027344,62.95488739013672,54.51873016357422,14.923784255981445,89.58000183105469,14.644872665405273
2009-07-13,66.9184799194336,39.366024017333984,27.490949630737305,21.94569206237793,58.88252258300781,62.729522705078125,54.48624801635742,15.487924575805664,90.19000244140625,14.907183647155762
2009-07-14,67.2972640991211,39.5977897644043,27.63822364807129,22.185302734375,57.90413284301758,62.31280517578125,54.36740493774414,15.675975799560547,90.80999755859375,14.951969146728516
2009-07-15,69.26544189453125,41.12416458129883,28.583223342895508,23.376317977905273,56.41497039794922,61.50674057006836,53.864906311035156,16.25579071044922,92.23999786376953,15.195089340209961
2009-07-16,69.15402221679688,41.6356201171875,28.834819793701172,23.41860008239746,57.0241584777832,61.87562942504883,54.237693786621094,16.443832397460938,91.9800033569336,15.297454833984375
2009-07-17,69.91161346435547,41.47580337524414,28.730501174926758,23.658214569091797,56.144248962402344,61.45892333984375,54.07024383544922,16.00505828857422,91.93000030517578,15.310256004333496
2009-07-20,70.65435028076172,41.98725891113281,29.288904190063477,24.503908157348633,56.43959045410156,61.68440246582031,54.29180908203125,16.569198608398438,93.27999877929688,15.35504150390625
2009-07-21,70.98116302490234,41.91531753540039,29.472999572753906,24.433425903320312,57.56565475463867,62.37430191040039,55.05904006958008,16.52219009399414,93.12999725341797,15.335840225219727
2009-07-22,70.96624755859375,42.24296951293945,29.546632766723633,24.37705421447754,57.04879379272461,62.005409240722656,54.913169860839844,16.5430908203125,93.44000244140625,15.342236518859863
2009-07-23,72.53340911865234,43.577552795410156,30.043682098388672,25.067707061767578,56.00270080566406,61.4042854309082,54.82128143310547,17.201255798339844,93.26000213623047,15.55337142944336
2009-07-24,72.83049774169922,43.80131530761719,30.227771759033203,24.947898864746094,56.273441314697266,61.53404235839844,54.972572326660156,17.3214054107666,93.41000366210938,15.694133758544922
2009-07-27,73.04583740234375,44.02507400512695,30.258455276489258,25.166372299194336,55.62733840942383,61.24721145629883,54.848304748535156,17.572134017944336,93.70999908447266,15.636551856994629
2009-07-28,72.7042007446289,44.04905319213867,30.12959098815918,25.053607940673828,56.11960983276367,61.370113372802734,55.05904006958008,17.556461334228516,92.11000061035156,15.655742645263672
2009-07-29,72.52596282958984,43.8253059387207,29.884136199951172,24.489816665649414,56.427276611328125,61.41111755371094,55.40486145019531,17.33707046508789,91.19999694824219,15.73891830444336
2009-07-30,73.28353881835938,44.592472076416016,30.467090606689453,25.095888137817383,57.22721481323242,61.657020568847656,55.70738983154297,17.958675384521484,91.62000274658203,15.719718933105469
2009-07-31,73.38753509521484,44.408668518066406,30.933460235595703,25.215686798095703,58.341026306152344,62.27865982055664,56.44224166870117,17.943004608154297,93.3499984741211,15.687731742858887
2009-08-03,74.59811401367188,45.18385314941406,31.65141487121582,26.160051345825195,57.4569206237793,61.6168327331543,55.916770935058594,18.26686668395996,93.87000274658203,15.70692253112793
2009-08-04,74.7912368774414,45.639366149902344,31.602327346801758,25.920442581176758,57.00003433227539,61.438743591308594,55.63444900512695,19.264568328857422,94.68000030517578,15.73251724243164
2009-08-05,74.57587432861328,45.18385314941406,31.473459243774414,25.70196533203125,56.147987365722656,61.089393615722656,55.645294189453125,20.001102447509766,94.77999877929688,15.630146026611328
2009-08-06,74.18965148925781,44.55250549316406,31.277103424072266,25.49053955078125,56.33934783935547,61.089393615722656,55.493282318115234,19.849613189697266,94.5999984741211,15.47020435333252
2009-08-07,75.16259002685547,45.62337875366211,31.246416091918945,25.74425506591797,55.8701057434082,60.68512725830078,55.48240280151367,20.957014083862305,93.75,15.5341796875
2009-08-10,75.00666809082031,45.703285217285156,31.056188583374023,25.455307006835938,56.567787170410156,61.07563400268555,55.65619659423828,20.507780075073242,92.93000030517578,15.546978950500488
2009-08-11,74.07080841064453,44.968074798583984,30.878225326538086,24.976083755493164,57.222232818603516,61.50035095214844,55.943912506103516,19.912294387817383,92.79000091552734,15.546978950500488
2009-08-12,74.86553192138672,45.6473388671875,31.228002548217773,25.20159912109375,56.611000061035156,61.32908248901367,55.45530319213867,20.058561325073242,92.94999694824219,15.540584564208984
2009-08-13,75.43739318847656,46.02293014526367,31.706640243530273,25.638547897338867,57.413639068603516,61.80868911743164,55.992759704589844,20.163022994995117,93.72000122070312,15.630146026611328
2009-08-14,74.85810089111328,45.079952239990234,31.4366397857666,25.173416137695312,57.63593292236328,62.00053024291992,55.98189163208008,19.995874404907227,93.0,15.610958099365234
2009-08-17,73.01617431640625,43.80931854248047,30.42412757873535,24.18677520751953,58.48798370361328,62.4252815246582,56.07421112060547,18.930265426635742,91.61000061035156,15.451005935668945
2009-08-18,73.59548950195312,44.39268112182617,30.951866149902344,24.71533203125,58.14842987060547,62.206050872802734,55.933040618896484,19.118310928344727,92.05999755859375,15.476601600646973
2009-08-19,74.24163818359375,44.936100006103516,31.215736389160156,24.77875518798828,58.62998962402344,62.438968658447266,56.112205505371094,18.96683120727539,92.52999877929688,15.578965187072754
2009-08-20,75.00666809082031,45.42359161376953,31.4366397857666,25.208648681640625,59.111568450927734,62.603389739990234,56.378231048583984,19.724252700805664,92.2699966430664,15.655742645263672
2009-08-21,76.4771957397461,46.47046661376953,32.12391662597656,25.58921241760254,57.895267486572266,61.96623992919922,56.12303924560547,20.241382598876953,93.6500015258789,15.828485488891602
2009-08-24,76.46977233886719,46.45448684692383,32.1177864074707,25.70196533203125,58.944862365722656,62.34986877441406,56.41079330444336,20.173477172851562,92.33999633789062,15.834888458251953
2009-08-25,76.6183090209961,46.65427780151367,32.43687057495117,25.64558982849121,59.27825927734375,62.51428985595703,56.508480072021484,20.398090362548828,92.76000213623047,15.860474586486816
2009-08-26,76.62574768066406,46.758155822753906,32.30186080932617,25.56806755065918,59.5499267578125,62.596519470214844,56.883060455322266,20.460769653320312,92.79000091552734,15.911664009094238
2009-08-27,76.79657745361328,46.68622970581055,32.547325134277344,25.51873207092285,59.315311431884766,62.4252815246582,56.62246322631836,20.659276962280273,93.19000244140625,15.911664009094238
2009-08-28,76.7817153930664,46.39055633544922,32.565731048583984,25.38483238220215,59.58694839477539,62.569091796875,56.9047966003418,20.842092514038086,93.87000274658203,15.847681045532227
2009-08-31,76.09842681884766,45.71128463745117,32.326419830322266,24.88446807861328,59.64252471923828,62.754051208496094,57.18168640136719,20.51300811767578,93.4000015258789,15.879674911499023
2009-09-01,74.4198989868164,44.68837356567383,31.522546768188477,24.41228675842285,59.49823760986328,62.91692352294922,56.89474105834961,19.416057586669922,93.9000015258789,15.73251724243164
2009-09-02,74.1376724243164,44.46460723876953,31.48573875427246,24.673044204711914,60.365360260009766,63.26044464111328,57.0638427734375,19.0242977142334,96.19000244140625,15.745319366455078
2009-09-03,74.75410461425781,44.96007537841797,31.731176376342773,25.166372299194336,59.99370193481445,63.033721923828125,57.16199493408203,19.405614852905273,97.45999908447266,15.777303695678711
2009-09-04,75.80133819580078,45.591407775878906,32.21596145629883,25.65264320373535,58.971744537353516,62.655860900878906,57.200218200683594,19.630224227905273,97.52999877929688,15.892467498779297
2009-09-08,76.45491027832031,46.09487533569336,32.85414123535156,26.18119239807129,58.556766510009766,62.51158142089844,57.05292510986328,20.314517974853516,97.43000030517578,16.026824951171875
2009-09-09,77.04170227050781,46.88603210449219,33.2591438293457,26.32215118408203,58.48857498168945,62.56655502319336,57.03656768798828,20.711503982543945,97.08000183105469,16.020423889160156
2009-09-10,77.82891845703125,47.46940994262695,33.55368423461914,26.667465209960938,59.566341400146484,63.033721923828125,57.41292190551758,21.019704818725586,97.69999694824219,16.135589599609375
2009-09-11,77.81409454345703,47.48539352416992,33.51073455810547,26.681564331054688,59.89466094970703,63.21920394897461,57.931087493896484,20.983129501342773,98.77999877929688,16.205965042114258
2009-09-14,78.19286346435547,47.988853454589844,33.57823181152344,26.582895278930664,59.30000686645508,62.84821319580078,57.63648986816406,21.604745864868164,97.95999908447266,16.167579650878906
2009-09-15,78.51969146728516,48.38043212890625,33.58436584472656,26.9000301361084,58.996490478515625,62.717716217041016,57.603816986083984,21.949495315551758,98.9000015258789,16.08440589904785
2009-09-16,79.7080307006836,49.379371643066406,34.24709701538086,27.576581954956055,59.10182189941406,62.66957473754883,57.7838249206543,22.84272575378418,99.91000366210938,16.21236228942871
2009-09-17,79.58915710449219,49.275482177734375,34.02618408203125,27.428586959838867,59.845062255859375,62.9787483215332,58.06744384765625,22.743480682373047,99.33999633789062,16.15478515625
2009-09-18,79.63992309570312,49.47526168823242,34.11822509765625,27.50611114501953,59.31243133544922,62.64212417602539,57.70199203491211,22.77482032775879,98.66999816894531,16.366777420043945
2009-09-21,79.43840026855469,49.33940505981445,33.75617980957031,27.266494750976562,59.44866943359375,62.60087203979492,57.838348388671875,22.419612884521484,98.36000061035156,16.315227508544922
2009-09-22,79.9011001586914,49.67985153198242,34.22254943847656,27.68229866027832,59.57251739501953,62.76580810546875,57.974735260009766,23.130023956298828,99.66999816894531,16.347450256347656
2009-09-23,79.23695373535156,49.20724105834961,33.92801284790039,27.266494750976562,59.7522087097168,62.90316390991211,58.00199508666992,22.294246673583984,98.83000183105469,16.347450256347656
2009-09-24,78.36383056640625,48.22198486328125,33.43096160888672,26.73089599609375,59.92557144165039,63.074913024902344,58.09469985961914,21.48029899597168,97.55000305175781,16.263675689697266
2009-09-25,77.9459228515625,47.925594329833984,33.28982925415039,26.84365463256836,60.68745040893555,63.32915496826172,58.31834030151367,21.548877716064453,97.0,16.263675689697266
2009-09-28,79.34141540527344,49.07106399536133,33.743927001953125,27.18897819519043,61.22008514404297,63.43903732299805,58.46562957763672,22.440378189086914,97.05000305175781,16.295900344848633
2009-09-29,79.10260772705078,48.85479736328125,33.54141616821289,27.252403259277344,61.16436767578125,63.41156768798828,58.23651885986328,22.07638931274414,97.43000030517578,16.373212814331055
2009-09-30,78.79663848876953,48.254005432128906,33.55368423461914,27.42154312133789,61.1086540222168,63.45968246459961,58.18744659423828,21.865385055541992,98.8499984741211,16.40543556213379
2009-10-01,76.84146881103516,46.81216049194336,32.676185607910156,26.674518585205078,61.94552230834961,63.93706512451172,57.59136199951172,20.884214401245117,97.88999938964844,16.257232666015625
2009-10-02,76.48326873779297,46.45970153808594,32.31413269042969,26.681564331054688,61.51679611206055,63.9095458984375,57.21885681152344,20.73651123046875,98.37000274658203,16.30878448486328
2009-10-05,77.62503814697266,47.29277038574219,32.7805061340332,27.301734924316406,61.52302551269531,63.90266799926758,57.525630950927734,21.30622673034668,99.81999969482422,16.347450256347656
2009-10-06,78.7369384765625,48.17390823364258,33.332786560058594,27.75276756286621,60.91414260864258,63.69595718383789,57.405086517333984,21.248199462890625,102.27999877929688,16.495651245117188
2009-10-07,78.95336151123047,48.1899299621582,33.45549774169922,27.724578857421875,61.628684997558594,64.10240936279297,57.77214431762695,21.23236846923828,102.36000061035156,16.566532135009766
2009-10-08,79.55782318115234,48.630496978759766,33.94028091430664,28.06285285949707,60.98246383666992,63.8681640625,57.44892120361328,21.638551712036133,103.63999938964844,16.66318702697754
2009-10-09,80.0428695678711,49.19921875,33.854373931884766,28.084001541137695,59.58452224731445,63.255104064941406,56.944881439208984,21.823184967041016,102.83999633789062,16.701845169067383
2009-10-12,80.35631561279297,49.20724105834961,34.05686569213867,28.31656837463379,59.6777458190918,63.441078186035156,57.142127990722656,21.79153823852539,103.55999755859375,16.772722244262695
2009-10-13,80.19216918945312,48.99897003173828,33.98323059082031,28.36589813232422,59.98835372924805,63.58570861816406,57.251678466796875,21.48557472229004,104.26000213623047,16.714733123779297
2009-10-14,81.57270050048828,49.93617248535156,34.79936981201172,29.28206443786621,59.09992599487305,63.1517219543457,56.97773742675781,22.27157211303711,104.18000030517578,16.772722244262695
2009-10-15,81.87122344970703,49.90413284301758,34.95892333984375,29.119958877563477,58.82647705078125,62.94508743286133,56.96680450439453,22.081668853759766,102.86000061035156,16.901599884033203
2009-10-16,81.25931549072266,49.407501220703125,34.431190490722656,28.718280792236328,59.30488586425781,63.23443603515625,57.010616302490234,21.50139808654785,103.18000030517578,16.991811752319336
2009-10-19,81.9309310913086,49.8160285949707,34.983455657958984,29.267969131469727,59.77095413208008,63.33087158203125,57.30104446411133,21.96561050415039,104.2300033569336,17.08846664428711
2009-10-20,81.49808502197266,49.12714767456055,34.79936981201172,28.88035774230957,60.093990325927734,63.47548294067383,57.668067932128906,21.559415817260742,103.41999816894531,17.06913185119629
2009-10-21,80.76673889160156,48.4622917175293,34.68277359008789,28.725309371948242,59.733638763427734,63.33087158203125,57.4270133972168,21.28511619567871,103.75,16.940261840820312
2009-10-22,81.5876235961914,49.1351432800293,35.02027130126953,28.96492576599121,59.44162368774414,63.14484786987305,57.76668167114258,21.844282150268555,103.91999816894531,16.966032028198242
2009-10-23,80.65483856201172,48.10982894897461,34.468013763427734,28.725309371948242,58.99433517456055,62.83488082885742,57.44892120361328,21.58580207824707,103.48999786376953,16.798500061035156
2009-10-26,79.78170776367188,47.67728042602539,33.94641876220703,28.36589813232422,58.23006057739258,62.476654052734375,57.207862854003906,21.533056259155273,101.86000061035156,16.669626235961914
2009-10-27,79.416015625,47.092529296875,33.67640686035156,27.872575759887695,59.02532196044922,63.013938903808594,57.700923919677734,21.221824645996094,101.8499984741211,16.682506561279297
2009-10-28,77.91605377197266,45.522525787353516,32.86641311645508,26.59699249267578,59.30488586425781,63.20680618286133,57.31195068359375,20.330326080322266,100.7300033569336,16.63740348815918
2009-10-29,79.58769989013672,46.38762664794922,33.835968017578125,27.77391242980957,58.65874481201172,62.90374755859375,57.383216857910156,21.25874137878418,102.69000244140625,16.908044815063477
2009-10-30,77.28173828125,45.12199401855469,32.70686721801758,26.477191925048828,59.50992965698242,63.3721923828125,57.898189544677734,20.88948631286621,102.52999877929688,16.64385223388672
2009-11-02,77.84891510009766,45.03388214111328,33.02595520019531,26.871850967407227,59.2469367980957,63.205509185791016,57.812339782714844,20.884214401245117,103.94999694824219,16.804941177368164
2009-11-03,78.09517669677734,45.71476745605469,32.8970947265625,26.914119720458984,58.65473937988281,63.059547424316406,57.548118591308594,21.190174102783203,106.45999908447266,16.695409774780273
2009-11-04,78.2966537475586,45.05790710449219,33.228450775146484,27.41449546813965,58.11872482299805,62.8858642578125,57.773780822753906,20.73651123046875,107.0999984741211,16.75983428955078
2009-11-05,79.73694610595703,46.491764068603516,33.65800857543945,27.97828483581543,58.11872482299805,62.89977264404297,57.812339782714844,21.20600128173828,106.9800033569336,16.837158203125
2009-11-06,79.94586944580078,46.523780822753906,33.75617980957031,27.943052291870117,58.17476272583008,63.08729934692383,57.966407775878906,20.85784339904785,107.43000030517578,16.88227081298828
2009-11-09,81.76671600341797,47.43696594238281,34.70117950439453,28.971973419189453,58.243377685546875,63.11516189575195,57.99943923950195,21.886486053466797,108.19000244140625,17.15934181213379
2009-11-10,81.78162384033203,47.140586853027344,34.51709747314453,28.838075637817383,58.137386322021484,63.16381072998047,57.960899353027344,21.722963333129883,108.38999938964844,17.152896881103516
2009-11-11,82.19955444335938,47.468997955322266,34.62141799926758,29.084732055664062,58.38051986694336,63.34440612792969,58.175559997558594,22.12913703918457,109.5999984741211,17.204450607299805
2009-11-12,81.36375427246094,46.595882415771484,34.11822509765625,28.43637466430664,58.274566650390625,63.3652229309082,58.175559997558594,21.902299880981445,108.20999908447266,17.101350784301758
2009-11-13,81.80402374267578,47.044471740722656,34.596866607666016,28.922643661499023,58.54258346557617,63.413902282714844,58.34619140625,22.19771957397461,109.73999786376953,17.217330932617188
2009-11-16,82.99058532714844,48.28605651855469,35.14914321899414,29.648529052734375,59.2282600402832,63.75425338745117,58.62134552001953,22.73577880859375,111.62999725341797,17.313987731933594
2009-11-17,83.08760070800781,48.28605651855469,34.91596603393555,29.542810440063477,59.546112060546875,63.89326095581055,58.70945739746094,22.340139389038086,111.97000122070312,17.39775276184082
2009-11-18,83.03536987304688,48.1899299621582,34.805511474609375,29.310253143310547,59.19709777832031,63.73343276977539,58.51683044433594,22.746320724487305,112.25,17.38486671447754
2009-11-19,81.95328521728516,46.98837661743164,34.148921966552734,28.767608642578125,59.303016662597656,63.809791564941406,58.58839416503906,22.224092483520508,112.30000305175781,17.30110740661621
2009-11-20,81.66226196289062,46.93231964111328,33.958683013916016,28.647802352905273,59.290592193603516,63.802955627441406,58.3131217956543,22.065839767456055,112.94000244140625,17.32687759399414
2009-11-23,82.69953918457031,47.7493782043457,34.566184997558594,29.2468204498291,59.21575164794922,63.712554931640625,58.3131217956543,22.345422744750977,114.29000091552734,17.475080490112305
2009-11-24,82.82640838623047,47.53309631347656,34.425045013427734,29.084732055664062,59.5897216796875,64.0390853881836,58.53886032104492,22.013086318969727,114.7300033569336,17.513744354248047
2009-11-25,83.11744689941406,47.525081634521484,34.88528060913086,29.423009872436523,59.864013671875,64.25448608398438,58.75345230102539,22.102767944335938,116.62000274658203,17.48153305053711
2009-11-27,81.76671600341797,46.1232795715332,33.87891387939453,28.281322479248047,60.08842086791992,64.5462646484375,58.73695755004883,21.459199905395508,115.05999755859375,17.3204288482666
2009-11-30,82.04280853271484,46.53179931640625,33.98936462402344,28.55617332458496,60.23175048828125,64.65044403076172,59.028656005859375,22.261018753051758,115.63999938964844,17.255996704101562
2009-12-01,83.05775451660156,47.25272750854492,34.92210388183594,29.37367820739746,59.56079864501953,64.2939224243164,58.73349380493164,22.58807945251465,117.37999725341797,17.494409561157227
2009-12-02,83.02044677734375,47.81344985961914,34.97731018066406,29.493488311767578,59.610877990722656,64.16166687011719,58.74455261230469,22.957332611083984,119.18000030517578,17.475080490112305
2009-12-03,82.37120819091797,47.22869873046875,34.89755630493164,29.21864128112793,58.99174880981445,63.8622932434082,58.727970123291016,22.6988525390625,118.69999694824219,17.339759826660156
2009-12-04,82.84134674072266,48.39821243286133,34.77482223510742,29.48644256591797,58.366477966308594,63.38882827758789,58.48472595214844,23.36880111694336,113.75,17.429969787597656
2009-12-07,82.71446990966797,48.47029495239258,34.584598541259766,29.232730865478516,58.441524505615234,63.56288146972656,58.457157135009766,22.878206253051758,113.11000061035156,17.41064453125
2009-12-08,81.79657745361328,48.093833923339844,33.98323059082031,28.690078735351562,58.52899932861328,63.785709381103516,58.705848693847656,22.746320724487305,110.94999694824219,17.210887908935547
2009-12-09,82.1025390625,47.94163131713867,33.94028091430664,28.866268157958984,58.260231018066406,63.66035461425781,58.36867904663086,22.6988525390625,110.83999633789062,17.243112564086914
2009-12-10,82.56521606445312,47.7493782043457,34.04459762573242,29.035398483276367,57.59111022949219,63.444515228271484,58.418487548828125,22.609174728393555,110.81999969482422,17.30110740661621
2009-12-11,82.91595458984375,48.19794845581055,34.032318115234375,29.1411190032959,57.584842681884766,63.13120651245117,58.14205551147461,22.973159790039062,109.31999969482422,17.39775276184082
2009-12-14,83.48310852050781,48.92688751220703,34.363685607910156,29.338436126708984,57.65363693237305,63.13120651245117,58.462642669677734,23.389894485473633,110.23999786376953,17.46219253540039
2009-12-15,83.09508514404297,48.79071044921875,33.98323059082031,29.035398483276367,57.397300720214844,62.92922592163086,58.04261016845703,23.157791137695312,110.20999908447266,17.391313552856445
2009-12-16,83.22190856933594,49.10310745239258,34.38209533691406,29.204530715942383,57.3284797668457,62.92922592163086,58.26369094848633,23.32659149169922,111.58999633789062,17.307544708251953
2009-12-17,82.22196197509766,48.55841827392578,33.572105407714844,28.36589813232422,58.272708892822266,63.4863166809082,58.51239013671875,23.18416404724121,107.33999633789062,17.101350784301758
2009-12-18,82.68712615966797,49.00698471069336,33.6518669128418,28.443418502807617,58.0225944519043,63.172977447509766,58.418487548828125,23.337141036987305,108.94999694824219,17.06818199157715
2009-12-21,83.52743530273438,49.65582275390625,33.75005340576172,28.408187866210938,56.99079132080078,62.5254020690918,58.13654708862305,23.65364646911621,106.94999694824219,17.159236907958984
2009-12-22,83.82754516601562,50.12041091918945,33.964298248291016,28.694486618041992,56.671875,62.246925354003906,57.89334487915039,23.901575088500977,106.16999816894531,17.276325225830078
2009-12-23,83.99258422851562,50.76625061035156,34.27391815185547,28.978662490844727,56.68438720703125,62.219078063964844,58.07572555541992,24.186437606811523,106.55000305175781,17.289329528808594
2009-12-24,84.3902359008789,50.959285736083984,34.410133361816406,29.269948959350586,56.09661865234375,61.99628448486328,57.804927825927734,24.535879135131836,108.36000061035156,17.354381561279297
2009-12-28,84.57027435302734,50.87885665893555,34.55875778198242,29.369401931762695,55.94028091430664,61.82917785644531,57.65013122558594,24.65342903137207,108.55000305175781,17.38690185546875
2009-12-29,84.45024871826172,50.8547248840332,34.61448669433594,29.26422691345215,56.30925750732422,61.99237823486328,57.82500457763672,24.28474998474121,107.47000122070312,17.41942024230957
2009-12-30,84.42022705078125,50.82256317138672,34.47206497192383,29.39214324951172,56.679508209228516,62.103981018066406,57.891563415527344,24.32215118408203,106.93000030517578,17.38690185546875
2009-12-31,83.60994720458984,50.219356536865234,34.23056411743164,29.491636276245117,56.40967559814453,61.80403137207031,57.80835723876953,23.905384063720703,107.30999755859375,17.2177791595459
2010-01-04,85.02796173095703,51.45793151855469,35.128440856933594,30.35150146484375,56.359474182128906,61.957481384277344,58.113624572753906,23.80387306213379,109.80000305175781,17.347869873046875
2010-01-05,85.25303649902344,51.2809944152832,35.15939712524414,30.571807861328125,56.7234001159668,62.229576110839844,58.391136169433594,23.77715301513672,109.69999694824219,17.354381561279297
2010-01-06,85.31306457519531,51.23274612426758,35.308013916015625,30.635757446289062,55.964141845703125,61.97844696044922,58.21904754638672,23.734403610229492,111.51000213623047,17.341371536254883
2010-01-07,85.67317962646484,51.61073684692383,35.171775817871094,30.458097457885742,56.058265686035156,61.97844696044922,58.291221618652344,23.990877151489258,110.81999969482422,17.341371536254883
2010-01-08,85.95828247070312,51.89224624633789,35.45043182373047,30.699722290039062,56.03314208984375,62.05516052246094,58.41886901855469,23.814559936523438,111.37000274658203,17.2828311920166
2010-01-11,86.07831573486328,51.68313980102539,35.7414665222168,30.635757446289062,55.72564697265625,62.097023010253906,58.47997283935547,23.953472137451172,112.8499984741211,17.32835578918457
2010-01-12,85.27552032470703,51.120147705078125,35.32040786743164,30.14542007446289,56.679508209228516,62.54345703125,58.59091567993164,23.552734375,110.48999786376953,17.42593002319336
2010-01-13,85.99577331542969,51.779640197753906,35.61762237548828,30.237794876098633,56.020606994628906,62.2435188293457,58.34671401977539,24.028276443481445,111.54000091552734,17.549522399902344
2010-01-14,86.22837829589844,51.97270202636719,35.89008712768555,30.15963363647461,56.804996490478516,62.53649139404297,58.557647705078125,24.006919860839844,112.02999877929688,17.497478485107422
2010-01-15,85.26054382324219,51.216644287109375,35.32659149169922,29.811416625976562,57.15647506713867,62.81551742553711,58.53547668457031,23.825233459472656,110.86000061035156,17.412921905517578
2010-01-19,86.32592010498047,52.157657623291016,35.6733512878418,30.41546630859375,56.993263244628906,62.70390319824219,58.58540725708008,24.311471939086914,111.5199966430664,17.516990661621094
2010-01-20,85.44808959960938,51.40163803100586,34.76309585571289,29.68350601196289,57.57061004638672,62.920101165771484,58.54652404785156,24.03896141052246,108.94000244140625,17.38690185546875
2010-01-21,83.80500793457031,50.557132720947266,34.0200309753418,28.788097381591797,57.834224700927734,63.15031814575195,58.70197677612305,23.34969711303711,107.37000274658203,17.139726638793945
2010-01-22,81.93682098388672,49.64829635620117,33.35746765136719,28.148523330688477,57.73379898071289,63.20615768432617,58.61312484741211,22.76194953918457,107.16999816894531,17.100704193115234
2010-01-25,82.35698699951172,49.7045783996582,33.76613998413086,28.354602813720703,57.47023010253906,63.06660079956055,58.607627868652344,22.922243118286133,107.4800033569336,17.133220672607422
2010-01-26,82.01187133789062,49.213993072509766,33.57418441772461,27.764774322509766,57.48902893066406,63.192222595214844,58.45218276977539,22.708520889282227,107.55999755859375,17.113706588745117
2010-01-27,82.40203094482422,49.73677444458008,33.53704071044922,27.693708419799805,57.45766830444336,63.04567337036133,58.24123764038086,22.911558151245117,106.52999877929688,17.15273666381836
2010-01-28,81.45667266845703,48.88423156738281,32.97355270385742,27.501832962036133,57.42628479003906,63.024776458740234,58.15799331665039,22.713857650756836,106.4800033569336,17.10720443725586
2010-01-29,80.57137298583984,48.345367431640625,32.49674987792969,27.203367233276367,57.92830276489258,63.26890563964844,58.52986145019531,22.585622787475586,105.95999908447266,17.04215431213379
2010-02-01,81.8243179321289,48.916404724121094,33.09119415283203,27.935331344604492,57.402503967285156,63.05196762084961,58.269004821777344,22.997055053710938,108.3499984741211,17.17225456237793
2010-02-02,82.81466674804688,49.45527648925781,33.642303466796875,28.162734985351562,57.56621170043945,63.156917572021484,58.452999114990234,23.31229591369629,109.12999725341797,17.41942024230957
2010-02-03,82.40203094482422,49.125518798828125,33.28934860229492,27.999286651611328,56.89869689941406,62.85601806640625,58.39165115356445,22.932918548583984,108.69999694824219,17.29582977294922
2010-02-04,79.85859680175781,47.48479080200195,31.93325424194336,26.73434066772461,57.79924774169922,63.373931884765625,58.38606262207031,22.083375930786133,104.37000274658203,16.944581985473633
2010-02-05,80.02365112304688,47.669776916503906,31.877525329589844,26.43587303161621,57.92514419555664,63.576873779296875,58.207672119140625,22.489442825317383,104.68000030517578,16.89905548095703
2010-02-08,79.44595336914062,47.19525146484375,31.24591636657715,26.172935485839844,58.00074005126953,63.52085876464844,58.2634162902832,21.99786949157715,104.04000091552734,16.87953758239746
2010-02-09,80.44380187988281,47.846710205078125,32.23048400878906,27.02570343017578,57.42138671875,63.17790985107422,58.1296272277832,21.92841911315918,105.41000366210938,17.0811824798584
2010-02-10,80.28626251220703,47.95930099487305,32.02613830566406,26.95463752746582,56.87345504760742,63.00294494628906,57.67815017700195,21.971155166625977,105.12000274658203,17.061674118041992
2010-02-11,81.12655639648438,48.723392486572266,32.32337188720703,27.66527557373047,56.564910888671875,62.92596435546875,57.81189727783203,22.17953872680664,107.12999725341797,17.19826889038086
2010-02-12,81.05902099609375,49.077266693115234,32.04471206665039,27.31707000732422,56.79792785644531,63.07296371459961,57.87880325317383,22.441360473632812,107.04000091552734,17.19826889038086
2010-02-16,82.3344955444336,49.90567398071289,32.75682067871094,28.020601272583008,56.90495681762695,63.21291732788086,58.107357025146484,23.077199935913086,109.62000274658203,17.3738956451416
2010-02-17,82.7246322631836,50.24348068237305,32.800167083740234,28.120088577270508,56.25633239746094,62.876949310302734,57.91225051879883,23.285566329956055,109.25,17.497478485107422
2010-02-18,83.21229553222656,50.65365219116211,32.985923767089844,28.226696014404297,56.02956771850586,62.65300750732422,57.87321853637695,23.632883071899414,109.9800033569336,17.601551055908203
2010-02-19,83.38485717773438,50.717994689941406,32.78158950805664,27.98507308959961,56.3319206237793,62.68805694580078,58.079498291015625,23.648910522460938,109.47000122070312,17.64059066772461
2010-02-22,83.39988708496094,50.87081527709961,32.8435173034668,28.020601272583008,56.09885787963867,62.63907241821289,58.11294937133789,23.707693099975586,109.06999969482422,17.64059066772461
2010-02-23,82.38700866699219,50.2756462097168,32.379093170166016,27.373920440673828,56.974273681640625,63.11498260498047,58.25227737426758,23.526025772094727,107.88999938964844,17.54301643371582
2010-02-24,83.144775390625,50.70191192626953,32.583438873291016,27.636856079101562,57.11280822753906,63.14999008178711,58.50315475463867,23.766462326049805,107.36000061035156,17.653587341308594
2010-02-25,83.03223419189453,50.717994689941406,32.38528060913086,27.409452438354492,57.433963775634766,63.38089370727539,58.441856384277344,23.857295989990234,108.30999755859375,17.666597366333008
2010-02-26,83.08477020263672,50.508888244628906,32.583438873291016,27.686603546142578,57.72996520996094,63.47886657714844,58.826454162597656,23.846616744995117,109.43000030517578,17.58203887939453
2010-03-01,83.94754791259766,51.68313980102539,32.83732986450195,28.155624389648438,57.70465850830078,63.54487228393555,58.90201187133789,24.04964256286621,109.43000030517578,17.705625534057617
2010-03-02,84.18013000488281,52.07722854614258,33.08501052856445,28.47541618347168,57.62886428833008,63.579891204833984,59.02519226074219,24.060340881347656,111.0199966430664,17.770675659179688
2010-03-03,84.25517272949219,52.37481689453125,33.48131561279297,28.510944366455078,57.48357391357422,63.516807556152344,59.148345947265625,23.996212005615234,111.62999725341797,17.777177810668945
2010-03-04,84.51030731201172,52.51154327392578,33.39461898803711,28.361719131469727,57.78680419921875,63.629066467285156,59.17631149291992,24.145824432373047,110.83000183105469,17.835723876953125
2010-03-05,85.71820831298828,53.581241607666016,34.044795989990234,29.100778579711914,57.02869415283203,63.32729721069336,59.103553771972656,24.803049087524414,110.80999755859375,17.946300506591797
2010-03-08,85.73320770263672,53.677757263183594,34.044795989990234,29.122093200683594,56.73179626464844,63.15888595581055,59.19872283935547,25.05417251586914,109.87999725341797,17.88125228881836
2010-03-09,85.8757553100586,53.87077713012695,33.964298248291016,29.285551071166992,56.744380950927734,63.320308685302734,59.14274597167969,25.11294174194336,109.72000122070312,17.855239868164062
2010-03-10,86.25837707519531,54.32923126220703,34.106719970703125,29.491636276245117,56.59908676147461,63.215030670166016,59.19872283935547,25.337366104125977,108.47000122070312,17.82921600341797
2010-03-11,86.61849975585938,54.490081787109375,34.236751556396484,29.498737335205078,56.807579040527344,63.15888595581055,59.17631149291992,25.48697280883789,108.5999984741211,17.861738204956055
2010-03-12,86.62603759765625,54.4659538269043,34.465877532958984,29.39925193786621,57.161380767822266,63.25715255737305,59.29948425292969,25.69000816345215,107.94999694824219,17.874752044677734
2010-03-15,86.64855194091797,54.28096008300781,34.2243766784668,29.186058044433594,57.085540771484375,63.25715255737305,59.28831100463867,25.631242752075195,108.36000061035156,18.011348724365234
2010-03-16,87.33878326416016,54.7474365234375,34.657833099365234,29.56269073486328,57.54044723510742,63.50271224975586,59.56257247924805,26.25103187561035,110.4000015258789,18.095914840698242
2010-03-17,87.85645294189453,55.06916427612305,34.843597412109375,29.88249397277832,57.78680419921875,63.579891204833984,59.78090286254883,26.64109230041504,109.58999633789062,18.17396354675293
2010-03-18,87.81144714355469,54.90026092529297,34.639251708984375,29.65508270263672,57.59724807739258,63.41156768798828,59.663360595703125,26.496829986572266,110.33999633789062,18.193479537963867
2010-03-19,87.36695098876953,54.21662139892578,34.286293029785156,29.271333694458008,57.654170989990234,63.32729721069336,59.61854553222656,26.208295822143555,108.27999877929688,18.139911651611328
2010-03-22,87.83406829833984,54.98069763183594,34.3853759765625,29.3779239654541,57.717350006103516,63.53781509399414,59.713741302490234,26.539573669433594,107.75,18.231367111206055
2010-03-23,88.4518051147461,55.68041229248047,34.62686538696289,29.584016799926758,57.44566345214844,63.404502868652344,59.6745719909668,26.464765548706055,108.31999969482422,18.375076293945312
2010-03-24,88.02237701416016,55.045040130615234,34.05718994140625,29.143413543701172,56.39692306518555,62.77294158935547,59.23231506347656,26.60903549194336,106.30000305175781,18.244422912597656
2010-03-25,87.87924194335938,54.698341369628906,34.03860855102539,29.06524658203125,56.036842346191406,62.54133605957031,59.019622802734375,26.674177169799805,106.77999877929688,18.218290328979492
2010-03-26,87.82654571533203,54.67418670654297,34.37297439575195,29.20738410949707,56.19477844238281,62.68871307373047,59.19872283935547,26.534202575683594,108.58999633789062,18.231367111206055
2010-03-29,88.38402557373047,54.97248458862305,34.66400909423828,29.73324203491211,55.98000717163086,62.597450256347656,59.148345947265625,26.61495590209961,108.75,18.3162899017334
2010-03-30,88.44429016113281,55.14182662963867,34.66400909423828,29.84695053100586,56.156864166259766,62.66064453125,59.181941986083984,26.577274322509766,107.97000122070312,18.348949432373047
2010-03-31,88.1429214477539,54.66611099243164,34.66400909423828,29.932231903076172,56.542205810546875,62.808006286621094,59.20989227294922,26.27581024169922,108.94999694824219,18.244422912597656
2010-04-01,88.74562072753906,55.174068450927734,35.27705001831055,30.71393585205078,56.403987884521484,62.67781066894531,59.338714599609375,26.41037940979004,110.26000213623047,18.36200714111328
2010-04-05,89.46881866455078,56.20610046386719,35.314212799072266,30.9910888671875,55.465545654296875,62.11478042602539,58.79323196411133,26.991790771484375,110.88999938964844,18.36200714111328
2010-04-06,89.67977142333984,56.53669738769531,35.215126037597656,31.083473205566406,55.55430221557617,62.29780197143555,58.93382263183594,27.610857009887695,111.02999877929688,18.3032169342041
2010-04-07,89.16747283935547,56.359317779541016,34.96744155883789,30.813425064086914,56.264503479003906,62.68483352661133,59.23186492919922,27.002553939819336,112.48999786376953,18.185636520385742
2010-04-08,89.47637939453125,56.302860260009766,34.930294036865234,30.920013427734375,56.28989028930664,62.61446762084961,59.11936950683594,27.034849166870117,112.6500015258789,18.218290328979492
2010-04-09,90.06400299072266,56.641510009765625,35.388511657714844,31.11189079284668,56.42301940917969,62.68483352661133,59.15876388549805,27.417072296142578,113.63999938964844,18.3162899017334
2010-04-12,90.20712280273438,56.875343322753906,35.499961853027344,30.863168716430664,56.72107696533203,62.853755950927734,59.32743453979492,27.244796752929688,113.01000213623047,18.375076293945312
2010-04-13,90.27489471435547,57.00430679321289,35.46900939941406,30.799213409423828,56.90495681762695,62.973388671875,59.541080474853516,27.91234016418457,112.69000244140625,18.3162899017334
2010-04-14,91.29952239990234,58.22182846069336,35.93961715698242,31.254026412963867,56.50547790527344,62.80448913574219,59.490474700927734,27.955402374267578,113.02999877929688,18.3424072265625
2010-04-15,91.3748550415039,58.39921188354492,35.914852142333984,31.083473205566406,56.56890106201172,62.91004180908203,59.591705322265625,27.190967559814453,113.6500015258789,18.30975341796875
2010-04-16,89.92085266113281,57.61711120605469,35.122249603271484,30.173851013183594,56.98106002807617,63.29013442993164,59.7322883605957,26.566503524780273,111.23999786376953,18.231367111206055
2010-04-19,90.25985717773438,57.33489990234375,35.029354095458984,30.05303955078125,56.84151840209961,63.135318756103516,59.5804328918457,26.6849422454834,111.1500015258789,18.3032169342041
2010-04-20,91.06594848632812,58.11699676513672,35.246089935302734,30.408361434936523,57.044490814208984,63.163387298583984,59.709815979003906,27.137130737304688,111.45999908447266,18.35547637939453
2010-04-21,90.90023040771484,58.520164489746094,35.016971588134766,30.308879852294922,57.513694763183594,63.367488861083984,59.91783905029297,27.610857009887695,112.30999755859375,18.35547637939453
2010-04-22,91.1714096069336,59.14097213745117,34.701171875,30.43678092956543,57.3425178527832,63.21974182128906,59.78285598754883,28.036148071289062,111.83999633789062,18.35547637939453
2010-04-23,91.76658630371094,59.76988220214844,34.961238861083984,30.60023307800293,57.13957214355469,63.043800354003906,59.771610260009766,28.407590866088867,113.19000244140625,18.30975341796875
2010-04-26,91.4200439453125,59.54414749145508,34.99840545654297,30.60023307800293,57.20299530029297,63.08598709106445,59.79975509643555,28.633689880371094,112.75,18.270559310913086
2010-04-27,89.25788879394531,58.181514739990234,33.592777252197266,29.505849838256836,58.00832748413086,63.67715835571289,59.839111328125,27.718544006347656,114.62999725341797,17.950481414794922
2010-04-28,89.9359130859375,58.27826690673828,33.598960876464844,29.754573822021484,57.513694763183594,63.35336685180664,59.9403076171875,27.804672241210938,114.30999755859375,18.094188690185547
2010-04-29,91.05085754394531,59.511878967285156,34.11910629272461,30.244915008544922,57.75468063354492,63.45903015136719,60.09212875366211,29.058961868286133,114.27999877929688,18.152978897094727
2010-04-30,89.50651550292969,57.770294189453125,33.69184494018555,29.88249397277832,58.420448303222656,63.84607696533203,60.339534759521484,28.154579162597656,115.36000061035156,18.048458099365234
2010-05-03,90.66668701171875,59.06843948364258,33.933345794677734,30.04593276977539,58.344139099121094,63.67877197265625,60.35763931274414,29.091266632080078,115.7300033569336,18.152978897094727
2010-05-04,88.53468322753906,57.21397399902344,32.589622497558594,28.667285919189453,59.394012451171875,64.1093521118164,60.431034088134766,28.429134368896484,114.87000274658203,17.97007942199707
2010-05-05,88.00733184814453,56.37543487548828,31.964216232299805,28.148523330688477,59.74402618408203,64.3564682006836,60.1712646484375,28.046907424926758,115.08999633789062,18.035409927368164
2010-05-06,85.08428192138672,54.26296615600586,30.540002822875977,26.997282028198242,61.589324951171875,65.0622787475586,59.1774787902832,26.894878387451172,118.48999786376953,17.58468246459961
2010-05-07,83.81866455078125,52.69877624511719,30.471885681152344,27.1394100189209,60.81942367553711,64.88582611083984,59.369422912597656,26.442703247070312,118.2699966430664,17.46709632873535
2010-05-10,87.5101318359375,55.65784454345703,32.447208404541016,29.093671798706055,59.55945587158203,64.39171600341797,59.74209976196289,28.1868839263916,117.56999969482422,17.976606369018555
2010-05-11,87.26150512695312,56.028743743896484,31.920867919921875,28.56780433654785,59.406761169433594,64.4693374633789,59.80421447753906,28.353755950927734,120.66000366210938,17.97007942199707
2010-05-12,88.48194122314453,57.746131896972656,32.2800178527832,28.92312240600586,58.95498275756836,64.30701446533203,59.78168869018555,28.81134033203125,121.4000015258789,18.094188690185547
2010-05-13,87.38203430175781,57.189788818359375,31.858951568603516,28.65306854248047,59.34312438964844,64.48345947265625,59.95671081542969,28.34299087524414,120.55999755859375,17.983144760131836
2010-05-14,85.80000305175781,56.08517074584961,30.95488929748535,28.063243865966797,60.37401580810547,64.89998626708984,59.939762115478516,27.44397735595703,120.37000274658203,17.813310623168945
2010-05-17,85.84518432617188,56.18998718261719,30.998226165771484,27.89267921447754,60.151275634765625,64.75883483886719,60.04142761230469,27.481670379638672,119.36000061035156,18.002737045288086
2010-05-18,84.6774673461914,55.10956954956055,30.3294677734375,27.30995750427246,61.0739631652832,65.23175048828125,60.233421325683594,26.787220001220703,119.48999786376953,17.89822006225586
2010-05-19,84.19532775878906,54.45649337768555,30.447128295898438,27.047021865844727,61.27756881713867,65.28822326660156,60.26725387573242,26.539587020874023,116.62999725341797,17.852495193481445
2010-05-20,81.01614379882812,51.69898986816406,29.388256072998047,25.70390510559082,62.56930923461914,65.92352294921875,60.13173294067383,25.177631378173828,115.83999633789062,17.323389053344727
2010-05-21,82.19890594482422,52.464942932128906,30.10655975341797,26.53536033630371,62.632896423339844,65.95879364013672,60.03013610839844,26.02279281616211,115.22000122070312,17.38871192932129
2010-05-24,81.14421081542969,51.76349639892578,29.41302490234375,26.258209228515625,62.41654586791992,65.95879364013672,60.1882438659668,25.44139862060547,116.83999633789062,17.26459503173828
2010-05-25,81.22708892822266,51.75541305541992,29.301557540893555,25.973947525024414,62.72203063964844,66.18465423583984,59.90020751953125,25.645967483520508,117.36000061035156,17.062105178833008
2010-05-26,80.73739624023438,51.88441467285156,28.868114471435547,25.959747314453125,62.54386901855469,66.05057525634766,59.939762115478516,25.592138290405273,118.47000122070312,16.951053619384766
2010-05-27,83.44198608398438,54.10976028442383,30.509044647216797,27.530261993408203,61.12483596801758,65.42235565185547,59.62920379638672,26.997173309326172,118.69000244140625,17.29725456237793
2010-05-28,82.39479064941406,53.416378021240234,29.9207820892334,27.07544708251953,61.404815673828125,65.71878051757812,59.55015182495117,26.652637481689453,118.87999725341797,17.21234130859375
2010-06-01,81.00863647460938,51.795738220214844,29.623546600341797,26.577999114990234,61.8364372253418,65.80376434326172,59.500831604003906,26.098167419433594,119.91000366210938,17.173154830932617
2010-06-02,83.11800384521484,53.2712516784668,30.416156768798828,27.50893783569336,61.24905776977539,65.42857360839844,59.71064758300781,26.60957145690918,119.77999877929688,17.46709632873535
2010-06-03,83.404296875,53.956581115722656,30.323274612426758,27.409452438354492,60.802146911621094,65.33656311035156,59.517852783203125,26.534202575683594,117.95999908447266,17.493221282958984
2010-06-04,80.4737548828125,51.247459411621094,29.02910614013672,26.43587303161621,62.43661117553711,66.24268341064453,59.88068389892578,25.03227424621582,119.19000244140625,17.029438018798828
2010-06-07,79.4717788696289,49.9251594543457,28.663772583007812,26.023693084716797,62.915470123291016,66.51167297363281,60.13022994995117,24.89767837524414,121.48999786376953,16.898801803588867
2010-06-08,80.32305908203125,49.90097427368164,29.121992111206055,26.620643615722656,62.60259246826172,66.30635833740234,60.13022994995117,25.34450912475586,121.0,17.173154830932617
2010-06-09,79.89366149902344,49.93321990966797,29.016714096069336,26.478513717651367,62.5323486328125,66.31340789794922,60.15294647216797,25.49524688720703,120.55999755859375,17.140491485595703
2010-06-10,82.22905731201172,51.65866470336914,30.242786407470703,27.40234375,61.41499328613281,65.69755554199219,59.90342330932617,26.598817825317383,118.97000122070312,17.43444061279297
2010-06-11,82.62833404541016,52.36014175415039,30.28611946105957,27.54446792602539,62.1939582824707,66.11521911621094,60.12456130981445,26.916427612304688,120.01000213623047,17.290721893310547
2010-06-14,82.50025939941406,52.69072723388672,30.47808074951172,27.55157470703125,61.87472152709961,66.0585708618164,60.01112747192383,27.25019073486328,119.5999984741211,17.38871192932129
2010-06-15,84.37619018554688,54.01302719116211,31.44407081604004,28.383024215698242,61.61933517456055,65.85330963134766,59.93741226196289,27.858495712280273,120.98999786376953,17.565080642700195
2010-06-16,84.34601593017578,53.763065338134766,31.295452117919922,28.383024215698242,61.970497131347656,66.03736114501953,59.99979782104492,27.605480194091797,120.33000183105469,17.4475040435791
2010-06-17,84.48159790039062,53.82757568359375,31.3945255279541,28.24089813232422,62.47488784790039,66.34879302978516,60.396766662597656,27.66469383239746,121.9000015258789,17.604272842407227
2010-06-18,84.57322692871094,53.85981750488281,31.33880615234375,28.368816375732422,62.37275314331055,66.21432495117188,60.391056060791016,27.57856559753418,122.83000183105469,17.539804458618164
2010-06-21,84.33098602294922,53.30350112915039,31.332609176635742,28.859159469604492,62.1939582824707,66.16473388671875,60.544158935546875,27.363235473632812,120.38999938964844,17.493745803833008
2010-06-22,82.93822479248047,52.206939697265625,30.936309814453125,28.30486297607422,62.93464279174805,66.56118774414062,60.83905792236328,26.550373077392578,121.44999694824219,17.30295753479004
2010-06-23,82.68085479736328,52.06182098388672,31.14359474182129,28.37781524658203,63.362388610839844,66.80901336669922,61.09422302246094,26.620349884033203,120.94999694824219,17.414794921875
2010-06-24,81.31078338623047,51.2313346862793,30.601749420166016,27.877084732055664,62.985633850097656,66.75230407714844,60.85037612915039,26.056819915771484,121.30000305175781,17.20426368713379
2010-06-25,81.65140533447266,52.11016845703125,30.778167724609375,28.206144332885742,63.241111755371094,66.85851287841797,60.952430725097656,26.71434211730957,122.76000213623047,17.026628494262695
2010-06-28,81.39400482177734,51.81185531616211,30.55135154724121,28.01300621032715,63.83487319946289,67.3327407836914,61.28704833984375,26.3991756439209,121.08999633789062,17.171367645263672
2010-06-29,78.88098907470703,49.85258483886719,29.505455017089844,26.875606536865234,64.53082275390625,67.62294006347656,61.25870132446289,25.535137176513672,121.2699966430664,16.89504623413086
2010-06-30,78.13162994384766,49.280113220214844,29.303829193115234,26.696758270263672,64.96492004394531,67.72207641601562,61.502525329589844,25.2634334564209,121.68000030517578,16.77662467956543
2010-07-01,77.78343963623047,48.92535400390625,29.73227882385254,26.8898983001709,65.06743621826172,67.69226837158203,61.57086181640625,25.176477432250977,117.04000091552734,16.809513092041016
2010-07-02,77.35954284667969,48.390655517578125,29.669269561767578,27.004352569580078,64.5487060546875,67.57161712646484,61.394317626953125,24.692842483520508,118.48999786376953,16.74373435974121
2010-07-06,77.8666763305664,47.75967788696289,30.26152801513672,27.505098342895508,65.08023071289062,67.73485565185547,61.650543212890625,24.143999099731445,116.51000213623047,16.842418670654297
2010-07-07,80.31918334960938,49.42609786987305,31.206600189208984,28.11313819885254,64.3180923461914,67.52193450927734,61.69038772583008,25.317766189575195,117.7300033569336,17.164793014526367
2010-07-08,81.11396789550781,50.13795471191406,31.509021759033203,28.249055862426758,63.90825271606445,67.35871124267578,61.53667449951172,25.63295555114746,117.20999908447266,17.421369552612305
2010-07-09,81.71949768066406,50.914554595947266,31.540538787841797,28.592432022094727,63.543216705322266,67.18133544921875,61.46257400512695,25.958999633789062,118.36000061035156,17.421369552612305
2010-07-12,81.77252960205078,50.34018325805664,31.420820236206055,28.363521575927734,63.517601013183594,67.29487609863281,61.53667449951172,26.040508270263672,117.33999633789062,17.48058319091797
2010-07-13,83.0063247680664,51.93380355834961,32.00046920776367,28.69257926940918,62.973236083984375,66.96131896972656,61.57086181640625,26.681743621826172,118.36000061035156,17.63848876953125
2010-07-14,82.99877166748047,51.74775314331055,32.113887786865234,28.635356903076172,63.60725402832031,67.29487609863281,61.844146728515625,26.524154663085938,118.30000305175781,17.645063400268555
2010-07-15,83.0214614868164,51.27046203613281,32.27139663696289,28.499439239501953,64.24124908447266,67.64258575439453,61.95227813720703,26.43720817565918,118.2300033569336,17.69769287109375
2010-07-16,80.73548126220703,49.401832580566406,31.23810577392578,27.64816665649414,64.55509185791016,68.03296661376953,62.060489654541016,25.578611373901367,116.66999816894531,17.447694778442383
2010-07-19,81.21237182617188,49.61215591430664,31.439725875854492,28.01300621032715,64.15800476074219,67.8554916381836,62.049076080322266,25.893796920776367,115.7300033569336,17.48058319091797
2010-07-20,82.11315155029297,50.44536209106445,31.653942108154297,28.67112159729004,64.25408935546875,67.92649841308594,62.117427825927734,26.3774471282959,116.6500015258789,17.69112205505371
2010-07-21,81.04583740234375,49.53935623168945,31.080577850341797,28.37781524658203,65.34282684326172,68.3593978881836,62.4192008972168,25.828569412231445,115.8499984741211,17.500329971313477
2010-07-22,82.85494232177734,51.302833557128906,32.1264762878418,29.236244201660156,64.58711242675781,67.98322296142578,62.3394660949707,26.795860290527344,116.86000061035156,17.69769287109375
2010-07-23,83.57403564453125,52.564781188964844,32.504512786865234,29.43653678894043,63.901851654052734,67.76325225830078,62.4192008972168,27.138208389282227,116.08999633789062,17.86216926574707
2010-07-26,84.44453430175781,53.762001037597656,32.73133087158203,29.6368465423584,63.79299545288086,67.7419204711914,62.47611999511719,27.81748390197754,115.5199966430664,17.95427703857422
2010-07-27,84.43694305419922,53.56785202026367,32.82584762573242,29.586759567260742,63.178123474121094,67.50772094726562,62.26545333862305,27.812055587768555,113.51000213623047,18.020069122314453
2010-07-28,83.89195251464844,52.7022819519043,32.65573501586914,29.422231674194336,63.383113861083984,67.7987060546875,62.487518310546875,27.757715225219727,113.77999877929688,17.921388626098633
2010-07-29,83.48320770263672,52.564781188964844,32.806941986083984,29.472299575805664,63.36390686035156,67.94066619873047,62.51028823852539,27.5240535736084,114.29000091552734,17.70427131652832
2010-07-30,83.46807098388672,52.59711456298828,32.70613479614258,29.615375518798828,64.35010528564453,68.33811950683594,62.80066680908203,27.687074661254883,115.48999786376953,17.75033187866211
2010-08-02,85.35285949707031,53.51123809814453,33.80873107910156,30.380800247192383,63.44676971435547,68.12677764892578,62.66744613647461,28.61631202697754,115.54000091552734,17.95427703857422
2010-08-03,84.9441146850586,53.082496643066406,33.75831985473633,30.23772621154785,63.81298065185547,68.44697570800781,62.82185745239258,28.33916473388672,115.98999786376953,17.796382904052734
2010-08-04,85.51181030273438,53.640663146972656,33.78982162475586,30.28064727783203,63.32475280761719,68.16232299804688,62.62744903564453,28.54022789001465,116.72000122070312,17.86216926574707
2010-08-05,85.42096710205078,53.00968933105469,33.764625549316406,30.14472770690918,63.620235443115234,68.48970031738281,62.74182891845703,28.181570053100586,116.9800033569336,17.783222198486328
2010-08-06,85.07276153564453,52.6942138671875,33.865421295166016,30.10181999206543,64.31417846679688,68.9379653930664,63.10191345214844,28.051156997680664,117.83999633789062,17.82270050048828
2010-08-09,85.52691650390625,53.276634216308594,33.90324020385742,30.25918960571289,64.07647705078125,68.92376708984375,63.307708740234375,28.371753692626953,117.4000015258789,17.9148006439209
2010-08-10,85.06519317626953,52.2735595703125,33.63230895996094,29.84428596496582,64.21142578125,69.27242279052734,63.227657318115234,28.09463119506836,117.7300033569336,17.95427703857422
2010-08-11,82.73381042480469,50.21884536743164,32.10127258300781,28.89287757873535,65.07229614257812,69.66378021240234,63.221923828125,27.39361572265625,117.33999633789062,17.658220291137695
2010-08-12,82.2266845703125,49.96807861328125,32.063472747802734,28.942949295043945,64.91168975830078,69.48588562011719,62.998985290527344,27.051273345947266,118.7699966430664,17.63848876953125
2010-08-13,81.98444366455078,49.401832580566406,31.950063705444336,29.10032844543457,65.72123718261719,69.78478240966797,63.24484634399414,27.051273345947266,118.73999786376953,17.631912231445312
2010-08-16,81.9466323852539,49.79820251464844,32.20838165283203,29.372159957885742,67.36605834960938,70.28999328613281,63.942169189453125,27.0295352935791,119.7300033569336,17.612173080444336
2010-08-17,82.95333862304688,50.65567398071289,32.5675163269043,29.67975425720215,66.98052215576172,69.9341812133789,63.83931350708008,27.649023056030273,119.75,17.783222198486328
2010-08-18,83.104736328125,50.80939483642578,32.554908752441406,29.658302307128906,67.16049194335938,69.86304473876953,63.8964958190918,27.676206588745117,120.22000122070312,17.796382904052734
2010-08-19,81.65898895263672,49.41798782348633,32.0319709777832,29.42938804626465,68.20773315429688,70.17615509033203,63.965057373046875,26.969768524169922,120.38999938964844,17.58584976196289
2010-08-20,81.39400482177734,49.4665412902832,31.698040008544922,29.34354591369629,68.13062286376953,69.948486328125,64.07942199707031,26.88282012939453,119.97000122070312,17.58584976196289
2010-08-23,81.08368682861328,48.79512023925781,31.635040283203125,29.078861236572266,68.14349365234375,70.04093933105469,64.21658325195312,26.741518020629883,119.77999877929688,17.62533187866211
2010-08-24,79.8801498413086,48.236961364746094,31.200298309326172,28.706884384155273,69.2357177734375,70.5959243774414,64.36518096923828,26.632844924926758,120.36000061035156,17.539804458618164
2010-08-25,80.1905288696289,48.96499252319336,31.231809616088867,28.520893096923828,69.0108642578125,70.27576446533203,64.48521423339844,27.056705474853516,121.36000061035156,17.579269409179688
2010-08-26,79.65308380126953,48.60097885131836,31.219207763671875,28.34206199645996,69.65975952148438,70.5959243774414,64.54238891601562,26.8936767578125,120.95999908447266,17.447694778442383
2010-08-27,80.88693237304688,49.87102508544922,31.830352783203125,28.96441078186035,67.68730163574219,69.78478240966797,63.959373474121094,27.339292526245117,121.01000213623047,17.559539794921875
2010-08-30,79.71361541748047,48.7789421081543,31.37041473388672,28.485130310058594,68.98512268066406,70.3184585571289,64.37664794921875,27.12735366821289,120.91000366210938,17.40821075439453
2010-08-31,79.71361541748047,48.6818733215332,31.46493148803711,28.65681266784668,69.74971771240234,70.63151550292969,64.5938491821289,27.333852767944336,122.08000183105469,17.421369552612305
2010-09-01,82.09801483154297,50.566688537597656,32.586429595947266,29.665451049804688,68.30751037597656,70.1229476928711,64.10845947265625,28.225038528442383,121.69000244140625,17.7305908203125
2010-09-02,82.86251068115234,51.12485885620117,32.76913833618164,29.71552848815918,67.58574676513672,69.83041381835938,64.02809143066406,28.58370018005371,122.29000091552734,17.842443466186523
2010-09-03,83.93737030029297,52.03895950317383,33.071563720703125,30.0660457611084,66.74800872802734,69.43095397949219,63.54610061645508,29.002132415771484,121.86000061035156,17.95427703857422
2010-09-07,82.99119567871094,51.05205535888672,32.61161804199219,29.62967872619629,68.11421203613281,69.98026275634766,64.01663970947266,28.556549072265625,122.69999694824219,17.881914138793945
2010-09-08,83.57403564453125,51.35137176513672,32.863643646240234,29.951576232910156,67.57289123535156,69.78762817382812,63.890380859375,28.61631202697754,122.70999908447266,17.960859298706055
2010-09-09,83.96004486083984,51.38374328613281,33.17237091064453,30.123271942138672,66.23900604248047,69.23833465576172,63.5576057434082,28.284828186035156,121.55999755859375,18.020069122314453
2010-09-10,84.38397216796875,51.54550552368164,33.273170471191406,30.230571746826172,65.93611907958984,69.03861999511719,63.603477478027344,28.436986923217773,121.7300033569336,18.1055965423584
2010-09-13,85.32259368896484,52.79935073852539,33.87804412841797,30.953079223632812,66.2583236694336,69.36675262451172,63.689552307128906,28.904321670532227,121.62000274658203,18.125337600708008
2010-09-14,85.26961517333984,52.57284927368164,34.104854583740234,30.93876075744629,66.89624786376953,69.71627807617188,63.98796463012695,28.795637130737305,124.0199966430664,18.158233642578125
2010-09-15,85.5950698852539,52.872161865234375,34.117454528808594,30.9816837310791,65.90388488769531,69.47377014160156,63.88471221923828,29.045612335205078,123.94000244140625,18.283235549926758
2010-09-16,85.5723876953125,52.532413482666016,33.953636169433594,30.824310302734375,65.25302124023438,69.23124694824219,63.683834075927734,28.893449783325195,124.62999725341797,18.302974700927734
2010-09-17,85.60432434082031,52.750823974609375,33.78982162475586,30.774229049682617,65.51725006103516,69.38819885253906,63.890380859375,28.980396270751953,124.54000091552734,18.25460433959961
2010-09-20,86.91321563720703,54.21501541137695,34.375770568847656,31.260671615600586,65.89741516113281,69.60218811035156,63.97073745727539,29.68684196472168,124.87000274658203,18.453380584716797
2010-09-21,86.73822021484375,53.89950942993164,34.369476318359375,31.167682647705078,66.81249237060547,70.25133514404297,64.45842742919922,29.252099990844727,126.01000213623047,18.42024803161621
2010-09-22,86.31204223632812,53.260459899902344,34.3190803527832,31.189138412475586,67.41180419921875,70.35832214355469,64.41828155517578,28.855405807495117,126.19999694824219,18.453380584716797
2010-09-23,85.61190795898438,52.61573028564453,33.94733810424805,30.988845825195312,67.60511016845703,70.45819854736328,64.46419525146484,28.143543243408203,126.30000305175781,18.334110260009766
2010-09-24,87.37744903564453,54.32688903808594,34.892417907714844,31.56111717224121,66.69647216796875,70.10865020751953,64.32072448730469,28.939674377441406,126.69000244140625,18.579273223876953
2010-09-27,86.9588851928711,54.189022064208984,34.71600341796875,31.5039005279541,67.85643768310547,70.65077209472656,64.65354919433594,28.583282470703125,126.72000122070312,18.473257064819336
2010-09-28,87.26329803466797,54.72428512573242,34.91762161254883,31.732803344726562,68.3204345703125,70.88628387451172,64.76826477050781,28.698423385620117,127.8499984741211,18.592527389526367
2010-09-29,87.1111068725586,54.87834167480469,34.86091232299805,31.84010887145996,68.03688049316406,70.71500396728516,64.70514678955078,28.473621368408203,127.94999694824219,18.539520263671875
2010-09-30,86.85236358642578,54.7404899597168,34.602596282958984,32.026092529296875,67.99175262451172,70.62942504882812,64.8887939453125,28.55586814880371,127.91000366210938,18.473257064819336
2010-10-01,87.2176284790039,55.032432556152344,34.94912338256836,32.49822235107422,67.66314697265625,70.6673355102539,64.57430267333984,28.698423385620117,128.91000366210938,18.506389617919922
2010-10-04,86.56316375732422,54.28635025024414,34.4450798034668,32.3980827331543,67.83778381347656,70.9175796508789,64.67794036865234,28.961620330810547,128.4600067138672,18.453380584716797
2010-10-05,88.30585479736328,55.82719802856445,35.421669006347656,32.98466110229492,67.43035125732422,70.93184661865234,64.81048583984375,29.422191619873047,130.99000549316406,18.625654220581055
2010-10-06,88.29827117919922,55.640647888183594,35.71780014038086,32.970367431640625,68.27764892578125,71.38943481445312,65.23092651367188,29.26317596435547,131.80999755859375,18.705171585083008
2010-10-07,88.19168853759766,55.47846221923828,35.59807586669922,32.677059173583984,67.70845031738281,71.46097564697266,65.21363830566406,29.345436096191406,130.3699951171875,18.63890266418457
2010-10-08,88.68634033203125,56.18400192260742,35.83120346069336,33.07050323486328,67.41096496582031,71.48966979980469,65.1502685546875,29.42767906188965,131.66000366210938,18.678668975830078
2010-10-11,88.77007293701172,56.2326774597168,35.78709411621094,33.04904556274414,67.42388153076172,71.5611343383789,65.20790100097656,29.422191619873047,132.2899932861328,18.69854164123535
2010-10-12,89.04402160644531,56.37864685058594,35.711490631103516,32.91312789916992,66.75763702392578,71.35375213623047,65.10997009277344,29.63054847717285,131.9600067138672,18.744922637939453
2010-10-13,89.73653411865234,57.23826599121094,36.11471939086914,33.521175384521484,66.6541748046875,71.35375213623047,65.075439453125,29.93759536743164,134.07000732421875,18.903947830200195
2010-10-14,89.38645935058594,57.197715759277344,36.36674118041992,33.463951110839844,65.65807342529297,70.94610595703125,64.55123138427734,29.8608341217041,134.75,18.91057014465332
2010-10-15,89.56909942626953,57.00309753417969,36.247032165527344,33.4210205078125,64.85600280761719,70.63865661621094,64.14230346679688,29.82244873046875,133.67999267578125,18.956953048706055
2010-10-18,90.0104751586914,57.48154067993164,36.328941345214844,33.435325622558594,65.37992858886719,70.97480773925781,64.58578491210938,30.206279754638672,134.27999877929688,19.023218154907227
2010-10-19,88.83096313476562,56.36241912841797,35.528785705566406,32.376617431640625,65.77448272705078,71.21788787841797,64.59158325195312,29.83342742919922,130.11000061035156,18.79130744934082
2010-10-20,89.6984634399414,56.93821334838867,36.196632385253906,32.891658782958984,65.91679382324219,71.17496490478516,64.70673370361328,30.485912322998047,131.32000732421875,18.956953048706055
2010-10-21,89.8963623046875,56.66248321533203,36.00131607055664,32.891658782958984,65.13412475585938,70.78167724609375,64.53398132324219,30.453004837036133,129.47000122070312,19.023218154907227
2010-10-22,90.063720703125,57.027435302734375,36.0958366394043,32.927425384521484,65.57398223876953,70.80310821533203,64.61457061767578,30.469463348388672,129.72999572753906,19.089475631713867
2010-10-25,90.33013916015625,57.368019104003906,36.234439849853516,33.285091400146484,65.76158142089844,70.78167724609375,64.84501647949219,30.524290084838867,130.85000610351562,19.135854721069336
2010-10-26,90.34532165527344,57.327484130859375,36.00131607055664,33.25650405883789,64.74604797363281,70.30980682373047,64.4993667602539,30.30497169494629,130.8800048828125,19.02984619140625
2010-10-27,90.08658599853516,57.181514739990234,35.65479278564453,32.691368103027344,64.17684173583984,69.90221405029297,64.33235931396484,30.091136932373047,129.52000427246094,18.93045425415039
2010-10-28,90.10181427001953,56.83277893066406,35.93201446533203,32.898826599121094,64.35151672363281,70.30980682373047,64.59158325195312,29.904706954956055,131.24000549316406,18.996707916259766
2010-10-29,90.17029571533203,57.01121139526367,35.91940689086914,32.9918212890625,64.95301818847656,70.62435913085938,64.71826934814453,29.910192489624023,132.6199951171875,19.062969207763672
2010-11-01,90.20072937011719,56.62192153930664,35.78709411621094,33.35664367675781,64.67340087890625,70.5061264038086,64.6963119506836,30.167875289916992,131.9199981689453,18.983463287353516
2010-11-02,90.91606903076172,57.79782485961914,36.379337310791016,33.77153778076172,65.52338409423828,70.74263000488281,64.9969711303711,30.376237869262695,132.49000549316406,19.096101760864258
2010-11-03,91.2813720703125,58.02490997314453,36.63137435913086,33.9789924621582,64.18669128417969,70.97200012207031,64.78307342529297,30.376237869262695,131.57000732421875,19.155733108520508
2010-11-04,93.03923797607422,59.492759704589844,37.463035583496094,34.751564025878906,64.68631744384766,71.5454330444336,65.39591979980469,31.078088760375977,136.02999877929688,19.387645721435547
2010-11-05,93.38929748535156,59.82527160644531,37.299224853515625,34.687191009521484,63.576744079589844,71.24437713623047,65.18785095214844,31.412555694580078,136.3800048828125,19.288253784179688
2010-11-08,93.21427917480469,59.776611328125,37.072410583496094,34.54411315917969,63.86225891113281,71.26591491699219,65.22245788574219,31.242563247680664,137.77999877929688,19.255125045776367
2010-11-09,92.54460144042969,58.98186492919922,36.70067596435547,34.10776138305664,62.4542121887207,70.6638412475586,64.7367935180664,29.975980758666992,135.58999633789062,19.155733108520508
2010-11-10,92.91747283935547,59.63874816894531,36.80778121948242,34.35812759399414,62.53858947753906,70.92898559570312,64.59801483154297,30.348833084106445,137.24000549316406,19.096101760864258
2010-11-11,92.56742095947266,59.403533935546875,36.49275588989258,34.02190399169922,62.50611877441406,70.85014343261719,64.31471252441406,30.107574462890625,137.66000366210938,19.11598014831543
2010-11-12,91.47161865234375,58.414180755615234,36.19032287597656,33.19926834106445,62.16873550415039,70.26242065429688,63.863643646240234,29.827938079833984,133.69000244140625,19.023218154907227
2010-11-15,91.34222412109375,58.42228698730469,36.16513442993164,33.18496322631836,60.87092590332031,69.35930633544922,63.164024353027344,29.542816162109375,132.4199981689453,19.02984619140625
2010-11-16,89.91917419433594,57.28693389892578,35.31455993652344,32.31223678588867,62.38282775878906,69.87544250488281,63.499420166015625,28.528451919555664,130.97000122070312,18.81780242919922
2010-11-17,89.96482849121094,57.44102478027344,35.50987243652344,32.476768493652344,62.03893280029297,69.67469024658203,63.499420166015625,28.74776840209961,130.3800048828125,18.824438095092773
2010-11-18,91.28892517089844,58.5601692199707,36.39824676513672,33.24934768676758,62.29200744628906,69.50984954833984,63.545711517333984,29.005483627319336,132.08999633789062,19.07622528076172
2010-11-19,91.54008483886719,58.754783630371094,36.39824676513672,33.27080535888672,62.67481994628906,69.65316009521484,63.765377044677734,29.15900230407715,132.1999969482422,19.089475631713867
2010-11-22,91.4639892578125,59.03860855102539,36.007625579833984,33.17064666748047,62.94083786010742,70.0259017944336,64.11808776855469,29.235767364501953,133.47999572753906,19.089475631713867
2010-11-23,90.13987731933594,58.47904968261719,34.92392349243164,32.11909484863281,63.252323150634766,70.16927337646484,64.15278625488281,29.005483627319336,134.41000366210938,18.86419105529785
2010-11-24,91.47161865234375,59.7928466796875,35.47837448120117,32.8630485534668,62.12322998046875,69.41669464111328,63.62662124633789,29.564760208129883,134.17999267578125,19.009963989257812
2010-11-26,90.40618133544922,59.37922286987305,34.88612747192383,32.047550201416016,62.98623275756836,69.71769714355469,63.707576751708984,29.504436492919922,133.11000061035156,18.884069442749023
2010-11-29,90.6801528930664,59.468441009521484,34.577396392822266,32.29793167114258,63.524864196777344,69.8682632446289,63.77119827270508,29.48798179626465,133.50999450683594,18.85094451904297
2010-11-30,90.17029571533203,58.998077392578125,34.18675994873047,32.03324890136719,63.855804443359375,69.99004364013672,63.67287826538086,29.35639762878418,135.4199981689453,18.76480484008789
2010-12-01,92.08802032470703,60.31997299194336,35.15703201293945,32.94890594482422,62.436317443847656,69.06969451904297,63.53120803833008,29.526363372802734,135.3800048828125,19.06960105895996
2010-12-02,93.26756286621094,60.928184509277344,35.82489013671875,33.59986114501953,62.273536682128906,68.89727020263672,63.39190673828125,29.981475830078125,135.1999969482422,19.082843780517578
2010-12-03,93.51866912841797,61.36609649658203,36.17143630981445,33.721473693847656,61.785194396972656,68.90435791015625,63.21201705932617,29.975980758666992,138.07000732421875,19.089475631713867
2010-12-06,93.41978454589844,61.747283935546875,36.007625579833984,33.66424560546875,62.65772247314453,69.33551025390625,63.653114318847656,30.036291122436523,139.11000061035156,19.043092727661133
2010-12-07,93.47298431396484,62.10409927368164,36.02652359008789,33.506874084472656,61.316383361816406,68.18592834472656,63.061038970947266,30.102083206176758,136.5,19.149112701416016
2010-12-08,93.81546020507812,62.063541412353516,36.133636474609375,33.29225540161133,60.723907470703125,67.60389709472656,62.65473937988281,29.657962799072266,134.7899932861328,19.22199249267578
2010-12-09,94.18077087402344,62.274444580078125,36.2281379699707,33.17780303955078,61.02337646484375,67.74769592285156,62.80567932128906,29.394777297973633,135.3699951171875,19.274999618530273
2010-12-10,94.72866821289062,63.05293273925781,36.31004333496094,33.32802200317383,60.65222930908203,67.17284393310547,62.51544952392578,29.586692810058594,135.41000366210938,19.308135986328125
2010-12-13,94.78952026367188,62.728538513183594,36.70067596435547,33.542625427246094,60.88017272949219,67.3883285522461,62.74760055541992,29.63603401184082,136.0500030517578,19.308135986328125
2010-12-14,94.8732681274414,62.69611358642578,36.75738525390625,33.592708587646484,59.99456787109375,66.67708587646484,62.36448287963867,29.345436096191406,136.17999267578125,19.400897979736328
2010-12-15,94.43949127197266,62.50148391723633,36.27223205566406,33.04904556274414,59.21329879760742,66.40403747558594,61.97563552856445,29.065793991088867,134.6999969482422,19.420780181884766
2010-12-16,94.98738861083984,63.077239990234375,36.473854064941406,33.14203643798828,59.62348175048828,66.7991714477539,62.27744674682617,29.115129470825195,133.80999755859375,19.593048095703125
2010-12-17,95.0891342163086,63.2718505859375,36.27223205566406,33.192115783691406,60.71084976196289,67.37403106689453,62.84629821777344,29.35639762878418,134.1999969482422,19.623796463012695
2010-12-20,95.31864166259766,63.52327346801758,36.35414123535156,33.04188919067383,60.64571762084961,67.36683654785156,62.80567932128906,29.707307815551758,135.11000061035156,19.60374641418457
2010-12-21,95.92298126220703,64.22883605957031,36.65814208984375,33.524208068847656,61.06899642944336,67.51055145263672,62.93917465209961,30.019853591918945,135.32000732421875,19.556957244873047
2010-12-22,96.22135162353516,64.21009063720703,36.72810745239258,33.639556884765625,60.632728576660156,67.32372283935547,62.88688278198242,30.2501220703125,135.0500030517578,19.64384651184082
2010-12-23,96.08362579345703,64.12862396240234,36.70902633666992,33.603519439697266,60.509002685546875,67.08660125732422,62.915985107421875,30.11305809020996,134.66000366210938,19.65053367614746
2010-12-27,96.12191009521484,64.32415008544922,36.63270950317383,33.4953727722168,61.04938507080078,67.34529876708984,63.037818908691406,30.487220764160156,135.02000427246094,19.556957244873047
2010-12-28,96.25959777832031,64.1449203491211,36.66450881958008,33.524208068847656,59.853763580322266,66.63787078857422,62.535499572753906,30.609174728393555,137.22000122070312,19.610427856445312
2010-12-29,96.32842254638672,64.2834243774414,36.98249435424805,33.953407287597656,60.866519927978516,67.38705444335938,63.00755310058594,30.670143127441406,137.7100067138672,19.61711311340332
2010-12-30,96.17543029785156,64.16121673583984,36.80441665649414,34.126522064208984,60.82077407836914,67.25018310546875,63.036685943603516,30.7532901763916,137.02999877929688,19.583690643310547
2010-12-31,96.19840240478516,63.73759460449219,37.02702331542969,34.364566802978516,61.493717193603516,67.58876037597656,63.19402313232422,30.692310333251953,138.72000122070312,19.590377807617188
2011-01-03,97.19287109375,64.84552001953125,37.33229064941406,34.696380615234375,61.029842376708984,67.3798599243164,63.43875503540039,31.263261795043945,138.0,19.61711311340332
2011-01-04,97.13935852050781,63.88422393798828,37.21782684326172,34.855079650878906,61.10169219970703,67.538330078125,63.52035903930664,30.66459846496582,134.75,19.56363868713379
2011-01-05,97.64423370361328,64.63370513916016,37.05881881713867,34.768516540527344,59.755794525146484,66.81076049804688,63.05418014526367,30.775468826293945,134.3699951171875,19.570327758789062
2011-01-06,97.45298767089844,64.3322982788086,36.63270950317383,34.400634765625,60.01715850830078,67.1565170288086,63.14738464355469,30.487220764160156,133.8300018310547,19.503496170043945
2011-01-07,97.26171875,63.96569061279297,36.48643112182617,34.08324432373047,60.33731460571289,67.60320281982422,63.467926025390625,30.498289108276367,133.5800018310547,19.403228759765625
2011-01-10,97.13935852050781,64.3322982788086,36.422828674316406,33.72978973388672,60.6639518737793,67.83372497558594,63.578643798828125,30.492767333984375,134.1199951171875,19.416595458984375
2011-01-11,97.48360443115234,64.59300994873047,36.670867919921875,34.090457916259766,60.32421875,67.56710815429688,63.54953384399414,30.426237106323242,134.91000366210938,19.403228759765625
2011-01-12,98.36334991455078,65.14693450927734,37.47856140136719,34.775726318359375,59.853763580322266,67.37267303466797,63.50868606567383,30.553720474243164,135.4600067138672,19.56363868713379
2011-01-13,98.20265197753906,65.12252044677734,37.580318450927734,34.47277069091797,60.389549255371094,67.82647705078125,63.78261947631836,30.653528213500977,134.0500030517578,19.60374641418457
2011-01-14,98.91414642333984,65.61131286621094,37.80928039550781,34.57376480102539,60.0040283203125,67.63921356201172,63.479576110839844,30.858606338500977,132.69000244140625,19.60374641418457
2011-01-18,99.08240509033203,65.66018676757812,38.05731201171875,34.52326583862305,59.7231330871582,67.47351837158203,63.444583892822266,31.12468147277832,133.42999267578125,19.61711311340332
2011-01-19,98.11087036132812,63.97385025024414,37.79655838012695,34.256370544433594,60.15436553955078,67.6463851928711,63.397979736328125,30.71449089050293,133.72000122070312,19.577011108398438
2011-01-20,97.9808349609375,63.30582046508789,37.472206115722656,33.88126754760742,59.32457733154297,67.12049102783203,63.12411117553711,30.72003173828125,131.1999969482422,19.67726707458496
2011-01-21,98.20265197753906,62.8822135925293,37.675724029541016,33.52781677246094,59.79500961303711,67.34386444091797,63.21732711791992,30.74220848083496,131.02999877929688,19.710683822631836
2011-01-24,98.76111602783203,63.346595764160156,38.07638931274414,33.787498474121094,59.821144104003906,67.35104370117188,63.24647521972656,30.89740562438965,130.36000061035156,19.744104385375977
2011-01-25,98.81468963623047,63.44431686401367,38.00007247924805,33.58552551269531,60.389549255371094,67.68965148925781,63.561134338378906,31.257705688476562,130.10000610351562,19.81094741821289
2011-01-26,99.1971664428711,64.45448303222656,38.24174880981445,33.88126754760742,59.4748420715332,67.2789535522461,63.20571517944336,31.307607650756836,131.16000366210938,19.75747299194336
2011-01-27,99.44197082519531,64.64183044433594,38.330787658691406,33.7658576965332,59.742713928222656,67.5311050415039,63.31057357788086,31.800954818725586,127.93000030517578,19.556957244873047
2011-01-28,97.7054214477539,63.06144332885742,37.47856140136719,32.698265075683594,60.056297302246094,67.84092712402344,63.392181396484375,31.274343490600586,130.27999877929688,19.369808197021484
2011-01-31,98.43983459472656,63.50138473510742,37.802921295166016,33.044517517089844,59.598960876464844,67.5743408203125,63.21732711791992,31.690088272094727,129.8699951171875,19.302967071533203
2011-02-01,100.01573944091797,64.96773529052734,38.69965362548828,33.8452033996582,59.303955078125,67.26017761230469,63.13364791870117,31.767684936523438,130.8000030517578,19.44333267211914
2011-02-02,99.824462890625,64.72332000732422,38.6678581237793,33.59272766113281,59.31705856323242,67.101318359375,63.01081466674805,31.767684936523438,130.4499969482422,19.369808197021484
2011-02-03,100.0462875366211,64.951416015625,38.674217224121094,33.54945373535156,58.82533645629883,66.71851348876953,62.85871505737305,31.856355667114258,132.1999969482422,19.470067977905273
2011-02-04,100.32938385009766,65.06548309326172,38.6614990234375,33.54224395751953,58.22867202758789,66.3068618774414,62.665611267089844,31.62356948852539,131.66000366210938,19.583690643310547
2011-02-07,100.95668029785156,65.70902252197266,38.78233337402344,33.58552551269531,58.53024673461914,66.27796173095703,62.73583984375,31.933984756469727,131.67999267578125,19.610427856445312
2011-02-08,101.41565704345703,66.17340087890625,39.03673553466797,33.599952697753906,57.99259567260742,65.82301330566406,62.507633209228516,32.072566986083984,133.13999938964844,19.703996658325195
2011-02-09,101.18617248535156,65.88009643554688,38.922245025634766,32.8281135559082,58.497493743896484,66.19851684570312,62.91132354736328,32.09473419189453,133.07000732421875,19.73741912841797
2011-02-10,101.22440338134766,66.14076232910156,38.6678581237793,32.517940521240234,57.82217025756836,65.98185729980469,62.601280212402344,32.22776412963867,132.85000610351562,19.663894653320312
2011-02-11,101.82875061035156,66.85767364501953,38.68693542480469,32.914676666259766,58.654808044433594,66.28520202636719,62.946468353271484,32.43840408325195,132.32000732421875,19.770843505859375
2011-02-14,102.07356262207031,67.19982147216797,38.76325607299805,32.74877166748047,58.69420623779297,66.3068618774414,62.98739242553711,32.44394302368164,132.9499969482422,19.683944702148438
2011-02-15,101.75225830078125,66.81693267822266,38.648773193359375,32.813690185546875,58.956451416015625,66.45851135253906,63.12785720825195,32.32200241088867,133.97000122070312,19.67726707458496
2011-02-16,102.3948974609375,67.35460662841797,39.11305236816406,33.08779525756836,58.76626205444336,66.36466217041016,63.05174255371094,32.39405822753906,134.10000610351562,19.730735778808594
2011-02-17,102.70085906982422,67.82709503173828,39.246604919433594,33.203208923339844,58.85808181762695,66.61019134521484,63.16874313354492,32.42732238769531,135.0399932861328,19.864412307739258
2011-02-18,102.91510772705078,67.90044403076172,39.380157470703125,33.405181884765625,58.674537658691406,66.59575653076172,63.262386322021484,32.55480194091797,135.41000366210938,19.917882919311523
2011-02-22,100.84957122802734,66.15708923339844,38.25446701049805,32.33760070800781,59.55309295654297,67.23853302001953,63.43790054321289,32.27210998535156,136.2899932861328,19.77752685546875
2011-02-23,100.22992706298828,65.01659393310547,38.30535125732422,32.366458892822266,59.769474029541016,67.0724105834961,63.36185836791992,32.00048828125,137.50999450683594,19.730735778808594
2011-02-24,100.16102600097656,65.43207550048828,38.33715057373047,32.44580841064453,60.149749755859375,67.24578094482422,63.43205642700195,31.756601333618164,136.47999572753906,19.65053367614746
2011-02-25,101.23207092285156,66.94728088378906,38.7950439453125,32.8353271484375,60.5037841796875,67.46244049072266,63.73044204711914,32.37742233276367,137.3800048828125,19.75079345703125
2011-02-28,101.85935974121094,67.02063751220703,39.14485168457031,33.03009033203125,60.582515716552734,67.4335708618164,63.900108337402344,33.181190490722656,137.66000366210938,19.864412307739258
2011-03-01,100.16102600097656,65.67642974853516,38.597904205322266,32.69106674194336,60.758094787597656,67.51029205322266,63.901248931884766,32.19450378417969,140.02999877929688,19.710683822631836
2011-03-02,100.37525939941406,65.95343017578125,38.80141067504883,33.13829040527344,59.82403564453125,67.15557861328125,63.56063461303711,31.900714874267578,139.9199981689453,19.657215118408203
2011-03-03,102.10415649414062,67.4523696899414,39.29749298095703,33.794708251953125,59.238624572753906,66.69951629638672,63.2904167175293,32.36079788208008,138.08999633789062,19.857728958129883
2011-03-04,101.33914184570312,67.15909576416016,38.94132995605469,33.83076858520508,59.73197937011719,67.17723846435547,63.53120803833008,32.05038833618164,139.35000610351562,19.770843505859375
2011-03-07,100.5435791015625,66.05931091308594,38.566097259521484,33.35469436645508,59.350460052490234,67.01075744628906,63.3726692199707,31.81757164001465,139.72000122070312,19.717365264892578
2011-03-08,101.42330932617188,67.1346664428711,38.68693542480469,33.801918029785156,58.98868179321289,66.85150909423828,63.2904167175293,32.266571044921875,139.36000061035156,19.891151428222656
2011-03-09,101.2779769897461,66.86583709716797,38.69965362548828,33.866844177246094,59.56098937988281,67.24237823486328,63.619327545166016,32.233299255371094,139.41000366210938,19.991411209106445
2011-03-10,99.40371704101562,65.14693450927734,37.73933029174805,32.86418914794922,60.560794830322266,67.81429290771484,63.87775421142578,31.739973068237305,137.77000427246094,19.857728958129883
2011-03-11,100.09223175048828,65.31802368164062,37.73933029174805,33.203208923339844,60.21875,67.65499877929688,63.81898880004883,32.06146240234375,138.22000122070312,19.87110137939453
2011-03-14,99.48788452148438,64.96773529052734,37.065181732177734,33.39796829223633,60.19239044189453,67.80709838867188,63.88954544067383,31.739973068237305,138.86000061035156,19.730735778808594
2011-03-15,98.34803009033203,64.3893051147461,36.289268493652344,32.84253692626953,61.09355545043945,68.05319213867188,63.88364028930664,31.573686599731445,136.27000427246094,19.556957244873047
2011-03-16,96.52732849121094,63.74574661254883,35.16358947753906,32.17169189453125,61.78418731689453,68.63230895996094,64.26544952392578,31.10805320739746,136.24000549316406,19.276233673095703
2011-03-17,97.80484771728516,63.88422393798828,36.33380126953125,32.56843948364258,61.31061935424805,68.42230224609375,64.22429656982422,31.346410751342773,136.97000122070312,19.369808197021484
2011-03-18,98.16064453125,64.73145294189453,36.83622360229492,32.62613296508789,61.475032806396484,68.3789291381836,64.26544952392578,31.662372589111328,138.3699951171875,19.527097702026367
2011-03-21,99.68190002441406,66.23043060302734,37.74567413330078,33.25370407104492,61.11328887939453,68.02422332763672,64.05986785888672,32.006038665771484,139.13999938964844,19.76909637451172
2011-03-22,99.33614349365234,65.88009643554688,37.637569427490234,33.35469436645508,61.31718444824219,68.06039428710938,64.1773452758789,31.800954818725586,139.0500030517578,19.74220848083496
2011-03-23,99.62040710449219,66.08378601074219,37.68207931518555,33.794708251953125,61.23823928833008,67.97358703613281,64.13623809814453,31.45173454284668,140.33999633789062,19.775806427001953
2011-03-24,100.57312774658203,66.54012298583984,38.184513092041016,34.18423843383789,60.77787399291992,67.6260986328125,63.92475891113281,31.58475112915039,139.22000122070312,19.95730972290039
2011-03-25,100.8804931640625,67.11969757080078,37.76476287841797,34.148162841796875,60.62652587890625,67.44511413574219,63.830810546875,31.8315486907959,139.25999450683594,19.95730972290039
2011-03-28,100.63461303710938,66.97276306152344,37.74567413330078,33.97504425048828,60.712093353271484,67.46684265136719,63.85427474975586,31.79246711730957,138.5399932861328,19.950576782226562
2011-03-29,101.31072998046875,67.60136413574219,37.94283676147461,34.364566802978516,60.24506378173828,67.27131652832031,63.54295349121094,31.920886993408203,138.2100067138672,20.04469108581543
2011-03-30,102.00992584228516,68.47484588623047,38.39439010620117,34.8045768737793,60.7252197265625,67.50299835205078,63.760345458984375,32.384307861328125,138.6699981689453,20.15223503112793
2011-03-31,101.87161254882812,68.71158599853516,38.20994567871094,35.107547760009766,60.60024642944336,67.32926940917969,63.554725646972656,32.64674377441406,139.86000061035156,20.111900329589844
2011-04-01,102.30186462402344,69.01363372802734,38.57245635986328,35.670188903808594,60.89487075805664,67.47299194335938,63.8548698425293,32.696990966796875,139.1999969482422,20.21273422241211
2011-04-04,102.38636016845703,69.16873931884766,38.62334060668945,35.9731559753418,60.960845947265625,67.62542724609375,64.0023193359375,32.674659729003906,139.83999633789062,20.253068923950195
2011-04-05,102.37100982666016,69.54425048828125,38.52793884277344,35.901023864746094,60.71647644042969,67.28428649902344,64.03767395019531,32.708160400390625,142.0500030517578,20.273229598999023
2011-04-06,102.69369506835938,69.69933319091797,38.8459358215332,36.09578323364258,59.804969787597656,66.99395751953125,63.831298828125,32.72489929199219,142.3800048828125,20.36734390258789
2011-04-07,102.43247985839844,69.28301239013672,38.6551399230957,36.0597038269043,59.68605041503906,67.00117492675781,63.73691177368164,32.36198806762695,142.50999450683594,20.394227981567383
2011-04-08,102.07901000976562,68.5564956665039,38.97312927246094,36.09578323364258,59.368988037109375,66.80525207519531,63.701541900634766,32.127479553222656,143.66000366210938,20.333724975585938
2011-04-11,101.77169799804688,67.94422912597656,38.896812438964844,35.670188903808594,59.42184829711914,66.89232635498047,63.70747375488281,32.149810791015625,142.63999938964844,20.441280364990234
2011-04-12,101.0110855102539,67.05437469482422,38.53429412841797,34.99934387207031,60.06256866455078,67.26976776123047,63.93154525756836,32.09396743774414,141.61000061035156,20.508502960205078
2011-04-13,101.00340270996094,67.14421844482422,38.648773193359375,35.28787612915039,60.43903732299805,67.53107452392578,64.0435791015625,32.04372787475586,141.89999389648438,20.521940231323242
2011-04-14,101.0802230834961,67.45439147949219,38.82049560546875,35.39607620239258,60.39284133911133,67.30608367919922,63.88437271118164,32.50716018676758,143.80999755859375,20.642932891845703
2011-04-15,101.44902801513672,68.17278289794922,38.76325607299805,35.439361572265625,61.21187973022461,67.79962921142578,64.22050476074219,32.92591094970703,145.0500030517578,20.73031997680664
2011-04-18,100.31188201904297,67.04625701904297,37.9682731628418,34.55210494995117,61.350608825683594,67.96659088134766,64.30894470214844,32.62999725341797,145.92999267578125,20.616043090820312
2011-04-19,100.88813781738281,67.06256103515625,38.248104095458984,35.04983901977539,61.61482238769531,68.05362701416016,64.4446029663086,32.8868293762207,145.92999267578125,20.656383514404297
2011-04-20,102.26347351074219,68.43400573730469,39.22116470336914,35.87937545776367,61.218467712402344,67.78501892089844,64.47408294677734,33.2720947265625,146.5,20.76392364501953
2011-04-21,102.785888671875,68.94015502929688,39.475555419921875,36.19675827026367,61.165653228759766,67.83587646484375,64.5330581665039,33.49543762207031,146.74000549316406,20.770652770996094
2011-04-25,102.67830657958984,68.8503646850586,39.475555419921875,35.901023864746094,61.39683532714844,68.07537841796875,64.59794616699219,33.71876907348633,146.8699951171875,20.716880798339844
2011-04-26,103.5618896484375,69.53609466552734,39.78082275390625,36.2111930847168,61.99134826660156,68.36576080322266,64.89871978759766,34.01469802856445,146.3800048828125,20.8580379486084
2011-04-27,104.2380142211914,69.95245361328125,40.276912689208984,36.14627456665039,61.357173919677734,68.16976165771484,64.81614685058594,34.265968322753906,149.1999969482422,20.99247169494629
2011-04-28,104.57610321044922,70.27078247070312,40.550376892089844,35.85052490234375,61.826194763183594,68.43104553222656,65.02255249023438,34.72380065917969,149.82000732421875,21.12691307067871
2011-04-29,104.8219223022461,70.52384185791016,40.35958480834961,36.06692886352539,62.0177116394043,68.56900024414062,65.14637756347656,34.52280044555664,152.3699951171875,21.18741226196289
2011-05-02,104.66059875488281,69.69933319091797,40.620330810546875,36.07413101196289,62.11726379394531,68.54786682128906,65.29846954345703,34.57304763793945,150.41000366210938,21.214298248291016
2011-05-03,104.28414154052734,68.81771850585938,40.28962326049805,35.27344512939453,62.468841552734375,68.72981262207031,65.26895904541016,34.27712631225586,149.8800048828125,21.268075942993164
2011-05-04,103.59262084960938,67.92788696289062,39.94618225097656,34.689170837402344,62.74745178222656,68.90441131591797,65.36369323730469,34.08169937133789,147.72999572753906,21.241186141967773
2011-05-05,102.65525817871094,67.61766815185547,39.15755844116211,34.35734939575195,63.34449005126953,69.2464599609375,65.58856201171875,34.059364318847656,143.47000122070312,21.07986831665039
2011-05-06,103.10862731933594,67.97687530517578,39.1766471862793,34.8045768737793,63.06583786010742,69.28285217285156,65.58856201171875,33.75785446166992,145.3000030517578,21.133634567260742
2011-05-09,103.50811004638672,68.76870727539062,39.45647048950195,34.869503021240234,62.999534606933594,69.38472747802734,65.65372467041016,33.93095779418945,147.3800048828125,21.207576751708984
2011-05-10,104.39169311523438,69.82181549072266,39.83171081542969,35.28065872192383,62.54845428466797,69.04999542236328,65.3873519897461,34.46696853637695,147.89999389648438,21.335289001464844
2011-05-11,103.29299926757812,68.531982421875,39.03036880493164,34.501617431640625,62.90664291381836,69.29741668701172,65.49391174316406,34.10405349731445,146.5399932861328,21.294967651367188
2011-05-12,103.78471374511719,69.13605499267578,39.15755844116211,34.602596282958984,62.50861740112305,69.14460754394531,65.3399887084961,34.15987777709961,146.58999633789062,21.61089324951172
2011-05-13,102.98566436767578,68.17278289794922,38.54701614379883,33.8452033996582,63.072471618652344,69.41385650634766,65.53534698486328,33.79694747924805,145.6300048828125,21.583993911743164
2011-05-16,102.33258056640625,67.17687225341797,38.4770622253418,33.794708251953125,63.424068450927734,69.58125305175781,65.72476959228516,33.84720993041992,145.3699951171875,21.590726852416992
2011-05-17,102.31724548339844,66.96460723876953,38.55973434448242,33.90290451049805,64.0742416381836,69.78496551513672,65.8135757446289,33.836029052734375,144.74000549316406,21.637773513793945
2011-05-18,103.23152160644531,67.99319458007812,38.7950439453125,34.45112228393555,63.22506332397461,69.38472747802734,65.64779663085938,34.165462493896484,145.60000610351562,21.671388626098633
2011-05-19,103.47737884521484,68.14018249511719,39.01765060424805,34.227508544921875,63.19853210449219,69.45751190185547,65.76030731201172,34.31061935424805,145.64999389648438,21.792377471923828
2011-05-20,102.65525817871094,67.64217376708984,38.46434783935547,33.953407287597656,63.23165512084961,69.62488555908203,65.71295166015625,33.891868591308594,147.49000549316406,21.725162506103516
2011-05-23,101.46440887451172,66.42584228515625,37.57396697998047,33.246490478515625,63.536808013916016,69.71945190429688,65.6715087890625,33.54566955566406,147.8300018310547,21.577281951904297
2011-05-24,101.3798599243164,66.10746765136719,37.79020309448242,33.578304290771484,63.77561569213867,69.79224395751953,65.75436401367188,33.646183013916016,148.58999633789062,21.55711555480957
2011-05-25,101.71793365478516,66.94012451171875,38.0318717956543,33.65044403076172,63.477134704589844,69.79950714111328,65.6241226196289,33.80252456665039,148.5800018310547,21.415945053100586
2011-05-26,102.18661499023438,67.82176208496094,38.388023376464844,34.08324432373047,64.02113342285156,70.18513488769531,65.90830993652344,34.25478744506836,148.22000122070312,21.44956398010254
2011-05-27,102.57845306396484,68.28709411621094,38.6678581237793,34.443912506103516,63.99455642700195,70.17791748046875,65.97928619384766,34.45021438598633,149.6999969482422,21.536945343017578
2011-05-31,103.64642333984375,69.25852966308594,39.46920394897461,35.006553649902344,64.14054107666016,70.28704833984375,65.97344207763672,34.99740219116211,149.63999938964844,21.718441009521484
2011-06-01,101.31837463378906,67.0299072265625,38.53429412841797,34.37898254394531,65.00738525390625,70.86632537841797,66.30323791503906,33.992366790771484,149.91000366210938,21.496620178222656
2011-06-02,101.2108383178711,67.00542449951172,38.7314567565918,34.703590393066406,63.76895523071289,70.44315338134766,65.70303344726562,33.74669647216797,149.5,21.247905731201172
2011-06-03,100.20435333251953,66.02581787109375,38.75054168701172,34.53047180175781,64.1351547241211,70.72038269042969,65.84561157226562,33.88068771362305,150.22000122070312,21.046255111694336
2011-06-06,99.14408111572266,64.9400863647461,38.248104095458984,33.97504425048828,63.64915466308594,70.67656707763672,65.73270416259766,33.38377380371094,150.47999572753906,20.938697814941406
2011-06-07,99.08258056640625,65.09518432617188,38.597904205322266,34.241943359375,63.94207763671875,70.80792236328125,65.95857238769531,33.73551940917969,150.4199981689453,20.891647338867188
2011-06-08,98.66773223876953,64.3686294555664,38.10183334350586,33.99668884277344,64.44142150878906,70.96112823486328,66.00018310546875,33.64060974121094,149.80999755859375,20.905086517333984
2011-06-09,99.4206771850586,64.7115249633789,38.49613952636719,34.263580322265625,64.18171691894531,70.67656707763672,65.8218994140625,33.27767562866211,150.55999755859375,21.019365310668945
2011-06-10,98.03767395019531,63.67475891113281,37.60576629638672,33.52058792114258,64.67448425292969,70.90279388427734,65.74461364746094,32.440162658691406,149.24000549316406,20.777368545532227
2011-06-13,98.114501953125,63.49513244628906,37.66300582885742,33.462890625,64.34821319580078,70.74959564208984,65.81597137451172,32.57414627075195,147.77000427246094,20.87148094177246
2011-06-14,99.35919189453125,64.85843658447266,38.330787658691406,33.967830657958984,63.37617492675781,70.18785095214844,65.61981964111328,33.0599250793457,148.6699981689453,21.093305587768555
2011-06-15,97.59205627441406,63.699222564697266,37.071537017822266,33.23928451538086,64.52799224853516,70.94656372070312,65.98233032226562,32.529483795166016,149.1199951171875,20.777368545532227
2011-06-16,97.80719757080078,63.84617614746094,36.944339752197266,32.98680877685547,64.8209228515625,71.14350128173828,65.85752868652344,32.78632736206055,148.97000122070312,20.945417404174805
2011-06-17,98.09905242919922,63.862510681152344,37.306846618652344,33.03009033203125,64.51464080810547,71.09242248535156,65.88131713867188,33.0990104675293,149.94000244140625,21.07876968383789
2011-06-20,98.60092163085938,64.45027160644531,37.26233673095703,32.97959518432617,64.59453582763672,70.98304748535156,65.89318084716797,33.50101089477539,150.02999877929688,21.234460830688477
2011-06-21,99.95216369628906,65.84622192382812,38.070037841796875,33.58552551269531,64.30831146240234,70.8881607055664,65.87533569335938,33.76344680786133,150.75999450683594,21.214153289794922
2011-06-22,99.34991455078125,65.34008026123047,37.70111846923828,33.251121520996094,64.34821319580078,70.8590087890625,65.9644775390625,33.66293716430664,150.99000549316406,21.07876968383789
2011-06-23,99.06422424316406,65.5931396484375,37.376949310302734,33.2073974609375,64.84085845947266,71.23109436035156,66.13683319091797,32.981746673583984,148.33999633789062,20.88923454284668
2011-06-24,97.91374206542969,65.25846862792969,37.02036666870117,33.14912033081055,64.56793212890625,71.53022003173828,66.1724624633789,32.98681640625,146.25999450683594,20.720008850097656
2011-06-27,98.7862548828125,65.76459503173828,37.32509231567383,33.535240173339844,63.68242263793945,71.25294494628906,65.95857238769531,33.127601623535156,145.72999572753906,20.81477928161621
2011-06-28,100.07568359375,66.7850112915039,37.772438049316406,33.994239807128906,63.16977310180664,70.59635162353516,65.5009536743164,33.403507232666016,146.24000549316406,20.855392456054688
2011-06-29,100.9327621459961,67.1033706665039,38.43375015258789,34.30751419067383,62.75037384033203,70.17327117919922,65.35238647460938,33.752647399902344,147.17999267578125,20.977237701416016
2011-06-30,101.89794921875,67.59318542480469,38.9913215637207,34.6790771484375,62.6505012512207,69.93252563476562,65.4474868774414,33.84273910522461,146.0,21.139690399169922
2011-07-01,103.40354919433594,68.64627838134766,39.41923522949219,35.087066650390625,62.55025863647461,69.75773620605469,65.45100402832031,34.4227409362793,144.92999267578125,21.302148818969727
2011-07-05,103.31863403320312,68.81165313720703,39.18581771850586,35.07249069213867,62.690555572509766,70.196533203125,65.68370819091797,34.68739318847656,147.6300048828125,21.29537582397461
2011-07-06,103.44219970703125,69.0900650024414,38.93946838378906,34.83935546875,63.01121139526367,70.3208236694336,65.82093811035156,34.946434020996094,148.91000366210938,21.41044807434082
2011-07-07,104.51543426513672,70.12994384765625,39.27658462524414,35.320194244384766,62.82415008544922,70.05024719238281,65.83885192871094,35.38565444946289,149.14999389648438,21.55937957763672
2011-07-08,103.77420043945312,69.70416259765625,38.79034423828125,34.91950607299805,63.71265411376953,70.7961654663086,66.26235961914062,35.34059524536133,150.25,21.484909057617188
2011-07-11,101.89794921875,68.22216033935547,37.61684036254883,33.94324493408203,64.6679916381836,71.33734130859375,66.4831314086914,34.72681427001953,151.58999633789062,21.329225540161133
2011-07-12,101.45779418945312,67.83734130859375,37.363990783691406,33.6008186340332,64.88848876953125,71.43968200683594,66.53682708740234,34.84507369995117,152.77000427246094,21.26153564453125
2011-07-13,101.79753112792969,68.44319915771484,37.921566009521484,34.1472282409668,65.06884765625,71.55670928955078,66.70387268066406,34.5015754699707,154.13999938964844,21.26153564453125
2011-07-14,101.0948715209961,67.35420227050781,37.59090042114258,33.78295135498047,64.14025115966797,71.1471939086914,66.292236328125,34.18061065673828,154.5399932861328,21.166776657104492
2011-07-15,101.6817398071289,67.80455780029297,37.7205810546875,33.994239807128906,64.24712371826172,71.43968200683594,66.44140625,34.55788803100586,155.1999969482422,21.227689743041992
2011-07-18,100.84783172607422,66.71556854248047,37.163002014160156,33.6008186340332,63.62583541870117,71.39584350585938,66.18488311767578,34.31575393676758,156.57000732421875,21.092304229736328
2011-07-19,102.48472595214844,68.22216033935547,37.7205810546875,34.088951110839844,64.94860076904297,71.66637420654297,66.50701904296875,34.86760330200195,154.66000366210938,21.383380889892578
2011-07-20,102.42298126220703,68.10750579833984,38.167930603027344,34.19094467163086,64.18035888671875,71.31536865234375,66.3519058227539,35.12099838256836,156.02000427246094,21.349538803100586
2011-07-21,103.8436508178711,68.72979736328125,38.978363037109375,34.73735809326172,63.685951232910156,70.92047882080078,66.25047302246094,35.402557373046875,154.8300018310547,21.525522232055664
2011-07-22,103.91319274902344,68.81983947753906,39.01726150512695,34.71550750732422,64.16695404052734,71.19108581542969,66.51891326904297,35.577110290527344,156.1199951171875,21.484909057617188
2011-07-25,103.3340835571289,68.00923156738281,38.77088928222656,34.64265060424805,63.46552276611328,70.96430206298828,66.20269012451172,35.244895935058594,157.33999633789062,21.288612365722656
2011-07-26,102.94802856445312,67.49340057373047,39.00428771972656,34.75922393798828,63.89973831176758,71.26415252685547,66.49507141113281,35.32371520996094,157.77000427246094,21.234460830688477
2011-07-27,100.84014892578125,65.4791488647461,38.057716369628906,34.1472282409668,63.90638732910156,71.1471939086914,66.29820251464844,34.33264923095703,157.19000244140625,21.004308700561523
2011-07-28,100.54667663574219,65.37271881103516,37.96694564819336,34.176368713378906,64.1468734741211,71.28612518310547,66.44140625,34.36642837524414,157.32000732421875,21.004308700561523
2011-07-29,99.8594970703125,65.29086303710938,38.06420135498047,34.32209777832031,65.41622924804688,72.14901733398438,67.0379867553711,34.372074127197266,158.2899932861328,20.868928909301758
2011-08-01,99.4348373413086,64.86506652832031,37.584434509277344,34.29294204711914,66.07642364501953,72.4114761352539,67.23615264892578,33.854007720947266,157.72000122070312,20.794475555419922
2011-08-02,96.89451599121094,62.8426399230957,36.59245300292969,33.236549377441406,68.06047058105469,73.07854461669922,67.79906463623047,32.77284240722656,161.52000427246094,20.523712158203125
2011-08-03,97.41957092285156,63.2602424621582,36.80641174316406,33.11997604370117,68.1945571899414,73.13719177246094,67.77513885498047,32.502540588378906,161.49000549316406,20.604938507080078
2011-08-04,92.85628509521484,59.444644927978516,34.23897171020508,31.22574234008789,70.62094116210938,74.10486602783203,68.26616668701172,30.914592742919922,160.63999938964844,19.961881637573242
2011-08-05,92.7173080444336,58.40476989746094,34.841941833496094,31.021743774414062,68.58326721191406,73.24713897705078,67.42179107666016,30.14312744140625,161.75,20.24617576599121
2011-08-08,86.67923736572266,53.32004928588867,32.2420768737793,28.435388565063477,70.74832916259766,74.4127197265625,66.78106689453125,27.524681091308594,167.1199951171875,19.481273651123047
2011-08-09,90.70978546142578,56.873619079589844,34.41402816772461,30.103763580322266,70.96288299560547,74.84527587890625,67.37989807128906,30.030506134033203,168.61000061035156,19.955114364624023
2011-08-10,86.70242309570312,54.089725494384766,32.35877990722656,28.508237838745117,73.07417297363281,75.83484649658203,67.98468780517578,29.33788299560547,174.5800018310547,19.19021224975586
2011-08-11,90.59395599365234,56.7917366027832,33.90831756591797,30.0819149017334,69.38768005371094,74.72059631347656,66.5894546508789,30.858278274536133,170.75,19.758804321289062
2011-08-12,91.20394897460938,57.143829345703125,34.29732894897461,30.06734275817871,70.76174926757812,75.24109649658203,67.34996795654297,30.852636337280273,169.97000122070312,19.995729446411133
2011-08-15,93.13424682617188,58.75687026977539,35.09479904174805,30.766759872436523,70.04454040527344,74.9625244140625,67.47565460205078,31.978858947753906,171.8000030517578,20.280025482177734
2011-08-16,92.33895874023438,57.676048278808594,34.58258056640625,30.504470825195312,71.2041244506836,75.3071060180664,67.7212142944336,31.883150100708008,173.9199981689453,20.327415466308594
2011-08-17,92.4007339477539,57.69240188598633,34.7835807800293,30.723037719726562,72.45081329345703,75.83484649658203,67.90689086914062,31.973215103149414,174.4199981689453,20.462785720825195
2011-08-18,88.41654968261719,54.40903854370117,33.091407775878906,29.273218154907227,73.9388656616211,76.23075866699219,67.99666595458984,30.54855728149414,177.72000122070312,20.09726333618164
2011-08-19,86.97267150878906,53.4510383605957,32.52734375,28.90894317626953,74.53544616699219,76.31134033203125,67.912841796875,29.962934494018555,179.9499969482422,20.002500534057617
2011-08-22,87.04215240478516,53.26272201538086,32.73482131958008,28.87980079650879,74.34770965576172,76.17208099365234,67.66136932373047,29.996719360351562,184.58999633789062,20.06342124938965
2011-08-23,89.9067611694336,55.833736419677734,33.79810333251953,29.892488479614258,73.32219696044922,75.86416625976562,66.88882446289062,30.73438835144043,177.6699981689453,20.476329803466797
2011-08-24,91.17302703857422,56.66072082519531,33.81107711791992,29.601070404052734,71.23761749267578,75.05046081542969,66.09840393066406,31.13982582092285,171.64999389648438,20.56432342529297
2011-08-25,89.78321838378906,55.26878356933594,32.994163513183594,29.025514602661133,72.00846862792969,75.5123062133789,66.46366882324219,30.559831619262695,172.36000061035156,20.25295066833496
2011-08-26,91.08810424804688,56.5870475769043,33.5128288269043,29.520931243896484,72.7189712524414,75.75418853759766,66.49364471435547,30.931474685668945,177.47000122070312,20.422178268432617
2011-08-29,93.70563507080078,59.264495849609375,34.31029510498047,30.47533416748047,71.71354675292969,75.25574493408203,66.709228515625,31.990114212036133,173.88999938964844,20.78770637512207
2011-08-30,93.95270538330078,59.60838317871094,34.10929870605469,30.519041061401367,72.86643981933594,75.77619171142578,67.06251525878906,32.08021926879883,179.10000610351562,20.841861724853516
2011-08-31,94.36965942382812,59.485591888427734,34.73171615600586,31.145612716674805,71.7403335571289,75.50505065917969,67.26612091064453,32.44061279296875,177.72000122070312,20.909547805786133
2011-09-01,93.38134765625,58.20826721191406,34.30380630493164,30.97803497314453,73.26109313964844,76.1067123413086,67.3160171508789,31.973215103149414,177.8699951171875,20.835084915161133
2011-09-02,90.99545288085938,56.054832458496094,33.538761138916016,30.27861976623535,75.64103698730469,76.80464935302734,67.7307357788086,31.21867561340332,183.24000549316406,20.53724479675293
2011-09-06,90.3313980102539,55.899261474609375,32.436580657958984,29.965343475341797,76.4276351928711,76.90753173828125,68.12735748291016,31.083526611328125,182.89999389648438,20.456018447875977
2011-09-07,92.87946319580078,58.01174545288086,33.402610778808594,30.854171752929688,74.9687728881836,76.49609375,68.25961303710938,32.25477600097656,177.0800018310547,20.821544647216797
2011-09-08,91.91429901123047,56.94731140136719,32.74129867553711,30.169343948364258,75.64103698730469,76.87078857421875,68.19950866699219,32.00700759887695,181.80999755859375,20.767396926879883
2011-09-09,89.50523376464844,55.26878356933594,31.606698989868164,29.149368286132812,76.44782257080078,77.2454605102539,68.27166748046875,31.00468635559082,180.6999969482422,20.307106018066406
2011-09-12,90.0843505859375,55.74368667602539,31.470548629760742,29.091073989868164,76.52850341796875,77.01039123535156,67.85694122314453,31.106048583984375,176.6699981689453,20.327415466308594
2011-09-13,90.91051483154297,56.64434051513672,31.807693481445312,29.13479995727539,75.43938446044922,76.7825698852539,67.844970703125,31.179237365722656,178.5399932861328,20.401870727539062
2011-09-14,92.16912078857422,57.65964889526367,32.2874641418457,29.054641723632812,76.07804870605469,76.82670593261719,67.81486511230469,31.381954193115234,177.2100067138672,20.645551681518555
2011-09-15,93.75968170166016,58.47027587890625,32.98767852783203,29.477210998535156,74.91496276855469,76.25362396240234,67.5804672241211,31.9000301361084,174.39999389648438,20.88923454284668
2011-09-16,94.31461334228516,58.560333251953125,33.000640869140625,29.528213500976562,75.45953369140625,76.40059661865234,67.5804672241211,32.2097282409668,176.02999877929688,21.02490234375
2011-09-19,93.37550354003906,57.512264251708984,32.09295654296875,28.653949737548828,76.89825439453125,77.02510070800781,67.95313262939453,31.505847930908203,173.30999755859375,20.84764862060547
2011-09-20,93.26683044433594,56.61979293823242,32.222633361816406,28.44266700744629,77.22095489501953,77.12789916992188,67.98314666748047,31.48894691467285,175.77999877929688,20.8885555267334
2011-09-21,90.51934051513672,54.523643493652344,31.26308822631836,27.386274337768555,79.77571868896484,77.45853424072266,68.13941955566406,29.827795028686523,173.58999633789062,20.459056854248047
2011-09-22,87.59336853027344,53.00071716308594,30.25166893005371,25.462900161743164,82.77423095703125,78.1784896850586,68.27166748046875,29.101383209228516,169.0500030517578,20.070470809936523
2011-09-23,88.12115478515625,53.54322814941406,30.595291137695312,26.140445709228516,81.23460388183594,77.53199768066406,67.85092163085938,29.31573486328125,159.8000030517578,20.11136245727539
2011-09-26,90.21666717529297,54.55424499511719,31.224184036254883,26.533857345581055,79.93037414550781,77.20872497558594,67.72469329833984,29.72510528564453,157.5800018310547,20.499961853027344
2011-09-27,91.22565460205078,55.729637145996094,31.99571418762207,27.378984451293945,78.70681762695312,76.69446563720703,67.50835418701172,30.020767211914062,160.6300048828125,20.6226749420166
2011-09-28,89.36295318603516,53.5925178527832,31.451101303100586,26.555723190307617,78.6799087524414,76.70915985107422,67.23788452148438,29.25887680053711,156.22000122070312,20.234081268310547
2011-09-29,90.06920623779297,54.521366119384766,32.06702423095703,26.919998168945312,79.22440338134766,76.70915985107422,67.16573333740234,29.71373176574707,157.6999969482422,20.431791305541992
2011-09-30,87.81844329833984,52.85275650024414,30.977806091308594,25.57217788696289,81.21449279785156,77.19403076171875,67.50233459472656,28.92341423034668,158.05999755859375,20.2204532623291
2011-10-03,85.31932830810547,50.132041931152344,30.16090202331543,25.03304672241211,83.4494857788086,77.90887451171875,67.62782287597656,27.558837890625,160.9600067138672,19.927303314208984
2011-10-04,87.18978881835938,53.255523681640625,30.666606903076172,25.41918182373047,82.39126586914062,77.51130676269531,67.03656768798828,28.644804000854492,157.63999938964844,20.11819076538086
2011-10-05,88.80409240722656,53.98707962036133,31.1398983001709,26.00931167602539,81.79814147949219,77.18740844726562,67.3140869140625,28.400325775146484,159.4600067138672,20.145462036132812
2011-10-06,90.41070556640625,55.1871452331543,31.976266860961914,26.869001388549805,80.28837585449219,76.65001678466797,67.04264068603516,29.17927360534668,160.49000549316406,20.384071350097656
2011-10-07,89.8053207397461,53.839111328125,31.755815505981445,26.548439025878906,79.69522857666016,76.2524642944336,66.9822769165039,28.366220474243164,159.17999267578125,20.499961853027344
2011-10-10,92.80892944335938,56.19818115234375,32.96821594238281,27.735979080200195,78.56966400146484,75.4500732421875,67.10895538330078,29.781967163085938,163.27000427246094,20.820384979248047
2011-10-11,92.90208435058594,56.58449935913086,32.909873962402344,27.750545501708984,78.30681610107422,75.70037841796875,67.28995513916016,29.19063377380371,162.10000610351562,20.779476165771484
2011-10-12,93.71696472167969,57.39003372192383,33.389644622802734,28.53010368347168,77.16773986816406,75.44270324707031,67.39252471923828,29.668241500854492,163.25999450683594,20.94310188293457
2011-10-13,93.53073120117188,57.3407096862793,33.402610778808594,28.275102615356445,77.9360580444336,75.74452209472656,67.45281219482422,29.474929809570312,162.3000030517578,20.881742477416992
2011-10-14,95.1295394897461,58.475032806396484,33.79161071777344,28.8433780670166,76.80372619628906,75.36909484863281,67.41061401367188,30.157230377197266,163.39999389648438,21.045358657836914
2011-10-17,93.31340789794922,56.699588775634766,33.01359939575195,27.867128372192383,78.1315689086914,75.86234283447266,67.36234283447266,29.503360748291016,162.6199951171875,20.902189254760742
2011-10-18,95.13729858398438,58.20380783081055,33.486907958984375,28.61024284362793,77.6462173461914,75.78128814697266,67.59764862060547,30.543846130371094,161.83999633789062,21.05899429321289
2011-10-19,94.01189422607422,57.06948471069336,32.883949279785156,28.063819885253906,77.61929321289062,75.89910888671875,67.77256774902344,30.191322326660156,159.8699951171875,20.997638702392578
2011-10-20,94.42325592041016,57.22563552856445,32.96821594238281,27.524700164794922,77.06660461425781,75.74452209472656,67.92342376708984,30.361913681030273,157.77000427246094,21.113534927368164
2011-10-21,96.21614074707031,58.46681594848633,33.76570510864258,28.31153678894043,76.25103759765625,75.60465240478516,68.14662170410156,31.362592697143555,159.52000427246094,21.45440101623535
2011-10-24,97.3958511352539,60.34912109375,34.27139663696289,29.418928146362305,76.37911987304688,75.56784057617188,68.49654388427734,32.14154815673828,161.02000427246094,21.304420471191406
2011-10-25,95.50208282470703,58.6558723449707,33.681400299072266,28.836091995239258,78.32023620605469,76.21569061279297,68.83438873291016,31.61846351623535,165.58999633789062,21.05217933654785
2011-10-26,96.47222137451172,59.666900634765625,34.141727447509766,29.367935180664062,76.95203399658203,75.65620422363281,68.78610229492188,31.851581573486328,167.39999389648438,21.263511657714844
2011-10-27,99.8328628540039,62.81504821777344,36.02839279174805,31.15287208557129,74.34358215332031,74.74334716796875,68.7740478515625,33.36398696899414,169.5500030517578,21.536216735839844
2011-10-28,99.80960083007812,62.4944953918457,35.8209342956543,30.890605926513672,75.12541961669922,75.1923828125,69.03950500488281,33.432212829589844,169.6199951171875,21.481674194335938
2011-10-31,97.4035873413086,60.8341178894043,33.96018981933594,29.732200622558594,78.10454559326172,76.20089721679688,69.19631958007812,33.05694580078125,167.33999633789062,21.161252975463867
2011-11-01,94.68712615966797,58.6805305480957,32.89691162109375,29.01095199584961,80.7190933227539,77.11492156982422,69.54265594482422,31.993730545043945,167.3800048828125,20.793113708496094
2011-11-02,96.23164367675781,60.127193450927734,33.17570114135742,29.899778366088867,79.71219635009766,76.93049621582031,69.79695892333984,32.6077766418457,169.05999755859375,20.990825653076172
2011-11-03,97.98567962646484,61.62320327758789,34.012054443359375,30.20576286315918,78.61747741699219,76.56905364990234,69.83320617675781,33.05694580078125,171.72000122070312,21.2498779296875
2011-11-04,97.38805389404297,61.31904983520508,33.58415603637695,30.00906753540039,78.71205139160156,76.79772186279297,69.97244262695312,32.78971862792969,170.85000610351562,21.127166748046875
2011-11-07,97.99342346191406,61.195762634277344,33.72678756713867,30.26405906677246,79.2121353149414,76.88627624511719,69.6939697265625,32.79541778564453,174.97999572753906,21.304420471191406
2011-11-08,99.25076293945312,62.09171676635742,34.1352424621582,30.62104606628418,78.1985092163086,76.5395736694336,69.2641830444336,33.22184371948242,173.52999877929688,21.51576042175293
2011-11-09,95.58747863769531,59.13262939453125,32.38471603393555,28.828807830810547,79.82035064697266,77.21814727783203,69.08252716064453,31.70374870300293,172.07000732421875,21.011266708374023
2011-11-10,96.48777770996094,59.568260192871094,32.767234802246094,29.01822853088379,78.63098907470703,76.84199523925781,68.73748016357422,31.698074340820312,171.13999938964844,21.215797424316406
2011-11-11,98.30388641357422,61.13822555541992,33.58415603637695,29.71763801574707,78.1512222290039,76.4879150390625,68.61634826660156,32.550926208496094,173.9600067138672,21.46121597290039
2011-11-14,97.37254333496094,60.25871276855469,32.98767852783203,29.309642791748047,79.40811157226562,76.96735382080078,68.61029052734375,31.94823455810547,173.1999969482422,21.27715301513672
2011-11-15,97.85374450683594,61.02313995361328,32.89691162109375,29.491785049438477,79.30006408691406,76.86408233642578,68.54373168945312,32.18702697753906,173.36000061035156,21.379409790039062
2011-11-16,96.30149841308594,60.036773681640625,32.26800537109375,28.697664260864258,80.02304077148438,77.1444320678711,68.32572174072266,31.88001251220703,171.50999450683594,21.18852424621582
2011-11-17,94.77250671386719,59.181949615478516,31.917905807495117,27.969118118286133,80.66505432128906,77.29935455322266,67.78695678710938,31.29437255859375,167.10000610351562,21.113534927368164
2011-11-18,94.67162322998047,59.165504455566406,32.02812576293945,28.078397750854492,80.6447525024414,77.01163482666016,67.89591217041016,31.493375778198242,167.6199951171875,21.174890518188477
2011-11-21,92.87104797363281,57.751708984375,31.217702865600586,27.17499351501465,81.12451934814453,77.22557067871094,67.61742401123047,30.697383880615234,163.5,20.834012985229492
2011-11-22,92.5062255859375,57.26673126220703,31.12692642211914,27.26970672607422,82.03006744384766,77.4616470336914,67.44187927246094,30.55522346496582,165.30999755859375,20.854467391967773
2011-11-23,90.46502685546875,55.466636657714844,30.271120071411133,26.388154983520508,82.834228515625,77.7271728515625,67.0967788696289,29.63413429260254,164.8300018310547,20.629493713378906
2011-11-25,90.2942886352539,54.759735107421875,30.115516662597656,26.30072784423828,81.63137817382812,77.23291778564453,66.83043670654297,29.764894485473633,163.39999389648438,20.704496383666992
2011-11-28,92.90984344482422,57.36539077758789,31.399229049682617,27.561126708984375,81.59082794189453,77.24029541015625,66.86067962646484,30.430137634277344,166.6300048828125,21.03172492980957
2011-11-29,93.17369079589844,57.2585334777832,31.606698989868164,27.437274932861328,80.92178344726562,77.09273529052734,66.70935821533203,30.384647369384766,166.8800048828125,21.2498779296875
2011-11-30,97.00774383544922,60.60394287109375,33.221073150634766,29.149368286132812,79.65816497802734,76.64273834228516,67.0120849609375,31.800405502319336,170.1300048828125,21.7475528717041
2011-12-01,96.99224090576172,60.168296813964844,32.935794830322266,29.061931610107422,79.25846862792969,76.62066650390625,67.16753387451172,31.538862228393555,169.6300048828125,21.713468551635742
2011-12-02,96.90685272216797,60.414894104003906,32.92932891845703,28.974517822265625,80.36945343017578,76.96060943603516,67.73863983154297,31.510435104370117,169.82000732421875,21.638469696044922
2011-12-05,97.96238708496094,61.45054626464844,33.30537033081055,29.448070526123047,80.20684814453125,76.91629028320312,68.24288177490234,31.777658462524414,167.32000732421875,21.768007278442383
2011-12-06,97.99342346191406,61.50809860229492,33.149757385253906,29.047365188598633,79.44134521484375,76.71673583984375,67.87838745117188,31.726490020751953,168.17999267578125,21.795272827148438
2011-12-07,98.35821533203125,61.384864807128906,33.38316345214844,29.163936614990234,79.72589111328125,77.06405639648438,68.30363464355469,32.07331085205078,169.39999389648438,21.84981346130371
2011-12-08,96.20059967041016,59.47783279418945,32.2874641418457,28.114818572998047,80.72168731689453,77.45581817626953,68.0727767944336,31.345552444458008,165.97999572753906,21.59756851196289
2011-12-09,97.83045196533203,61.269744873046875,33.091407775878906,28.683090209960938,79.06199645996094,76.92364501953125,67.8115234375,32.033504486083984,166.39999389648438,21.82254409790039
2011-12-12,96.40238189697266,60.39023971557617,32.12538146972656,27.60483169555664,79.94261169433594,77.18975830078125,67.8176040649414,31.46494483947754,161.99000549316406,21.624834060668945
2011-12-13,95.50208282470703,59.13262939453125,31.690994262695312,27.34984588623047,80.68780517578125,77.54450988769531,68.04847717285156,31.095373153686523,158.4499969482422,21.577112197875977
2011-12-14,94.48534393310547,58.39282989501953,31.314958572387695,26.956424713134766,82.2120361328125,77.86967468261719,68.1639175415039,31.277307510375977,152.88999938964844,21.46803855895996
2011-12-15,94.82682800292969,58.935325622558594,31.470548629760742,27.13127899169922,81.90715789794922,77.80319213867188,68.27326965332031,31.800405502319336,152.3300018310547,21.686195373535156
2011-12-16,94.96746063232422,59.39564514160156,31.34088706970215,27.335264205932617,82.8623275756836,78.1800537109375,68.65599822998047,32.152923583984375,155.22999572753906,21.6621150970459
2011-12-19,93.95210266113281,58.368186950683594,31.049131393432617,26.62858009338379,83.912353515625,78.44619750976562,68.89900207519531,31.874330520629883,154.8699951171875,21.572690963745117
2011-12-20,96.79507446289062,60.7108154296875,32.14421844482422,27.744388580322266,81.81912231445312,77.73668670654297,68.85042572021484,32.84089660644531,156.97999572753906,22.01983070373535
2011-12-21,96.9825210571289,60.9573974609375,31.9736270904541,27.8326473236084,80.68102264404297,77.4853515625,68.558837890625,32.82951736450195,157.16000366210938,22.25371742248535
2011-12-22,97.8416976928711,61.34560775756836,32.262332916259766,28.200410842895508,81.01976776123047,77.58142852783203,68.917236328125,33.30144119262695,156.0399932861328,22.2468318939209
2011-12-23,98.71646881103516,61.576873779296875,32.48541259765625,28.310747146606445,80.1187744140625,77.26365661621094,68.70457458496094,33.44631576538086,156.30999755859375,22.405059814453125
2011-12-27,98.79454040527344,61.758583068847656,32.34107208251953,28.038604736328125,80.4993896484375,77.30728149414062,68.96551513671875,33.59579086303711,154.91000366210938,22.446332931518555
2011-12-28,97.49803161621094,60.63524627685547,31.75710105895996,27.567852020263672,81.98770141601562,77.79603576660156,69.093505859375,33.1933708190918,151.02999877929688,22.33626937866211
2011-12-29,98.50559997558594,61.24647903442383,32.34107208251953,27.884130477905273,82.13726806640625,77.89227294921875,69.05696105957031,33.48655319213867,150.33999633789062,22.453208923339844
2011-12-30,98.02132415771484,60.916107177734375,32.49855422973633,27.90619659423828,82.40225982666016,78.16619873046875,69.34953308105469,33.34284210205078,151.99000549316406,22.350025177001953
2012-01-03,99.58344268798828,61.9238166809082,33.38431930541992,28.759418487548828,81.16539764404297,77.67012786865234,69.29468536376953,33.6245231628418,155.9199981689453,22.329389572143555
2012-01-04,99.73963165283203,61.58514404296875,33.18748092651367,28.597604751586914,80.20035552978516,77.42578125,69.34953308105469,33.04964828491211,156.7100067138672,22.281232833862305
2012-01-05,100.00516510009766,61.93205261230469,32.69538116455078,28.472566604614258,80.05764770507812,77.4405746459961,69.05084228515625,33.36006546020508,157.77999877929688,22.267473220825195
2012-01-06,99.7474365234375,61.77511215209961,32.24920654296875,28.112154006958008,80.68968200683594,77.74422454833984,69.31907653808594,33.2508544921875,157.1999969482422,22.12301254272461
2012-01-09,99.98957824707031,62.08895492553711,32.373870849609375,28.4063663482666,80.54694366455078,77.75896453857422,69.2154541015625,33.1358757019043,156.5,22.15740966796875
2012-01-10,100.85655212402344,62.9975700378418,32.86598205566406,29.024208068847656,80.4110107421875,77.60348510742188,69.41053771972656,33.50379943847656,158.63999938964844,22.233083724975586
2012-01-11,100.91121673583984,63.245365142822266,32.76100158691406,29.046279907226562,81.45759582519531,78.05508422851562,69.39838409423828,33.739498138427734,159.6699981689453,22.13677406311035
2012-01-12,101.15333557128906,63.435367584228516,32.89878845214844,29.163969039916992,81.34207916259766,77.89227294921875,69.5568618774414,33.492305755615234,160.3800048828125,22.129894256591797
2012-01-13,100.63001251220703,63.09670639038086,32.544471740722656,28.899173736572266,82.15076446533203,78.2402572631836,69.80681610107422,33.56704330444336,159.25999450683594,22.1092586517334
2012-01-17,101.02053833007812,63.0718994140625,32.93159484863281,29.450824737548828,82.53137969970703,78.31432342529297,70.0201187133789,33.84298324584961,160.5,22.191808700561523
2012-01-18,102.13745880126953,64.19524383544922,33.482749938964844,30.193714141845703,81.53235626220703,78.06995391845703,69.8799057006836,34.078678131103516,161.60000610351562,22.239957809448242
2012-01-19,102.6763916015625,64.59172058105469,33.89611053466797,30.45850944519043,80.4110107421875,77.60348510742188,69.86163330078125,34.210899353027344,161.22000122070312,22.281232833862305
2012-01-20,103.0591049194336,64.63301086425781,34.073265075683594,30.436443328857422,79.50032043457031,77.33699035644531,69.68484497070312,34.42359161376953,162.07000732421875,22.288108825683594
2012-01-23,102.79356384277344,64.55042266845703,34.204505920410156,30.73065757751465,78.99742126464844,77.16666412353516,69.58125305175781,34.59032440185547,163.16000366210938,22.267473220825195
2012-01-24,102.6763916015625,64.92208862304688,34.01422882080078,30.774795532226562,79.1401138305664,77.25548553466797,69.83113098144531,34.854759216308594,162.00999450683594,22.143651962280273
2012-01-25,103.53551483154297,65.47551727294922,34.36853790283203,31.120492935180664,78.94982147216797,77.62568664550781,70.06895446777344,35.30316925048828,166.4199981689453,22.398181915283203
2012-01-26,103.0044174194336,65.40115356445312,34.38166046142578,30.995450973510742,79.99641418457031,78.04035949707031,70.61756896972656,35.55036163330078,167.27000427246094,22.315628051757812
2012-01-27,102.9575424194336,65.84722137451172,34.44070053100586,31.15726661682129,80.24787902832031,78.27725982666016,70.72119140625,35.56187057495117,168.97000122070312,22.164291381835938
2012-01-30,102.6060562133789,65.3350830078125,34.033905029296875,30.708587646484375,81.19253540039062,78.54376983642578,70.62975311279297,35.29741287231445,168.02999877929688,22.01983070373535
2012-01-31,102.5670166015625,65.26898956298828,34.211055755615234,30.973386764526367,82.13043975830078,78.84000396728516,70.8370132446289,35.46986770629883,169.30999755859375,22.033584594726562
2012-02-01,103.46520233154297,66.67317199707031,34.74909210205078,31.657421112060547,81.18965148925781,78.56632232666016,71.11898803710938,35.82054901123047,169.55999755859375,22.191808700561523
2012-02-02,103.62926483154297,67.05316162109375,34.821266174316406,31.745691299438477,81.15560913085938,78.67752075195312,71.26581573486328,35.901039123535156,171.0500030517578,22.27435302734375
2012-02-03,105.08195495605469,68.51509857177734,35.365867614746094,32.27528762817383,79.41160583496094,78.05447387695312,71.161865234375,36.40117263793945,167.63999938964844,22.343143463134766
2012-02-06,105.01170349121094,68.2920913696289,35.19527053833008,32.00312042236328,80.20182800292969,78.26956176757812,71.34528350830078,36.28620147705078,167.17999267578125,22.329389572143555
2012-02-07,105.27725982666016,68.25080108642578,35.411800384521484,32.0693244934082,79.2072982788086,77.7652587890625,71.21080780029297,36.19422149658203,169.6999969482422,22.350025177001953
2012-02-08,105.58968353271484,68.39949798583984,35.53646469116211,32.297340393066406,79.26854705810547,77.80225372314453,71.28414916992188,36.257469177246094,168.5,22.356901168823242
2012-02-09,105.72246551513672,68.06085205078125,35.62831497192383,32.28263854980469,78.67587280273438,77.62423706054688,71.05782318115234,35.99300765991211,168.02000427246094,22.48072052001953
2012-02-10,104.94140625,67.12745666503906,34.95249938964844,31.56917381286621,79.69774627685547,78.0619125366211,70.99056243896484,35.659576416015625,167.13999938964844,22.43256950378418
2012-02-13,105.72246551513672,67.9947738647461,35.35274887084961,32.08403778076172,79.79991912841797,78.00995635986328,71.23518371582031,36.021751403808594,167.50999450683594,22.52888298034668
2012-02-14,105.58968353271484,67.68913269042969,35.09028625488281,31.819252014160156,80.22228240966797,78.1731185913086,71.2903060913086,35.65384292602539,167.1199951171875,22.58391761779785
2012-02-15,105.09764099121094,67.12745666503906,35.12965774536133,31.907501220703125,80.0792236328125,78.23251342773438,71.1924057006836,35.441139221191406,168.11000061035156,22.57703399658203
2012-02-16,106.26136016845703,68.3912124633789,35.615196228027344,32.25321578979492,79.4388656616211,77.87644958496094,71.07006072998047,35.8148078918457,168.0,22.721494674682617
2012-02-17,106.54249572753906,68.38296508789062,35.772674560546875,32.312049865722656,79.41841888427734,77.7948989868164,70.95999145507812,35.843544006347656,167.35000610351562,22.742130279541016
2012-02-21,106.58942413330078,67.9204330444336,35.77923583984375,32.17966079711914,78.53962707519531,77.51300048828125,70.84379577636719,35.28592300415039,171.02000427246094,22.611417770385742
2012-02-22,106.24573516845703,67.38352966308594,35.674259185791016,32.23849868774414,79.52739715576172,77.81707000732422,71.28414916992188,34.98698043823242,172.94000244140625,22.54951286315918
2012-02-23,106.71436309814453,68.3912124633789,35.96951675415039,32.17966079711914,79.52739715576172,77.9283676147461,71.38202667236328,35.42388153076172,173.02000427246094,22.666461944580078
2012-02-24,106.94869232177734,68.25904083251953,36.18605041503906,32.503292083740234,80.0451889038086,77.98768615722656,71.43705749511719,35.46986770629883,172.22999572753906,22.742130279541016
2012-02-27,107.12833404541016,68.1434555053711,36.00233459472656,32.17966079711914,80.75362396240234,78.24732971191406,71.7000732421875,35.41238784790039,171.6999969482422,22.742130279541016
2012-02-28,107.44074249267578,67.96173095703125,36.33694839477539,32.628334045410156,80.48796844482422,78.28447723388672,71.92642974853516,35.2054443359375,173.49000549316406,22.817800521850586
2012-02-29,107.01895141601562,66.94577026367188,35.864532470703125,32.60627365112305,79.9974594116211,77.97284698486328,71.99371337890625,35.06172561645508,164.2899932861328,22.85906982421875
2012-03-01,107.57356262207031,67.29269409179688,36.271331787109375,32.915191650390625,79.24436950683594,77.72028350830078,71.82366180419922,35.274410247802734,166.61000061035156,22.82468032836914
2012-03-02,107.24549102783203,66.28496551513672,35.936702728271484,32.834293365478516,79.98859405517578,78.03225708007812,71.8482437133789,35.222694396972656,166.33999633789062,22.84531593322754
2012-03-05,106.80809783935547,66.35930633544922,35.746429443359375,32.26791763305664,79.35362243652344,77.87628936767578,71.71934509277344,35.57910919189453,165.64999389648438,22.948501586914062
2012-03-06,105.24601745605469,65.03771209716797,34.60475540161133,31.186687469482422,80.31636047363281,78.20320129394531,71.60887145996094,35.10769271850586,162.6999969482422,22.75589370727539
2012-03-07,105.98015594482422,65.64898681640625,35.03123474121094,31.561811447143555,79.82470703125,78.05459594726562,71.57815551757812,35.29741287231445,163.6300048828125,22.790281295776367
2012-03-08,107.03458404541016,66.499755859375,35.785804748535156,32.22378921508789,79.02587127685547,77.82429504394531,71.59043884277344,35.11346435546875,165.27999877929688,22.948501586914062
2012-03-09,107.44853210449219,67.40005493164062,35.66769027709961,32.209083557128906,79.18286895751953,77.76486206054688,71.55363464355469,35.28592300415039,166.3800048828125,23.024171829223633
2012-03-12,107.45635986328125,67.26788330078125,35.575828552246094,31.85602569580078,79.16923522949219,77.74256896972656,71.41248321533203,35.54460525512695,165.07000732421875,23.106704711914062
2012-03-13,109.39334869384766,68.60596466064453,36.15323257446289,32.723960876464844,77.77638244628906,77.18537139892578,71.2160415649414,36.26319885253906,162.3000030517578,23.278690338134766
2012-03-14,109.27623748779297,68.04430389404297,35.83172607421875,32.209083557128906,75.81675720214844,76.30121612548828,70.36904907226562,36.16548156738281,159.57000732421875,23.209901809692383
2012-03-15,109.90885162353516,68.61424255371094,36.172916412353516,32.46651840209961,75.93280029296875,76.27894592285156,70.21556091308594,36.113739013671875,161.0800018310547,23.25117301940918
2012-03-16,110.06108093261719,68.55641174316406,36.422245025634766,32.429752349853516,76.08303833007812,76.25662231445312,70.3199234008789,36.32069396972656,161.3000030517578,23.235960006713867
2012-03-19,110.49249267578125,69.13461303710938,36.61252975463867,32.30470275878906,75.17493438720703,75.78858184814453,70.22174835205078,36.57363510131836,161.58999633789062,23.249792098999023
2012-03-20,110.17088317871094,68.51509857177734,36.17947006225586,31.745691299438477,75.4753646850586,75.82571411132812,70.17879486083984,36.521907806396484,160.1300048828125,23.235960006713867
2012-03-21,109.99047088623047,68.49861907958984,35.943267822265625,31.804553985595703,76.32886505126953,76.21207427978516,70.49794006347656,36.47016906738281,160.2100067138672,23.270540237426758
2012-03-22,109.19810485839844,67.83779907226562,35.69394302368164,31.319080352783203,76.57466888427734,76.30862426757812,70.38133239746094,35.97002029418945,159.57000732421875,23.291292190551758
2012-03-23,109.55116271972656,68.5014419555664,35.943267822265625,31.55446434020996,77.29842376708984,76.59099578857422,70.43653106689453,36.19422149658203,161.52999877929688,23.34660530090332
2012-03-26,111.08869171142578,69.92650604248047,36.402565002441406,32.10610580444336,76.9023666381836,76.50183868408203,70.59001159667969,36.618412017822266,164.39999389648438,23.50567054748535
2012-03-27,110.74352264404297,69.43766021728516,36.172916412353516,31.93692970275879,77.45545959472656,76.92532348632812,71.13626098632812,36.624210357666016,163.24000549316406,23.491832733154297
2012-03-28,110.19441986083984,69.0317153930664,35.923580169677734,31.399991989135742,77.34618377685547,76.79157257080078,71.00120544433594,36.56625747680664,161.50999450683594,23.436511993408203
2012-03-29,110.00613403320312,68.83284759521484,35.69394302368164,31.363218307495117,77.92655944824219,77.11107635498047,71.14239501953125,36.58363342285156,161.27999877929688,23.429597854614258
2012-03-30,110.46113586425781,68.60917663574219,36.01544189453125,31.591236114501953,76.60879516601562,76.73212432861328,70.97054290771484,36.884986877441406,162.1199951171875,23.567909240722656
2012-04-02,111.26912689208984,69.45423126220703,36.43537521362305,32.02519226074219,77.033203125,76.91603088378906,71.1534652709961,37.145755767822266,162.94000244140625,23.754627227783203
2012-04-03,110.81416320800781,68.99028015136719,35.79891586303711,31.841320037841797,75.6983413696289,76.35035705566406,70.47599792480469,37.00087356567383,159.88999938964844,23.623226165771484
2012-04-04,109.71586608886719,67.88835144042969,34.99843215942383,31.26759147644043,76.73888397216797,76.73735809326172,70.61150360107422,36.5952262878418,157.2100067138672,23.547161102294922
2012-04-05,109.66094970703125,67.59007263183594,34.7884635925293,31.4367733001709,77.29335021972656,77.0797119140625,70.72848510742188,36.45616149902344,158.30999755859375,23.547161102294922
2012-04-09,108.4293441772461,66.4798812866211,34.63755416870117,30.973386764526367,79.10057830810547,77.86856842041016,71.19041442871094,36.067893981933594,159.3699951171875,23.332778930664062
2012-04-10,106.60933685302734,64.91400146484375,33.89611053466797,30.37024688720703,79.99732971191406,78.23326873779297,71.1472396850586,35.2913703918457,161.10000610351562,23.125314712524414
2012-04-11,107.47228240966797,65.8336410522461,34.36853790283203,30.70124053955078,79.03899383544922,77.9281234741211,71.0733871459961,35.743370056152344,161.07000732421875,23.24287986755371
2012-04-12,108.87651824951172,66.77813720703125,34.99843215942383,31.488250732421875,78.7104263305664,77.7718276977539,71.1042251586914,36.23593521118164,162.6999969482422,23.256702423095703
2012-04-13,107.5821304321289,65.89994049072266,34.32916259765625,31.010160446166992,79.98363494873047,78.24070739746094,71.44291687011719,36.08527755737305,160.85000610351562,23.256702423095703
2012-04-16,107.51154327392578,66.00760650634766,34.57851028442383,30.855701446533203,79.8673095703125,78.21836853027344,71.44291687011719,36.577842712402344,160.4600067138672,23.35352897644043
2012-04-17,109.10398864746094,66.96040344238281,35.12965774536133,31.208757400512695,79.81935119628906,78.13653564453125,71.53532409667969,36.89078140258789,160.25,23.588655471801758
2012-04-18,108.73528289794922,66.45502471923828,34.9459342956543,31.0616512298584,80.05208587646484,78.2928237915039,71.52298736572266,36.64158630371094,159.30999755859375,23.588655471801758
2012-04-19,108.037109375,66.07391357421875,34.73596954345703,30.92189598083496,80.12737274169922,78.38212585449219,71.5722427368164,36.64158630371094,159.42999267578125,23.512588500976562
2012-04-20,108.217529296875,66.45502471923828,35.07060623168945,31.13520050048828,80.14110565185547,78.38956451416016,71.55379486083984,37.08781051635742,159.5399932861328,23.726970672607422
2012-04-23,107.30754852294922,65.53538513183594,34.36853790283203,30.5394287109375,80.7229995727539,78.54586029052734,71.56608581542969,36.70534133911133,159.07000732421875,23.360435485839844
2012-04-24,107.7154769897461,66.03247833251953,34.64411544799805,30.60561180114746,80.1548080444336,78.34494018554688,71.43678283691406,37.25585174560547,159.3000030517578,23.367361068725586
2012-04-25,109.19029235839844,67.05986785888672,35.116539001464844,30.88511848449707,79.74407196044922,78.24813842773438,71.55989837646484,37.684696197509766,159.6199951171875,23.519489288330078
2012-04-26,109.95124053955078,67.72264099121094,35.32650375366211,31.076366424560547,80.22325897216797,78.5085678100586,71.67694854736328,37.777408599853516,161.02999877929688,23.733871459960938
2012-04-27,110.13162994384766,68.25289916992188,35.47084426879883,31.120492935180664,80.291748046875,78.59046173095703,71.78168487548828,38.038177490234375,161.3800048828125,23.69930648803711
2012-04-30,109.7237319946289,67.49895477294922,35.2674446105957,31.054296493530273,80.31224060058594,78.65748596191406,71.73853302001953,37.939659118652344,161.8800048828125,23.637056350708008
2012-05-01,110.40620422363281,67.56521606445312,35.411800384521484,31.260244369506836,79.89578247070312,78.51436614990234,71.60196685791016,38.35110855102539,161.32000732421875,23.69930648803711
2012-05-02,110.07674407958984,67.74748229980469,35.136226654052734,31.201398849487305,80.45841979980469,78.6634521484375,71.8367919921875,38.29315948486328,160.58999633789062,23.72004508972168
2012-05-03,109.23734283447266,66.79469299316406,34.82783126831055,30.966026306152344,80.43778991699219,78.65601348876953,71.88005828857422,38.15987777709961,158.97000122070312,23.754627227783203
2012-05-04,107.47228240966797,65.52709197998047,34.29636001586914,30.421724319458008,81.06910705566406,78.96905517578125,71.96036529541016,37.82377243041992,159.47000122070312,23.567909240722656
2012-05-07,107.55074310302734,65.70108032226562,34.54568862915039,30.532058715820312,81.0828628540039,78.94664764404297,72.08396911621094,38.090335845947266,159.0800018310547,23.602487564086914
2012-05-08,107.11927032470703,65.65965270996094,34.01422882080078,30.046606063842773,81.51518249511719,79.1256103515625,72.26317596435547,38.02079772949219,156.0,23.547161102294922
2012-05-09,106.48388671875,65.28682708740234,33.620540618896484,29.65677261352539,81.57005310058594,79.19266510009766,72.13961791992188,37.89910888671875,154.47000122070312,23.429597854614258
2012-05-10,106.7035140991211,65.53538513183594,33.778011322021484,29.781824111938477,81.32992553710938,79.08084869384766,71.99127197265625,37.928077697753906,154.77000427246094,23.595565795898438
2012-05-11,106.38186645507812,65.36968231201172,33.56804656982422,29.39934539794922,82.00240325927734,79.34172821044922,72.20755767822266,38.00920104980469,153.55999755859375,23.533321380615234
2012-05-14,105.20520782470703,64.49971771240234,32.92503356933594,28.72999382019043,83.14835357666016,79.6921157836914,72.22608184814453,37.52822494506836,151.3300018310547,23.436511993408203
2012-05-15,104.60113525390625,64.38372039794922,32.51166534423828,28.479917526245117,83.48462677001953,79.7145004272461,72.1334228515625,37.331199645996094,149.74000549316406,23.408855438232422
2012-05-16,104.2010726928711,63.9197883605957,32.190147399902344,28.07537078857422,83.7247543334961,79.77412414550781,72.17050170898438,36.91975402832031,149.4600067138672,23.48493194580078
2012-05-17,102.65567016601562,62.469852447509766,31.79645538330078,27.692899703979492,85.20700073242188,80.072265625,71.6329116821289,35.84188461303711,152.8000030517578,23.318944931030273
2012-05-18,101.77703094482422,61.88161087036133,31.56682777404785,27.428104400634766,85.22756958007812,80.02008056640625,71.35481262207031,35.40726852416992,154.5500030517578,23.180641174316406
2012-05-21,103.52641296386719,63.33980178833008,32.262332916259766,28.082733154296875,85.04914855957031,79.8113784790039,71.43513488769531,36.17800521850586,154.64999389648438,23.270540237426758
2012-05-22,103.70684051513672,62.95870590209961,32.14421844482422,27.78851890563965,84.10221862792969,79.63990783691406,71.24357604980469,36.24752426147461,152.0800018310547,23.298200607299805
2012-05-23,103.76174926757812,63.36467361450195,31.881765365600586,27.59726905822754,84.68549346923828,79.84861755371094,71.41661834716797,36.2996826171875,151.6199951171875,23.235960006713867
2012-05-24,103.96570587158203,63.49723815917969,31.671802520751953,27.457521438598633,84.36296844482422,79.67718505859375,71.42896270751953,36.461952209472656,151.41000366210938,23.457265853881836
2012-05-25,103.6283950805664,63.4557991027832,31.56026268005371,27.325130462646484,84.67861938476562,79.90827178955078,71.60814666748047,36.31707000732422,152.67999267578125,23.436511993408203
2012-05-29,104.88353729248047,64.37543487548828,31.96050262451172,28.097436904907227,84.41787719726562,79.8412094116211,71.71318054199219,36.832820892333984,151.02000427246094,23.602487564086914
2012-05-30,103.3616714477539,63.14097595214844,31.20595359802246,27.611989974975586,86.55884552001953,80.6015396118164,71.77501678466797,35.957794189453125,151.91000366210938,23.408855438232422
2012-05-31,103.13419342041016,63.05810546875,31.337175369262695,27.72966957092285,87.56068420410156,80.91453552246094,72.28170776367188,36.23015594482422,151.6199951171875,23.360435485839844
2012-06-01,100.53758239746094,61.16085433959961,30.543243408203125,26.98678207397461,89.63941192626953,81.60963439941406,72.72565460205078,35.34351348876953,157.5,22.93168830871582
2012-06-04,100.49054718017578,61.01998519897461,30.79914093017578,27.104473114013672,88.93119049072266,81.13928985595703,72.17382049560547,35.100135803222656,157.32000732421875,23.007753372192383
2012-06-05,101.25148010253906,61.80705261230469,31.022218704223633,27.178022384643555,87.7416000366211,80.87053680419922,72.01884460449219,35.824493408203125,157.13999938964844,22.980087280273438
2012-06-06,103.52641296386719,63.33155059814453,31.88833236694336,27.97239875793457,85.98810577392578,80.34041595458984,71.80803680419922,36.618412017822266,157.2100067138672,23.291292190551758
2012-06-07,103.58919525146484,62.917274475097656,31.934263229370117,28.14157485961914,86.11873626708984,80.5345458984375,71.9568099975586,36.357643127441406,154.5,23.374271392822266
2012-06-08,104.41288757324219,63.770652770996094,31.829280853271484,27.89883804321289,86.09813690185547,80.5943374633789,72.22341918945312,36.873390197753906,154.72999572753906,23.574819564819336
2012-06-11,103.08715057373047,62.362159729003906,31.520893096923828,27.49429702758789,86.49007415771484,80.81082916259766,72.21106719970703,36.04472732543945,155.36000061035156,23.464174270629883
2012-06-12,104.27169036865234,63.14928436279297,32.04581069946289,28.068021774291992,85.69925689697266,80.37779998779297,72.00021362304688,36.38661575317383,156.4600067138672,23.574819564819336
2012-06-13,103.60485076904297,62.420166015625,31.7899112701416,27.965038299560547,86.54505157470703,80.80330657958984,72.26063537597656,36.20117950439453,157.1199951171875,23.540239334106445
2012-06-14,104.70314025878906,63.1326789855957,32.026119232177734,28.163637161254883,86.43509674072266,80.58686828613281,72.17382049560547,36.728519439697266,157.75,23.865266799926758
2012-06-15,105.77396392822266,63.9777717590332,32.47886276245117,28.67851448059082,86.91637420654297,80.96012115478516,72.47146606445312,36.95452880859375,157.83999633789062,23.904268264770508
2012-06-18,105.97897338867188,64.05232238769531,32.386993408203125,28.73735237121582,87.38400268554688,80.93773651123047,72.44047546386719,37.26166915893555,157.92999267578125,23.96693229675293
2012-06-19,107.00408172607422,65.16255187988281,32.92503356933594,29.20074462890625,86.24249267578125,80.66148376464844,72.37226104736328,37.412322998046875,157.16000366210938,23.946041107177734
2012-06-20,106.83061218261719,65.0631332397461,33.115318298339844,29.105127334594727,86.6688232421875,80.49726867675781,72.4032211303711,37.39493179321289,155.97000122070312,23.820711135864258
2012-06-21,104.43344116210938,63.480655670166016,32.248504638671875,28.039234161376953,87.12955474853516,80.66889953613281,72.51483917236328,36.78647232055664,152.02000427246094,23.54218292236328
2012-06-22,105.23778533935547,64.20145416259766,32.52378845214844,28.128551483154297,85.9675064086914,80.31806945800781,72.45901489257812,36.79226303100586,152.63999938964844,23.611814498901367
2012-06-25,103.5502700805664,63.19895553588867,31.798648834228516,27.60751724243164,87.21893310546875,80.75852966308594,72.64512634277344,36.604705810546875,153.75999450683594,23.46558952331543
2012-06-26,104.07069396972656,63.44624710083008,32.00678253173828,27.845706939697266,86.87516784667969,80.57935333251953,72.719482421875,36.72740936279297,152.6199951171875,23.521289825439453
2012-06-27,105.00907897949219,64.47870635986328,32.30892562866211,28.024341583251953,87.0126953125,80.69136047363281,72.81868743896484,36.87348175048828,152.8300018310547,23.660554885864258
2012-06-28,104.70944213867188,64.37046813964844,32.37607192993164,27.890361785888672,87.22588348388672,80.95264434814453,72.93029022216797,37.276615142822266,151.0500030517578,23.765003204345703
2012-06-29,107.31946563720703,66.24388885498047,33.544349670410156,29.125972747802734,86.09123229980469,80.57935333251953,72.91165924072266,38.22897720336914,155.19000244140625,24.210651397705078
2012-07-02,107.64277648925781,67.00991821289062,33.76592254638672,29.125972747802734,86.97956848144531,80.9532241821289,73.29865264892578,38.649658203125,155.08999633789062,24.349903106689453
2012-07-03,108.35246276855469,67.88417053222656,34.07477951049805,29.706546783447266,86.31108093261719,80.75131225585938,73.36087799072266,38.877540588378906,157.4600067138672,24.4613094329834
2012-07-05,107.86357879638672,67.80923461914062,33.51077651977539,29.393932342529297,86.75212097167969,80.96817779541016,73.5474853515625,38.637969970703125,155.67999267578125,24.37078857421875
2012-07-06,106.8385009765625,67.05154418945312,33.19520950317383,28.85800552368164,87.5583724975586,81.25228118896484,73.73413848876953,38.731468200683594,153.7100067138672,24.342937469482422
2012-07-09,106.7044677734375,66.79344177246094,33.12135314941406,28.75379753112793,88.33016204833984,81.47660827636719,73.7839126586914,38.77237319946289,154.0399932861328,24.31507110595703
2012-07-10,105.77396392822266,66.0523910522461,32.899784088134766,28.433732986450195,88.50935363769531,81.51396179199219,73.76527404785156,38.35753631591797,152.14999389648438,24.342937469482422
2012-07-11,105.78973388671875,65.82756042480469,33.00048828125,28.582603454589844,88.61958312988281,81.43922424316406,73.8896484375,38.3984375,152.99000549316406,24.308122634887695
2012-07-12,105.27715301513672,65.60279083251953,32.6714973449707,28.106220245361328,89.24665069580078,81.62617492675781,74.2629623413086,38.515281677246094,152.58999633789062,24.329017639160156
2012-07-13,107.04350280761719,66.4187240600586,33.13478088378906,28.64959144592285,89.01235961914062,81.55880737304688,74.28783416748047,38.98854446411133,154.13999938964844,24.6005802154541
2012-07-16,106.79110717773438,66.1523208618164,33.128074645996094,28.582603454589844,89.42584228515625,81.73827362060547,74.49312591552734,39.06450653076172,154.2100067138672,24.475238800048828
2012-07-17,107.52449798583984,66.38544464111328,33.22207260131836,28.96221351623535,88.72296142578125,81.52890014648438,74.49312591552734,39.438446044921875,153.47000122070312,24.57968521118164
2012-07-18,108.32089233398438,66.79344177246094,33.48391342163086,28.887779235839844,88.77116394042969,81.61119842529297,74.90375518798828,39.2047233581543,153.0500030517578,24.58664894104004
2012-07-19,108.60479736328125,66.56861114501953,33.792781829833984,29.15574073791504,88.54378509521484,81.49156951904297,75.03440856933594,38.79573059082031,153.3800048828125,24.551828384399414
2012-07-20,107.61121368408203,65.71934509277344,33.00048828125,28.724021911621094,89.6257095336914,81.81307220458984,75.09040069580078,38.59124755859375,153.6699981689453,24.398643493652344
2012-07-23,106.5230484008789,64.67023468017578,32.322357177734375,27.972244262695312,90.12875366210938,81.94762420654297,74.84777069091797,38.3108024597168,153.02999877929688,24.18975257873535
2012-07-24,105.6083755493164,63.8209114074707,31.973222732543945,27.853147506713867,90.83853149414062,82.10469818115234,74.96597290039062,38.182247161865234,153.52000427246094,24.113155364990234
2012-07-25,105.63201904296875,63.96249008178711,32.14107131958008,27.987123489379883,91.07279968261719,82.14955139160156,75.1090316772461,38.164710998535156,155.6699981689453,24.120121002197266
2012-07-26,107.37466430664062,64.51201629638672,33.12135314941406,28.61981964111328,90.23895263671875,81.89530944824219,75.22721862792969,38.50360107421875,156.77000427246094,24.517019271850586
2012-07-27,109.35389709472656,66.04405212402344,33.81963348388672,29.42369842529297,88.536865234375,81.30467224121094,74.87263488769531,38.87168502807617,157.5399932861328,24.79553985595703
2012-07-30,109.35389709472656,65.81922149658203,33.77935028076172,29.252500534057617,89.19843292236328,81.56633758544922,75.06549072265625,39.05281066894531,157.42999267578125,24.92087173461914
2012-07-31,108.5890121459961,65.23640441894531,33.57121276855469,29.1185302734375,89.37763977050781,81.70833587646484,75.45117950439453,38.994384765625,156.49000549316406,24.80946159362793
2012-08-01,108.49437713623047,64.16230773925781,33.577919006347656,29.170623779296875,88.93081665039062,81.41033935546875,75.36698150634766,38.80741882324219,155.13999938964844,24.68412208557129
2012-08-02,107.74528503417969,63.9291877746582,33.10792541503906,28.828235626220703,89.4349594116211,81.60506439208984,75.41685485839844,38.918434143066406,154.1300048828125,24.482202529907227
2012-08-03,109.88221740722656,65.45288848876953,34.23590850830078,29.721437454223633,87.9916763305664,81.17822265625,75.23591613769531,39.222267150878906,155.5500030517578,24.893028259277344
2012-08-06,110.09514617919922,65.96078491210938,34.47762680053711,29.907520294189453,88.02619934082031,81.23065185546875,75.33574676513672,39.18134689331055,156.3000030517578,24.87909507751465
2012-08-07,110.64704132080078,66.56028747558594,34.76633834838867,29.989398956298828,86.8936767578125,80.8038330078125,74.94258880615234,38.71976852416992,156.27999877929688,24.746797561645508
2012-08-08,110.7811508178711,66.46035766601562,34.74620056152344,30.048948287963867,86.43098449707031,80.69152069091797,74.73039245605469,38.45685958862305,156.47999572753906,24.92087173461914
2012-08-09,110.87578582763672,66.77677154541016,34.76633834838867,30.175491333007812,86.36888122558594,80.63162231445312,74.68042755126953,38.334163665771484,156.99000549316406,24.816425323486328
2012-08-10,111.0571060180664,66.54364013671875,34.826778411865234,30.31690216064453,86.80389404296875,80.86372375488281,74.89264678955078,38.386741638183594,157.17999267578125,24.80946159362793
2012-08-13,111.00198364257812,66.43537902832031,34.65892028808594,30.048948287963867,86.65888214111328,80.81133270263672,74.73658752441406,38.35753631591797,155.99000549316406,24.80250358581543
2012-08-14,111.01770782470703,66.2771987915039,34.73949432373047,30.041507720947266,85.4849624633789,80.4144515991211,74.39956665039062,38.27573776245117,155.1300048828125,24.89997673034668
2012-08-15,111.14389038085938,66.86003875732422,34.63876724243164,29.996841430664062,84.28330993652344,80.01007080078125,74.05012512207031,38.45100402832031,155.6300048828125,24.913902282714844
2012-08-16,111.96395111083984,67.5594482421875,35.068477630615234,30.272249221801758,83.56513977050781,79.8154296875,73.83171081542969,38.74314498901367,156.55999755859375,24.97657585144043
2012-08-17,112.11375427246094,68.03404235839844,35.115474700927734,30.123380661010742,83.97256469726562,79.91278076171875,73.9315185546875,38.75484085083008,156.72000122070312,24.997472763061523
2012-08-20,112.12165832519531,67.88417053222656,35.075191497802734,30.108489990234375,84.14523315429688,79.957763671875,74.13745880126953,38.64382553100586,157.25999450683594,24.997472763061523
2012-08-21,111.78258514404297,67.84254455566406,35.27662658691406,30.063840866088867,84.51818084716797,80.02507781982422,74.26227569580078,38.725624084472656,158.8300018310547,24.844289779663086
2012-08-22,111.82987213134766,67.51781463623047,35.2363395690918,30.078716278076172,85.9130859375,80.6466064453125,74.6866683959961,38.70226287841797,160.5399932861328,24.76767921447754
2012-08-23,110.91520690917969,67.043212890625,35.034915924072266,29.803316116333008,86.27215576171875,80.78883361816406,74.74286651611328,38.58538055419922,161.88999938964844,24.57271957397461
2012-08-24,111.58541107177734,67.22639465332031,34.98119354248047,29.810760498046875,86.18931579589844,80.75141906738281,74.823974609375,38.71394348144531,161.97000122070312,24.78857421875
2012-08-27,111.60911560058594,67.42623901367188,35.00133514404297,29.505565643310547,86.69340515136719,80.96106719970703,74.9175796508789,38.8307991027832,161.36000061035156,24.823392868041992
2012-08-28,111.49867248535156,67.73429107666016,34.967777252197266,29.446033477783203,86.90057373046875,80.99101257324219,75.02365112304688,38.96519470214844,161.63999938964844,24.837312698364258
2012-08-29,111.58541107177734,67.94244384765625,34.86033248901367,29.30460548400879,86.52076721191406,80.9386215209961,74.86770629882812,38.9534912109375,160.58999633789062,24.7816162109375
2012-08-30,110.7811508178711,67.26803588867188,34.343345642089844,28.96221351623535,86.96963500976562,81.08839416503906,74.89264678955078,38.8658332824707,160.52000427246094,24.68412208557129
2012-08-31,111.30947875976562,67.54279327392578,34.64548110961914,29.237611770629883,88.19883728027344,81.61255645751953,75.41061401367188,38.98854446411133,164.22000122070312,24.691099166870117
2012-09-04,111.20693969726562,68.36705780029297,34.470909118652344,29.073867797851562,88.11026763916016,81.42584228515625,75.23218536376953,39.263160705566406,164.47999572753906,24.837312698364258
2012-09-05,111.11235046386719,68.38373565673828,34.376914978027344,28.924991607666016,87.69499206542969,81.3958511352539,75.26351165771484,39.193050384521484,164.30999755859375,24.79553985595703
2012-09-06,113.36756896972656,69.64099884033203,35.22962951660156,29.56513214111328,86.23478698730469,80.84091186523438,74.93168640136719,39.543609619140625,164.88999938964844,25.101913452148438
2012-09-07,113.80914306640625,70.15726470947266,35.760040283203125,30.249916076660156,85.83346557617188,80.9459457397461,75.08822631835938,39.57866287231445,168.44000244140625,24.89997673034668
2012-09-10,113.16248321533203,69.84083557128906,35.478065490722656,29.862863540649414,86.04106903076172,80.98338317871094,75.08194732666016,39.268985748291016,167.2899932861328,24.872140884399414
2012-09-11,113.47791290283203,69.99073028564453,35.88090133666992,30.22014808654785,85.50126647949219,80.83348846435547,75.14458465576172,39.3858528137207,167.89999389648438,24.79553985595703
2012-09-12,113.8564453125,70.34871673583984,36.11590576171875,30.354124069213867,84.43555450439453,80.43604278564453,74.99427032470703,39.4676628112793,167.9199981689453,24.663238525390625
2012-09-13,115.5911865234375,71.27295684814453,36.66647720336914,31.172903060913086,84.10340118408203,80.66851043701172,75.39501953125,39.95259475708008,171.30999755859375,25.101913452148438
2012-09-14,116.10374450683594,71.93907165527344,37.0290412902832,31.53762435913086,81.86805725097656,79.9111099243164,74.94425964355469,40.17463302612305,171.8000030517578,24.913902282714844
2012-09-17,115.70951843261719,71.60601043701172,36.83433532714844,31.195222854614258,82.85074615478516,80.07614135742188,75.20091247558594,40.057762145996094,170.39999389648438,24.98354148864746
2012-09-18,115.6148681640625,71.37287902832031,36.67989730834961,31.210126876831055,83.2659683227539,80.278564453125,75.43256378173828,39.67800521850586,171.72000122070312,25.122804641723633
2012-09-19,115.67794036865234,71.24797058105469,36.83433532714844,31.210126876831055,83.81270599365234,80.46603393554688,75.55778503417969,39.45595932006836,171.74000549316406,25.192434310913086
2012-09-20,115.68585205078125,70.93158721923828,36.59933090209961,31.02403450012207,84.02031707763672,80.51103973388672,75.49519348144531,38.87168502807617,171.47000122070312,25.33169937133789
2012-09-21,115.637451171875,71.18968200683594,36.619476318359375,31.09846305847168,84.1171646118164,80.68350982666016,75.6329345703125,38.877540588378906,171.9600067138672,25.21599578857422
2012-09-24,115.46304321289062,70.95732116699219,36.491912841796875,31.068695068359375,84.77460479736328,80.86346435546875,75.74561309814453,38.73324966430664,171.0500030517578,25.300146102905273
2012-09-25,114.23435974121094,69.93759155273438,36.23676300048828,30.607196807861328,85.61198425292969,81.1633529663086,75.89583587646484,38.1619873046875,170.77000427246094,25.124834060668945
2012-09-26,113.59220886230469,69.49454498291016,35.87419891357422,30.465774536132812,86.53243255615234,81.50080871582031,76.10871887207031,38.15610122680664,169.80999755859375,25.124834060668945
2012-09-27,114.66239166259766,70.24686431884766,36.30390167236328,30.94959831237793,85.91648864746094,81.32836151123047,76.07121276855469,38.32099914550781,172.33999633789062,25.208982467651367
2012-09-28,114.13130950927734,69.74530029296875,35.58547592163086,30.763511657714844,85.96492767333984,81.32836151123047,76.24021911621094,38.26211166381836,171.88999938964844,25.124834060668945
2012-10-01,114.4325180053711,69.97935485839844,35.87419891357422,31.068695068359375,86.28392791748047,81.479248046875,76.44371795654297,37.97941970825195,172.2899932861328,25.28610610961914
2012-10-02,114.55142974853516,70.11309051513672,36.01518249511719,31.113351821899414,86.16600799560547,81.42670440673828,76.46886444091797,38.268001556396484,172.10000610351562,25.30714988708496
2012-10-03,115.01911163330078,69.9124755859375,35.86747741699219,30.90492820739746,86.19377899169922,81.50930786132812,76.51909637451172,38.34455871582031,172.41000366210938,25.38428497314453
2012-10-04,115.84358978271484,70.388916015625,36.30390167236328,31.225000381469727,85.11886596679688,81.18641662597656,76.45634460449219,38.33278274536133,173.61000061035156,25.503507614135742
2012-10-05,115.85150909423828,70.30532836914062,36.35089874267578,31.225000381469727,84.0162124633789,80.81857299804688,76.33694458007812,38.37989807128906,172.6199951171875,25.601669311523438
2012-10-08,115.45516204833984,69.86234283447266,36.13604736328125,30.94959831237793,84.72358703613281,81.08132934570312,76.53792572021484,38.29745101928711,172.0500030517578,25.5245304107666
2012-10-09,114.31359100341797,69.04315185546875,35.612335205078125,30.718843460083008,84.5710220336914,80.9161376953125,76.61959075927734,38.15610122680664,170.99000549316406,25.27910614013672
2012-10-10,113.58424377441406,68.93450164794922,35.51161575317383,30.532764434814453,85.16742706298828,81.11133575439453,76.75775146484375,38.30923080444336,170.83999633789062,25.173919677734375
2012-10-11,113.64765930175781,69.1852798461914,35.73992156982422,30.81560707092285,85.7568588256836,81.18641662597656,77.00898742675781,38.279788970947266,171.32000732421875,25.117826461791992
2012-10-12,113.27505493164062,68.62523651123047,35.699615478515625,30.718843460083008,85.97183990478516,81.1939468383789,77.09693145751953,38.14432907104492,170.05999755859375,25.138856887817383
2012-10-15,114.21846771240234,69.07659912109375,36.048763275146484,30.89748191833496,85.77767944335938,81.2164306640625,77.3355941772461,38.397560119628906,168.35000610351562,25.30714988708496
2012-10-16,115.37586975097656,69.58649444580078,36.646324157714844,31.217557907104492,84.59182739257812,80.83355712890625,77.28539276123047,38.63313674926758,169.4199981689453,25.370271682739258
2012-10-17,115.89910888671875,70.21338653564453,36.98875045776367,31.463186264038086,83.80817413330078,80.3230209350586,77.1346206665039,38.52711486816406,169.5399932861328,25.48246192932129
2012-10-18,115.59785461425781,69.82892608642578,36.84776306152344,31.373870849609375,83.29500579833984,80.18038177490234,76.99018096923828,38.92169952392578,168.7899932861328,25.34221839904785
2012-10-19,113.67143249511719,68.41627502441406,36.35089874267578,30.890043258666992,84.42537689208984,80.51820373535156,77.1282958984375,38.597801208496094,166.97000122070312,25.040685653686523
2012-10-22,113.68733215332031,68.3995361328125,36.606048583984375,31.18778419494629,83.88445281982422,80.2479248046875,76.94620513916016,38.40346145629883,167.5800018310547,25.05471420288086
2012-10-23,112.10974884033203,68.05685424804688,35.82048034667969,30.54764747619629,85.08423614501953,80.63084411621094,77.07809448242188,38.014766693115234,165.42999267578125,24.718128204345703
2012-10-24,111.79268646240234,67.87294006347656,35.84062194824219,30.577434539794922,84.24505615234375,80.4581069946289,76.8708267211914,37.985328674316406,164.86000061035156,24.718128204345703
2012-10-25,112.11766815185547,68.1488037109375,36.055477142333984,30.91237449645996,83.81513214111328,80.16529083251953,76.65100860595703,37.87932205200195,166.02000427246094,24.872398376464844
2012-10-26,112.05429077148438,67.82280731201172,36.00175857543945,30.674190521240234,85.04949188232422,80.67586517333984,77.02783966064453,37.549522399902344,165.92999267578125,24.78824806213379
2012-10-31,112.05429077148438,68.23239135742188,35.97490692138672,30.629531860351562,85.5488510131836,81.00623321533203,77.26656341552734,37.91465759277344,166.8300018310547,24.816295623779297
2012-11-01,113.22753143310547,68.95123291015625,36.39790725708008,31.128236770629883,84.84842681884766,80.84457397460938,76.92738342285156,38.097232818603516,166.07000732421875,24.830320358276367
2012-11-02,112.22073364257812,67.86458587646484,36.048763275146484,30.9644832611084,84.7859878540039,80.9122314453125,76.77664184570312,38.350460052490234,162.60000610351562,24.683063507080078
2012-11-05,112.45065307617188,68.31599426269531,35.96147918701172,31.113351821899414,85.26448059082031,81.10772705078125,76.81430053710938,38.097232818603516,163.22999572753906,24.640989303588867
2012-11-06,113.3305892944336,68.82583618164062,36.30390167236328,31.358985900878906,84.46007537841797,80.73941040039062,76.44371795654297,38.26211166381836,166.3000030517578,24.823307037353516
2012-11-07,110.76209259033203,67.15408325195312,35.760040283203125,30.84538459777832,85.99263763427734,81.41598510742188,76.60076904296875,38.091331481933594,166.49000549316406,24.52880096435547
2012-11-08,109.43031311035156,66.2095718383789,35.43777847290039,30.458332061767578,87.26868438720703,81.77689361572266,76.52537536621094,37.637855529785156,167.99000549316406,24.262325286865234
2012-11-09,109.52542114257812,66.35166931152344,35.45118713378906,30.517879486083984,87.36578369140625,81.78436279296875,76.33694458007812,37.53773880004883,167.82000732421875,24.262325286865234
2012-11-12,109.6126708984375,66.15938568115234,35.42433547973633,30.629531860351562,87.51139831542969,81.83699798583984,76.3494873046875,37.44940948486328,167.4499969482422,24.262325286865234
2012-11-13,109.23210144042969,65.78324127197266,35.2497673034668,30.354124069213867,87.8027114868164,81.93472290039062,76.38091278076172,37.419960021972656,167.10000610351562,24.248302459716797
2012-11-14,107.75760650634766,64.5628890991211,34.88047409057617,29.885196685791016,87.88593292236328,81.95732116699219,76.53792572021484,36.719139099121094,167.13999938964844,23.981847763061523
2012-11-15,107.57530975341797,64.22855377197266,34.994632720947266,29.989398956298828,87.7125015258789,81.91967010498047,76.3871841430664,36.548362731933594,166.08999633789062,23.974824905395508
2012-11-16,108.10638427734375,64.76349639892578,34.97447967529297,30.078716278076172,87.63623046875,81.97233581542969,76.41229248046875,36.772151947021484,165.8800048828125,24.129091262817383
2012-11-19,110.29438781738281,66.13436126708984,35.733184814453125,30.607196807861328,87.14386749267578,81.80697631835938,76.65100860595703,37.225616455078125,167.8699951171875,24.52178382873535
2012-11-20,110.34195709228516,66.2513656616211,35.78690719604492,30.54764747619629,86.27005767822266,81.46863555908203,76.41229248046875,37.50241470336914,167.38999938964844,24.612934112548828
2012-11-21,110.54804992675781,66.60240936279297,35.84733200073242,30.48810577392578,86.2215347290039,81.34832763671875,76.46886444091797,37.4376335144043,167.55999755859375,24.648006439208984
2012-11-23,112.05429077148438,67.26278686523438,36.619476318359375,30.986814498901367,86.1383056640625,81.30320739746094,76.50028228759766,37.71443176269531,169.61000061035156,25.01263427734375
2012-11-26,111.81641387939453,67.4801025390625,36.53219223022461,30.986814498901367,86.54749298095703,81.43856811523438,76.62592315673828,37.79098129272461,169.42999267578125,24.830320358276367
2012-11-27,111.24564361572266,67.396484375,36.35089874267578,30.72628402709961,86.88723754882812,81.62649536132812,76.66986083984375,37.5789680480957,168.7100067138672,24.809293746948242
2012-11-28,112.14149475097656,67.96490478515625,36.61276626586914,30.89748191833496,86.76243591308594,81.73172760009766,76.65727233886719,37.5318489074707,166.5500030517578,25.04770851135254
2012-11-29,112.6646728515625,68.74225616455078,36.92832946777344,31.12079429626465,86.77629852294922,81.81448364257812,76.71378326416016,37.73796844482422,167.17999267578125,25.180940628051758
2012-11-30,112.6884765625,68.60852813720703,36.9753303527832,31.105905532836914,86.54054260253906,81.79940795898438,76.70752716064453,37.81452941894531,166.0500030517578,25.272090911865234
2012-12-03,112.13359069824219,68.53330993652344,37.0223274230957,31.09101676940918,86.62039184570312,81.76705932617188,76.79254150390625,37.9676513671875,166.1300048828125,25.173919677734375
2012-12-04,111.9749755859375,68.61685943603516,37.1163215637207,31.18033790588379,87.1207046508789,81.91008758544922,76.86192321777344,38.02655029296875,164.4199981689453,25.124834060668945
2012-12-05,112.1732177734375,68.53330993652344,37.170047760009766,31.515289306640625,87.07904815673828,81.97781372070312,77.01936340332031,37.90876388549805,164.1199951171875,25.166906356811523
2012-12-06,112.55369567871094,68.64197540283203,37.243896484375,31.75347900390625,87.26665496826172,82.02301788330078,77.00679016113281,38.26211166381836,164.5,25.194957733154297
2012-12-07,112.89457702636719,68.69213104248047,37.257320404052734,31.85023307800293,86.46064758300781,81.78966522216797,76.82404327392578,38.40346145629883,165.16000366210938,25.370271682739258
2012-12-10,112.942138671875,68.9930419921875,37.297611236572266,32.02887725830078,86.84280395507812,81.8648910522461,76.89337158203125,38.385780334472656,165.8000030517578,25.34221839904785
2012-12-11,113.71114349365234,69.72024536132812,37.51246643066406,32.192649841308594,86.18263244628906,81.70685577392578,76.60984802246094,38.480010986328125,165.64999389648438,25.356229782104492
2012-12-12,113.7665786743164,69.3273696899414,37.63331985473633,32.28940200805664,85.18205261230469,81.36055755615234,76.37675476074219,38.37401580810547,165.77000427246094,25.300146102905273
2012-12-13,113.06896209716797,68.8843765258789,37.51918029785156,32.147979736328125,85.24466705322266,81.2024917602539,76.25701904296875,38.07955551147461,164.3699951171875,25.258060455322266
2012-12-14,112.6488265991211,68.84256744384766,37.653465270996094,32.28940200805664,85.88386535644531,81.3831558227539,76.31377410888672,38.07365417480469,164.1300048828125,25.21599578857422
2012-12-17,113.97272491455078,69.81216430664062,37.80789566040039,32.371280670166016,84.59840393066406,80.95406341552734,76.06803894042969,38.27389144897461,164.44000244140625,25.272090911865234
2012-12-18,115.2410888671875,70.76508331298828,38.20158004760742,32.59743118286133,83.73680114746094,80.63787078857422,75.87904357910156,38.6684684753418,162.0800018310547,25.265079498291016
2012-12-19,114.38492584228516,70.9227294921875,38.337337493896484,32.58245849609375,84.0147705078125,80.75082397460938,76.1751708984375,38.61545944213867,161.69000244140625,25.01263427734375
2012-12-20,115.04293823242188,71.27687072753906,38.59527587890625,32.777156829833984,84.028564453125,80.80350494384766,76.25080108642578,39.12192916870117,159.72999572753906,25.152875900268555
2012-12-21,113.99864959716797,70.98176574707031,38.35770797729492,32.40273666381836,84.94588470458984,81.02185821533203,76.38307189941406,39.05714797973633,160.3300018310547,24.93874168395996
2012-12-24,113.64739227294922,70.63607025146484,38.25588607788086,32.33533477783203,84.7929458618164,80.93904113769531,76.33262634277344,39.10901641845703,160.6199951171875,24.86073875427246
2012-12-26,113.16836547851562,70.13019561767578,38.24909591674805,32.43268585205078,85.0979995727539,81.10559844970703,76.44132995605469,38.924232482910156,160.77999877929688,24.64801025390625
2012-12-27,113.01664733886719,70.0796127319336,38.42558670043945,32.615478515625,85.38349151611328,81.27143859863281,76.68778991699219,39.06728744506836,161.16000366210938,24.690561294555664
2012-12-28,111.79518127441406,69.58219146728516,38.018310546875,32.735328674316406,85.87092590332031,81.45989990234375,76.8583755493164,38.810970306396484,160.5399932861328,24.428192138671875
2012-12-31,113.69525909423828,71.09135437011719,38.59527587890625,33.222232818603516,84.38770294189453,81.03018951416016,76.45398712158203,39.22228240966797,162.02000427246094,24.747283935546875
2013-01-02,116.60930633544922,73.18229675292969,39.19260025024414,33.87395095825195,83.25950622558594,80.66085815429688,76.63092041015625,39.711063385009766,163.1699981689453,25.385461807250977
2013-01-03,116.34581756591797,73.01367950439453,38.812477111816406,33.63423538208008,82.13139343261719,80.24623107910156,76.21388244628906,39.705101013183594,161.1999969482422,25.32164764404297
2013-01-04,116.8567886352539,73.55326080322266,39.00932312011719,33.70164489746094,82.45173645019531,80.28390502929688,76.17597198486328,39.8898811340332,160.44000244140625,25.392562866210938
2013-01-07,116.53741455078125,73.27503204345703,38.839637756347656,33.446964263916016,82.48653411865234,80.32917785644531,76.30233764648438,39.97929382324219,159.42999267578125,25.22237205505371
2013-01-08,116.20213317871094,73.22444915771484,38.62242889404297,33.147315979003906,83.02975463867188,80.52515411376953,76.37184143066406,39.90180206298828,160.55999755859375,25.151466369628906
2013-01-09,116.49755096435547,73.57852172851562,38.81927490234375,33.28964614868164,82.95314025878906,80.57035827636719,76.34654998779297,40.01506042480469,160.49000549316406,25.208192825317383
2013-01-10,117.42363739013672,73.74717712402344,39.314781188964844,33.58180618286133,82.72329711914062,80.33670806884766,76.38447570800781,40.05678176879883,161.97999572753906,25.35709571838379
2013-01-11,117.4156494140625,73.63754272460938,39.39623260498047,33.31211853027344,83.46148681640625,80.59297943115234,76.52348327636719,40.0329475402832,161.05999755859375,25.47055435180664
2013-01-14,117.33580780029297,73.67970275878906,39.44374465942383,33.45444869995117,83.23169708251953,80.5628433227539,76.37184143066406,40.14619827270508,161.5399932861328,25.548551559448242
2013-01-15,117.4156494140625,74.00011444091797,39.382659912109375,33.31211853027344,83.61470794677734,80.75885772705078,76.30866241455078,40.33694076538086,162.55999755859375,25.626562118530273
2013-01-16,117.39972686767578,73.7809066772461,39.19260025024414,33.28215789794922,83.78880310058594,80.86438751220703,76.30866241455078,40.28925704956055,162.64999389648438,25.591096878051758
2013-01-17,118.15808868408203,74.46382904052734,39.51162338256836,33.46943664550781,82.95314025878906,80.49501037597656,76.17597198486328,40.414432525634766,163.35000610351562,25.76128578186035
2013-01-18,118.4216537475586,74.67459869384766,39.47089767456055,33.544334411621094,83.59378814697266,80.72117614746094,76.25176239013672,40.587303161621094,163.08999633789062,25.867645263671875
2013-01-22,119.06025695800781,75.21417999267578,39.49125671386719,33.491905212402344,83.75399017333984,80.78898620605469,76.25176239013672,40.79594039916992,163.6699981689453,25.874738693237305
2013-01-23,119.25193786621094,75.03714752197266,39.45053482055664,33.31211853027344,83.62861633300781,80.82669830322266,76.34654998779297,40.784000396728516,163.2100067138672,25.867645263671875
2013-01-24,119.28382873535156,75.28165435791016,39.640594482421875,33.19226837158203,83.33613586425781,80.69100189208984,76.23912048339844,40.86745071411133,161.4199981689453,25.938552856445312
2013-01-25,119.95446014404297,75.82966613769531,40.06822204589844,33.07990646362305,82.19403839111328,80.1557846069336,75.89158630371094,41.09993362426758,160.64999389648438,26.066207885742188
2013-01-28,119.81076049804688,75.88026428222656,39.87138748168945,32.84768295288086,81.8946533203125,79.98995971679688,75.82839965820312,41.20722579956055,160.2899932861328,26.08746910095215
2013-01-29,120.28182220458984,75.92240142822266,40.14289093017578,33.214744567871094,81.44193267822266,79.86932373046875,75.6578140258789,41.32643508911133,160.99000549316406,26.229291915893555
2013-01-30,119.81076049804688,75.01184844970703,40.18360900878906,33.05743408203125,81.30267333984375,79.91451263427734,75.40499877929688,40.93303298950195,162.19000244140625,26.179643630981445
2013-01-31,119.515380859375,75.5261459350586,40.03428268432617,33.124847412109375,81.69965362548828,79.98242950439453,75.46189880371094,40.688636779785156,161.1999969482422,26.144193649291992
2013-02-01,120.7448501586914,76.19219970703125,40.353309631347656,33.34208679199219,80.63877868652344,79.71063995361328,75.26602935791016,40.92707061767578,161.4499969482422,26.356914520263672
2013-02-04,119.38763427734375,75.27320098876953,39.62702178955078,32.900115966796875,81.67171478271484,80.1711196899414,75.51959991455078,40.831695556640625,162.0,26.108741760253906
2013-02-05,120.59317016601562,75.94770050048828,39.81027603149414,32.93757629394531,80.94589233398438,79.88429260253906,75.36746978759766,40.736324310302734,161.9600067138672,26.42074203491211
2013-02-06,120.68096923828125,76.2680892944336,39.80350875854492,32.900115966796875,81.60888671875,80.12577819824219,75.56390380859375,40.8793830871582,162.38999938964844,26.456199645996094
2013-02-07,120.52133178710938,76.01515197753906,39.47768783569336,32.607967376708984,81.4273910522461,80.16358184814453,75.58928680419922,40.70652770996094,161.83999633789062,26.59800910949707
2013-02-08,121.1919937133789,76.55473327636719,39.72883224487305,32.84768295288086,81.74152374267578,80.22393035888672,75.75411987304688,41.082054138183594,161.57000732421875,26.576738357543945
2013-02-11,121.16798400878906,76.47042083740234,39.6881103515625,32.83270263671875,81.67870330810547,80.14091491699219,75.71604919433594,41.14165115356445,159.6999969482422,26.576738357543945
2013-02-12,121.36756896972656,76.80770111083984,39.88496017456055,32.92258834838867,81.47634887695312,80.0578842163086,75.64004516601562,41.45162582397461,159.88999938964844,26.548381805419922
2013-02-13,121.47134399414062,77.12805938720703,39.979984283447266,33.08738708496094,80.81326293945312,79.77860260009766,75.46256256103516,41.42778396606445,159.0500030517578,26.576738357543945
2013-02-14,121.5831527709961,77.32195281982422,39.76277160644531,33.07241439819336,81.54610443115234,80.11822509765625,75.67173767089844,41.254913330078125,158.35000610351562,26.633466720581055
2013-02-15,121.43946838378906,77.3472900390625,39.660953521728516,32.95256805419922,81.3088150024414,80.04275512695312,75.64004516601562,41.272796630859375,155.75999450683594,26.66891860961914
2013-02-19,122.34954833984375,78.03022766113281,40.129302978515625,33.019981384277344,80.90399932861328,79.9144287109375,75.62103271484375,41.600650787353516,155.3300018310547,26.938369750976562
2013-02-20,120.82466888427734,76.58003234863281,39.73561477661133,32.72783279418945,81.14825439453125,80.08802795410156,75.74774169921875,41.3323860168457,151.44000244140625,26.88873863220215
2013-02-21,120.09021759033203,75.83810424804688,39.1383056640625,32.27837371826172,81.62285614013672,80.2465591430664,75.86821746826172,41.02244186401367,152.6199951171875,26.97384262084961
2013-02-22,121.26375579833984,76.74864959716797,39.701683044433594,32.42070770263672,81.67870330810547,80.34469604492188,75.9189453125,41.43373489379883,152.97000122070312,27.12982940673828
2013-02-25,118.95646667480469,75.05398559570312,38.75139617919922,31.986234664916992,83.28396606445312,80.96369934082031,76.36898040771484,40.64691162109375,154.33999633789062,26.761106491088867
2013-02-26,119.77085876464844,75.34906005859375,39.063636779785156,32.16600799560547,82.8023681640625,80.81269073486328,76.27389526367188,40.92707061767578,156.22000122070312,26.824932098388672
2013-02-27,121.27975463867188,76.14159393310547,39.559139251708984,32.5180778503418,82.55809783935547,80.77494812011719,76.24852752685547,41.22512435913086,154.57000732421875,27.02347755432129
2013-02-28,121.04027557373047,76.28498840332031,39.51841354370117,32.368263244628906,82.71160888671875,80.88817596435547,76.27389526367188,41.18338394165039,153.0,27.009288787841797
2013-03-01,121.43946838378906,76.63060760498047,39.43695831298828,32.443172454833984,83.16205596923828,81.08995056152344,76.4481201171875,41.32048034667969,152.44000244140625,27.101472854614258
2013-03-04,122.08609008789062,76.83296966552734,39.60665512084961,32.136043548583984,82.72144317626953,80.90103912353516,76.39089965820312,41.630435943603516,152.3000030517578,27.307104110717773
2013-03-05,123.17984008789062,77.72664642333984,40.000343322753906,32.52557373046875,82.483642578125,80.81793212890625,76.26374053955078,41.95828628540039,152.3800048828125,27.3992919921875
2013-03-06,123.3475341796875,77.92901611328125,40.1021614074707,32.682891845703125,81.73522186279297,80.5609359741211,76.04112243652344,41.833133697509766,153.22999572753906,27.33547019958496
2013-03-07,123.5710678100586,78.29999542236328,40.21754837036133,32.77277755737305,81.10577392578125,80.2510986328125,75.79320526123047,41.63639450073242,152.69000244140625,27.33547019958496
2013-03-08,124.09800720214844,79.02507019042969,40.30577850341797,33.05743408203125,80.25943756103516,79.84300994873047,75.526123046875,41.70793914794922,152.7100067138672,27.385101318359375
2013-03-11,124.56902313232422,78.9997787475586,40.42797088623047,32.877647399902344,80.33636474609375,79.88079071044922,75.57699584960938,41.74370193481445,152.99000549316406,27.413463592529297
2013-03-12,124.28958892822266,78.8395767211914,40.22434616088867,32.50310134887695,80.91690063476562,80.09994506835938,75.72958374023438,41.588714599609375,154.19000244140625,27.385101318359375
2013-03-13,124.4652328491211,79.13468170166016,40.16325378417969,32.19597625732422,80.83296966552734,80.03195190429688,75.65962982177734,41.630435943603516,153.66000366210938,27.455997467041016
2013-03-14,125.1279067993164,79.92718505859375,40.55694580078125,32.330806732177734,80.588134765625,80.05462646484375,75.69145965576172,41.89271926879883,153.67999267578125,27.548192977905273
2013-03-15,124.96266174316406,79.88502502441406,40.63840103149414,32.03866195678711,80.96590423583984,80.33425903320312,75.79320526123047,41.98810958862305,154.0,27.427764892578125
2013-03-18,124.2730484008789,79.44664001464844,40.19039535522461,31.679088592529297,81.58135986328125,80.59873962402344,75.97760009765625,41.75563430786133,155.3800048828125,27.34225082397461
2013-03-19,123.9842758178711,79.10939025878906,40.06822204589844,31.454374313354492,82.13392639160156,80.8481216430664,76.10478210449219,41.552955627441406,156.0800018310547,27.570281982421875
2013-03-20,124.85042572021484,79.8428726196289,40.31258010864258,31.6341552734375,81.21765899658203,80.53828430175781,75.88219451904297,41.68408966064453,155.3699951171875,27.833942413330078
2013-03-21,123.78384399414062,79.14312744140625,39.9460334777832,31.312055587768555,82.00102233886719,80.74988555908203,75.95851135253906,41.55891418457031,156.25,27.74843406677246
2013-03-22,124.77825927734375,79.38761901855469,40.2922248840332,31.431900024414062,82.0639877319336,80.78007507324219,75.96487426757812,41.77756881713867,155.5500030517578,28.004968643188477
2013-03-25,124.25701141357422,79.43324279785156,39.7899284362793,31.401939392089844,81.987060546875,80.84060668945312,75.96487426757812,41.7835693359375,155.24000549316406,27.983592987060547
2013-03-26,125.25142669677734,79.6868896484375,40.041072845458984,31.851394653320312,82.08493041992188,80.92369079589844,76.01571655273438,42.143985748291016,154.72000122070312,28.24725341796875
2013-03-27,125.25142669677734,79.73762512207031,39.84421920776367,31.97124481201172,82.78434753417969,81.27135467529297,76.28279876708984,42.222076416015625,155.36000061035156,28.225872039794922
2013-03-28,125.63628387451172,79.83909606933594,40.03428268432617,32.03866195678711,82.36473083496094,81.12018585205078,76.23828887939453,42.36623001098633,154.4499969482422,28.339879989624023
2013-04-01,125.13914489746094,78.76531982421875,39.498050689697266,31.694082260131836,82.98501586914062,81.33587646484375,76.12862396240234,42.49237060546875,154.6699981689453,28.32562828063965
2013-04-02,125.75658416748047,78.27495574951172,39.91889190673828,31.70907211303711,82.64860534667969,81.17694091796875,76.12216186523438,42.62453079223633,152.42999267578125,28.632057189941406
2013-04-03,124.48150634765625,77.04899597167969,39.7220458984375,31.334518432617188,83.3916015625,81.51750946044922,76.4283447265625,42.474361419677734,150.72999572753906,28.31850242614746
2013-04-04,124.98678588867188,77.70845031738281,40.075008392333984,31.2446346282959,84.3869857788086,81.8428955078125,76.83654022216797,43.16514587402344,150.2899932861328,28.468154907226562
2013-04-05,124.4253921508789,77.5562744140625,39.89174270629883,31.169719696044922,86.0903091430664,82.10020446777344,77.0725326538086,43.39939880371094,152.80999755859375,28.26150894165039
2013-04-08,125.26740264892578,78.19884490966797,40.047855377197266,31.222156524658203,85.43136596679688,81.83529663085938,77.14263153076172,43.74779510498047,152.16000366210938,28.58216667175293
2013-04-09,125.70046997070312,77.9705581665039,40.19039535522461,31.529287338256836,85.22109985351562,81.86558532714844,77.21924591064453,43.75380325317383,153.33999633789062,28.55365562438965
2013-04-10,127.2401123046875,79.38252258300781,40.787723541259766,31.828914642333984,84.05049896240234,81.52506256103516,77.01516723632812,44.02412033081055,150.75,28.767446517944336
2013-04-11,127.65711212158203,79.49244689941406,41.10675048828125,31.85887908935547,84.21172332763672,81.61589813232422,77.0661392211914,44.28242492675781,151.0500030517578,28.902841567993164
2013-04-12,127.3443603515625,79.1711654663086,41.00493621826172,31.371980667114258,85.46641540527344,82.06993103027344,77.4488525390625,44.39054870605469,143.9499969482422,29.009719848632812
2013-04-15,124.3932876586914,76.18659973144531,40.19719314575195,30.6079158782959,86.20939636230469,82.25151824951172,77.47437286376953,43.47148513793945,131.30999755859375,28.546541213989258
2013-04-16,126.22969055175781,77.50556182861328,40.767364501953125,31.237146377563477,85.50142669677734,82.0169906616211,77.33401489257812,44.19230651855469,132.8000030517578,29.080978393554688
2013-04-17,124.38530731201172,76.16123962402344,39.91889190673828,30.74273681640625,86.06919860839844,82.16826629638672,77.44247436523438,43.72378158569336,132.8699951171875,28.83158302307129
2013-04-18,123.6074447631836,75.73849487304688,39.796714782714844,30.74273681640625,86.2795181274414,82.21368408203125,77.51263427734375,43.65770721435547,134.3000030517578,28.774574279785156
2013-04-19,124.6819839477539,76.60934448242188,40.11573028564453,31.192188262939453,86.09724426269531,82.16826629638672,77.62744903564453,44.330467224121094,135.47000122070312,29.223495483398438
2013-04-22,125.23531341552734,76.82916259765625,40.285430908203125,31.342008590698242,86.16035461425781,82.21368408203125,77.65291595458984,44.270408630371094,137.89999389648438,29.294767379760742
2013-04-23,126.5263671875,78.04666137695312,40.85559844970703,31.491825103759766,85.85894012451172,82.16069793701172,77.75501251220703,44.51667404174805,136.8800048828125,29.522796630859375
2013-04-24,126.60662841796875,78.4524917602539,41.208560943603516,31.679088592529297,86.07624816894531,82.19853973388672,77.78687286376953,44.61279296875,138.3699951171875,29.052480697631836
2013-04-25,127.11981201171875,78.96822357177734,41.42576599121094,31.963754653930664,85.70474243164062,82.10775756835938,77.74221801757812,44.462615966796875,141.6300048828125,29.145130157470703
2013-04-26,126.89529418945312,78.54547119140625,41.459716796875,31.641647338867188,86.48978424072266,82.40289306640625,78.02287292480469,44.318458557128906,140.91000366210938,29.137998580932617
2013-04-29,127.74539184570312,79.11197662353516,41.989158630371094,31.97124481201172,86.17436981201172,82.37258911132812,78.02926635742188,44.69689178466797,142.3000030517578,29.23063850402832
2013-04-30,128.0500946044922,79.56005859375,42.043460845947266,32.42819595336914,86.2234115600586,82.35747528076172,77.89530181884766,45.219478607177734,142.77000427246094,29.173627853393555
2013-05-01,126.92738342285156,77.63237762451172,41.79231262207031,32.07611846923828,87.1092758178711,82.6264877319336,78.24203491210938,44.85908508300781,141.11000061035156,29.145130157470703
2013-05-02,128.106201171875,78.86680603027344,41.92128372192383,32.330806732177734,86.99681091308594,82.6264877319336,78.24203491210938,45.153404235839844,141.9199981689453,29.252012252807617
2013-05-03,129.40533447265625,80.11811065673828,42.45751190185547,32.60048294067383,84.9457015991211,81.92184448242188,77.50639343261719,45.33361053466797,142.08999633789062,29.380279541015625
2013-05-06,129.7340545654297,80.63384246826172,42.403221130371094,32.64543533325195,84.73490142822266,81.81574249267578,77.49359130859375,45.56787872314453,142.14999389648438,29.16650390625
2013-05-07,130.39163208007812,81.2933120727539,42.471092224121094,32.877647399902344,84.40481567382812,81.70203399658203,77.43598175048828,45.820167541503906,140.3800048828125,29.387409210205078
2013-05-08,130.98509216308594,81.53007507324219,42.919090270996094,33.13233184814453,84.53828430175781,81.80060577392578,77.50639343261719,45.84419250488281,142.4600067138672,29.42304039001465
2013-05-09,130.6162109375,81.25106048583984,42.50503158569336,32.89263153076172,84.32054901123047,81.78543090820312,77.34005737304688,45.543846130371094,140.80999755859375,29.216384887695312
2013-05-10,131.0412139892578,81.86825561523438,42.552555084228516,32.637935638427734,83.41437530517578,81.3232192993164,76.9370346069336,45.712032318115234,139.60000610351562,29.33039093017578
2013-05-13,131.1454315185547,81.80908966064453,42.53217697143555,32.338294982910156,82.77519989013672,81.17926788330078,76.73873138427734,45.92829132080078,138.42999267578125,29.380279541015625
2013-05-14,132.50064086914062,82.85749053955078,42.61363983154297,32.48811721801758,81.87602233886719,80.85348510742188,76.53401184082031,46.096473693847656,137.80999755859375,29.729442596435547
2013-05-15,133.21435546875,83.02657318115234,42.796905517578125,32.49560546875,82.42393493652344,81.06559753417969,76.80265808105469,46.553009033203125,134.6300048828125,30.02161979675293
2013-05-16,132.58892822265625,82.81517791748047,42.50503158569336,32.38324737548828,83.28091430664062,81.45204162597656,77.154541015625,46.312721252441406,134.08999633789062,29.843463897705078
2013-05-17,133.87193298339844,83.7452163696289,42.796905517578125,32.52557373046875,82.22724151611328,81.01254272460938,76.82188415527344,46.57101821899414,131.07000732421875,29.886219024658203
2013-05-20,133.86395263671875,83.88052368164062,43.03447723388672,32.607967376708984,82.1289291381836,80.95196533203125,76.7322998046875,46.67914581298828,135.1199951171875,29.579788208007812
2013-05-21,134.05641174316406,83.89743041992188,43.12272644042969,32.54056930541992,82.77519989013672,81.16414642333984,77.02021026611328,46.94344711303711,132.8800048828125,29.608304977416992
2013-05-22,133.06202697753906,82.67147064208984,42.68830490112305,32.180992126464844,81.54591369628906,80.52010345458984,76.41246032714844,45.802146911621094,131.94000244140625,29.558425903320312
2013-05-23,132.67710876464844,82.77291107177734,42.07741165161133,31.9412841796875,81.93225860595703,80.60340881347656,76.48927307128906,44.94316864013672,134.61000061035156,29.43729019165039
2013-05-24,132.56484985351562,82.75598907470703,41.71086883544922,31.66411781311035,82.0446548461914,80.63374328613281,76.4380874633789,44.829036712646484,133.75999450683594,29.715208053588867
2013-05-28,133.35877990722656,83.82978057861328,41.81946563720703,31.836416244506836,79.96540069580078,79.68663024902344,75.70240020751953,44.44460678100586,133.49000549316406,29.765077590942383
2013-05-29,132.4927215576172,83.05192565917969,41.41898727416992,31.431900024414062,80.86453247070312,80.01240539550781,75.67040252685547,43.501529693603516,134.8300018310547,29.19499397277832
2013-05-30,132.9818572998047,83.60993957519531,41.581886291503906,31.431900024414062,80.66785430908203,80.01996612548828,75.766357421875,43.093055725097656,136.6999969482422,29.080978393554688
2013-05-31,131.07325744628906,82.68838500976562,40.77415466308594,30.862594604492188,80.3938980102539,79.80026245117188,75.38894653320312,42.51640319824219,133.9199981689453,28.53942108154297
2013-06-03,131.7949676513672,83.47471618652344,40.93027877807617,31.319547653198242,80.8199234008789,79.91561889648438,75.19068145751953,42.75668716430664,136.50999450683594,28.852962493896484
2013-06-04,131.1614990234375,82.5869369506836,41.0796012878418,30.937501907348633,80.07352447509766,79.71073913574219,74.89550018310547,42.162010192871094,135.22999572753906,28.860074996948242
2013-06-05,129.32510375976562,81.53007507324219,40.16325378417969,30.383176803588867,81.17902374267578,80.09764862060547,74.78643035888672,41.81361770629883,135.52000427246094,28.510913848876953
2013-06-06,130.49586486816406,82.3924560546875,40.38725280761719,30.637853622436523,81.12969970703125,80.19632720947266,75.10726928710938,42.48637390136719,136.52999877929688,28.632057189941406
2013-06-07,132.15586853027344,83.02657318115234,40.93027877807617,30.48055076599121,79.67924499511719,79.57416534423828,74.81208801269531,42.49237060546875,133.27999877929688,28.98834800720215
2013-06-10,132.15586853027344,83.53387451171875,40.970985412597656,30.068546295166016,79.29899597167969,79.37694549560547,74.58109283447266,42.1259651184082,133.94000244140625,28.98834800720215
2013-06-11,130.79261779785156,82.62922668457031,40.46870422363281,29.499235153198242,80.2425308227539,79.57416534423828,74.43992614746094,41.501243591308594,133.25,28.917095184326172
2013-06-12,129.7100372314453,81.80908966064453,40.42118453979492,29.29698944091797,79.09477996826172,79.21755981445312,74.18327331542969,40.936614990234375,134.25,28.774574279785156
2013-06-13,131.6827392578125,83.25483703613281,41.038875579833984,29.918737411499023,80.33406829833984,79.81697082519531,74.97891998291016,41.99981689453125,133.74000549316406,29.0738582611084
2013-06-14,130.85670471191406,82.61226654052734,40.59088134765625,29.446802139282227,80.1439437866211,79.92317199707031,74.92761993408203,42.156005859375,134.42999267578125,29.002609252929688
2013-06-17,131.8672332763672,83.15337371826172,41.17462921142578,29.71647071838379,79.72148132324219,79.73347473144531,74.81851959228516,42.2761344909668,133.77000427246094,29.25912857055664
2013-06-18,132.9097137451172,84.13414764404297,41.466495513916016,29.843828201293945,79.76372528076172,79.6879653930664,74.67098236083984,42.49237060546875,132.1300048828125,29.366039276123047
2013-06-19,131.07325744628906,83.1026611328125,40.69269943237305,28.92244529724121,78.93988037109375,78.59542083740234,73.6121597290039,41.18889617919922,130.58999633789062,28.781700134277344
2013-06-20,127.82551574707031,80.9043960571289,39.19938659667969,27.626514434814453,77.64425659179688,78.23880004882812,72.59832000732422,39.47694778442383,123.5999984741211,27.912338256835938
2013-06-21,128.23587036132812,81.14112091064453,39.32835006713867,28.02353286743164,76.32752990722656,77.41181182861328,72.00157928466797,40.01155471801758,125.05000305175781,28.28099250793457
2013-06-24,126.61541748046875,80.07583618164062,38.71066665649414,27.4542236328125,76.6444091796875,77.2221908569336,71.5331802368164,39.83023452758789,123.93000030517578,28.166240692138672
2013-06-25,127.8327865600586,80.84522247314453,39.20616912841797,28.03851318359375,75.9614028930664,77.13114166259766,71.77056121826172,40.49729919433594,123.47000122070312,28.209272384643555
2013-06-26,129.09844970703125,81.22567749023438,39.36229705810547,28.48048210144043,76.45436096191406,77.44216918945312,72.31600189208984,41.10979080200195,118.27999877929688,28.50333595275879
2013-06-27,129.8562774658203,82.48546600341797,39.758426666259766,29.051952362060547,77.23588562011719,77.85946655273438,72.97046661376953,41.934539794921875,115.94000244140625,28.632450103759766
2013-06-28,129.32418823242188,82.01197814941406,39.6822509765625,29.21891975402832,77.76398468017578,77.76844024658203,72.92556762695312,41.673770904541016,119.11000061035156,28.453136444091797
2013-07-01,130.08193969726562,83.34784698486328,40.056209564208984,29.309986114501953,77.9206314086914,77.79804229736328,73.11419677734375,41.58280563354492,121.12999725341797,28.661128997802734
2013-07-02,129.9610595703125,83.28839111328125,39.85538101196289,28.786325454711914,77.87124633789062,77.82844543457031,73.34593200683594,42.21955108642578,120.05000305175781,28.69700050354004
2013-07-03,130.0174102783203,83.45821380615234,39.869224548339844,28.520700454711914,77.63838958740234,77.67652130126953,73.13348388671875,41.940616607666016,120.73999786376953,28.63961410522461
2013-07-05,131.42018127441406,84.63861846923828,40.056209564208984,28.33855438232422,74.9918441772461,76.3697280883789,72.20654296875,41.7404670715332,118.08999633789062,28.711339950561523
2013-07-08,132.16993713378906,84.97827911376953,40.30552291870117,28.37650489807129,75.7187728881836,76.81796264648438,72.79873657226562,41.78293228149414,119.51000213623047,28.99823760986328
2013-07-09,133.12123107910156,85.7680435180664,40.52714157104492,28.748380661010742,75.79639434814453,76.94713592529297,72.8631362915039,42.37723159790039,120.62000274658203,29.213415145874023
2013-07-10,133.16958618164062,86.00582885742188,40.64486312866211,28.47516441345215,75.20355987548828,76.67364501953125,72.65070343017578,42.39543151855469,120.94999694824219,29.2492733001709
2013-07-11,134.9834442138672,87.016357421875,41.69752883911133,29.87160301208496,76.0857162475586,77.44099426269531,73.50686645507812,43.42029571533203,124.23999786376953,29.70832061767578
2013-07-12,135.039794921875,87.19466400146484,41.42050552368164,29.5528507232666,76.02223205566406,77.38018798828125,73.30091857910156,43.153465270996094,124.12999725341797,29.71548843383789
2013-07-15,135.55581665039062,87.95895385742188,41.6767463684082,29.856422424316406,76.42448425292969,77.62336730957031,73.7707748413086,43.33538055419922,124.18000030517578,29.758522033691406
2013-07-16,135.04794311523438,87.51739501953125,41.649051666259766,29.97784996032715,76.68556213378906,77.66129302978516,73.66138458251953,43.36570739746094,124.88999938964844,29.650930404663086
2013-07-17,135.39454650878906,87.85704803466797,41.77369689941406,30.251070022583008,76.82681274414062,78.00321197509766,73.93817901611328,43.523380279541016,123.31999969482422,29.70832061767578
2013-07-18,136.13621520996094,88.44297790527344,42.05072021484375,29.89436912536621,75.8669662475586,77.63853454589844,73.7450942993164,43.89329528808594,124.01000213623047,29.808727264404297
2013-07-19,136.37803649902344,88.57887268066406,42.01608657836914,29.81088638305664,77.06671905517578,78.06396484375,74.15061950683594,43.86296844482422,125.11000061035156,29.980863571166992
2013-07-22,136.6441192626953,88.76567840576172,42.25155258178711,30.106863021850586,77.17964935302734,78.05638885498047,74.31795501708984,43.99638366699219,128.83999633789062,29.91631317138672
2013-07-23,136.35389709472656,88.70622253417969,42.341583251953125,30.433210372924805,76.85499572753906,77.96522521972656,74.20209503173828,43.94789123535156,129.7100067138672,29.858943939208984
2013-07-24,135.8540496826172,87.96744537353516,42.286170959472656,30.122055053710938,75.88109588623047,77.44099426269531,73.8415756225586,43.092811584472656,127.4800033569336,29.6652774810791
2013-07-25,136.18463134765625,88.77417755126953,42.36928176879883,30.29660415649414,75.85284423828125,77.55497741699219,73.75145721435547,43.15952682495117,128.6699981689453,29.823070526123047
2013-07-26,136.32968139648438,88.41751098632812,42.106117248535156,30.228296279907227,76.3186264038086,77.62336730957031,73.82869720458984,43.19590759277344,128.77999877929688,29.787216186523438
2013-07-29,135.9105224609375,87.79759979248047,41.70445251464844,29.848840713500977,75.76109313964844,77.46377563476562,73.70645904541016,42.87450408935547,128.47000122070312,29.722665786743164
2013-07-30,135.9105224609375,87.8740463256836,41.69752883911133,29.780536651611328,75.73290252685547,77.44099426269531,73.72579956054688,42.74715042114258,128.1199951171875,29.693973541259766
2013-07-31,136.00726318359375,88.02686309814453,41.79448699951172,29.60597038269043,76.0080795288086,77.49415588378906,73.73214721679688,42.04974365234375,127.95999908447266,29.68680191040039
2013-08-01,137.5792999267578,89.22425079345703,42.36234664916992,30.144821166992188,74.54358673095703,76.81018829345703,73.14459228515625,41.886016845703125,126.61000061035156,29.9306583404541
2013-08-02,137.8130340576172,89.30070495605469,42.708621978759766,30.137224197387695,75.3642807006836,77.46450805664062,73.50616455078125,41.67982482910156,126.36000061035156,29.945005416870117
2013-08-05,137.6114959716797,89.6063461303711,42.618595123291016,29.94749641418457,74.78412628173828,77.22102355957031,73.2284927368164,41.64952087402344,125.69999694824219,29.966527938842773
2013-08-06,136.82952880859375,88.70622253417969,42.55626678466797,29.568029403686523,75.00345611572266,77.24388885498047,73.27375030517578,41.50398254394531,123.97000122070312,29.9306583404541
2013-08-07,136.38612365722656,88.07781219482422,42.36928176879883,29.249284744262695,75.56241607666016,77.5253677368164,73.43516540527344,41.39482116699219,124.1500015258789,29.787216186523438
2013-08-08,136.88587951660156,88.44297790527344,42.75017547607422,29.81088638305664,75.76749420166016,77.63951873779297,73.59013366699219,41.41300964355469,126.86000061035156,29.945005416870117
2013-08-09,136.4909210205078,88.34956359863281,42.82636642456055,29.87160301208496,75.88782501220703,77.69271850585938,73.59013366699219,41.77687072753906,126.86000061035156,29.815898895263672
2013-08-12,136.32968139648438,88.81660461425781,42.708621978759766,30.15241050720215,75.37133026123047,77.5406265258789,73.55138397216797,41.47972106933594,129.1300048828125,29.72982406616211
2013-08-13,136.7328338623047,88.69773864746094,42.98563766479492,30.334550857543945,74.2817611694336,76.84061431884766,73.0283432006836,40.9096565246582,127.73999786376953,29.75135040283203
2013-08-14,136.0314178466797,88.34956359863281,43.006412506103516,30.433210372924805,74.39497375488281,76.9090805053711,72.90568542480469,40.75200271606445,129.0,29.54334831237793
2013-08-15,134.12893676757812,86.71063995361328,42.64629364013672,30.084096908569336,73.39029693603516,76.48302459716797,72.3891372680664,40.006103515625,131.69000244140625,29.069965362548828
2013-08-16,133.68553161621094,86.34549713134766,42.72247314453125,29.826065063476562,73.13562774658203,76.18633270263672,72.0274887084961,39.023677825927734,132.5800018310547,28.897830963134766
2013-08-19,132.83096313476562,85.47083282470703,42.41775894165039,29.264463424682617,72.49886322021484,75.85921478271484,71.63365173339844,38.508209228515625,132.00999450683594,28.768720626831055
2013-08-20,133.48397827148438,86.7021255493164,42.36234664916992,29.211334228515625,73.05774688720703,76.2700424194336,72.07270812988281,39.3814811706543,132.4499969482422,28.775901794433594
2013-08-21,132.6616668701172,86.17566680908203,41.863739013671875,28.528291702270508,72.25826263427734,75.79071807861328,71.64010620117188,39.29051971435547,132.07000732421875,28.553546905517578
2013-08-22,133.8708953857422,87.38999938964844,42.27233123779297,28.991241455078125,72.99409484863281,75.76030731201172,71.96940612792969,39.52701187133789,132.80999755859375,28.67548370361328
2013-08-23,134.32232666015625,87.61079406738281,42.63936233520508,29.332761764526367,73.78652954101562,76.18633270263672,72.45368957519531,39.939395904541016,134.89999389648438,28.84044075012207
2013-08-26,133.82254028320312,87.61927032470703,42.327728271484375,29.014005661010742,74.15441131591797,76.33853149414062,72.60221099853516,39.82415771484375,135.4499969482422,28.50333595275879
2013-08-27,131.67010498046875,85.56422424316406,41.60749435424805,28.346145629882812,75.08836364746094,76.77216339111328,72.91215515136719,39.63010787963867,136.75,28.35271453857422
2013-08-28,132.13766479492188,85.73407745361328,41.559017181396484,28.406862258911133,74.47984313964844,76.46021270751953,72.92507934570312,39.38753890991211,136.7100067138672,28.13755226135254
2013-08-29,132.3472900390625,86.59175109863281,41.489768981933594,28.634538650512695,75.07415771484375,76.53628540039062,72.99608612060547,39.44819259643555,135.8699951171875,28.252302169799805
2013-08-30,131.92800903320312,85.24151611328125,40.9772834777832,28.854637145996094,74.98929595947266,76.39177703857422,72.99608612060547,39.114654541015625,134.6199951171875,28.338375091552734
2013-09-03,132.52459716796875,85.81900787353516,41.766780853271484,29.03678321838379,73.93157958984375,75.9582290649414,72.70841979980469,38.77504348754883,136.4199981689453,28.31686782836914
2013-09-04,133.62100219726562,86.57477569580078,42.140743255615234,29.5528507232666,73.7684097290039,75.70670318603516,72.44285583496094,39.108577728271484,134.66000366210938,28.496177673339844
2013-09-05,133.790283203125,86.71063995361328,42.106117248535156,29.901960372924805,72.73988342285156,75.12773132324219,71.84687805175781,38.69622039794922,132.1999969482422,28.453136444091797
2013-09-06,133.85479736328125,86.94839477539062,42.334651947021484,30.342144012451172,73.10166931152344,75.58485412597656,71.95055389404297,39.29656982421875,134.14999389648438,28.524852752685547
2013-09-09,135.1365509033203,88.26466369628906,42.9163818359375,31.139020919799805,73.1371078491211,75.73725128173828,72.13838195800781,40.11524200439453,133.91000366210938,28.72569465637207
2013-09-10,136.13621520996094,89.130859375,43.40115737915039,31.374286651611328,72.62637329101562,75.3867416381836,71.82099151611328,40.084922790527344,131.74000549316406,28.754377365112305
2013-09-11,136.56350708007812,89.17327880859375,43.55351638793945,31.397062301635742,73.27184295654297,75.76771545410156,72.15778350830078,40.40632629394531,131.6999969482422,28.962383270263672
2013-09-12,136.20071411132812,88.5194091796875,43.30419921875,31.032764434814453,73.17256927490234,75.77538299560547,72.10597229003906,40.14557647705078,127.66999816894531,28.96955680847168
2013-09-13,136.50701904296875,89.00345611572266,43.511966705322266,31.237674713134766,73.45631408691406,75.87439727783203,72.15132904052734,40.26077651977539,127.81999969482422,29.20624542236328
2013-09-16,137.297119140625,89.19879150390625,43.85131072998047,31.5867862701416,72.96682739257812,76.0419921875,72.23554992675781,40.66105270385742,126.44999694824219,29.47162628173828
2013-09-17,137.90977478027344,90.08189392089844,43.87901306152344,31.518478393554688,73.56982421875,76.19442749023438,72.42987823486328,40.636783599853516,126.5,29.572040557861328
2013-09-18,139.50595092773438,90.93960571289062,45.04938888549805,32.83903121948242,74.4778060913086,77.13923645019531,73.4922866821289,42.01337432861328,132.00999450683594,29.923484802246094
2013-09-19,139.27215576171875,90.84620666503906,44.8347053527832,32.66447448730469,74.03797912597656,76.87255859375,73.02587127685547,41.97698211669922,131.75,29.787216186523438
2013-09-20,138.29847717285156,90.51498413085938,44.509220123291016,31.935895919799805,74.42819213867188,76.9487533569336,73.09066772460938,41.29172134399414,127.95999908447266,29.5786075592041
2013-09-23,137.65846252441406,90.52350616455078,44.495361328125,32.049739837646484,74.9743881225586,77.23828887939453,73.52467346191406,41.00898742675781,127.55000305175781,29.448692321777344
2013-09-24,137.33444213867188,90.8240737915039,44.42610549926758,31.776521682739258,75.7831039428711,77.52023315429688,73.71253967285156,40.696868896484375,127.66000366210938,29.311555862426758
2013-09-25,136.93751525878906,90.65377807617188,44.47459411621094,31.533672332763672,75.9391860961914,77.7335433959961,73.93923950195312,40.83152389526367,128.7899932861328,29.06614875793457
2013-09-26,137.46409606933594,91.15612030029297,44.66157150268555,31.662691116333008,75.4071044921875,77.56587982177734,73.75790405273438,41.08243179321289,127.79000091552734,29.217729568481445
2013-09-27,136.8321990966797,90.74739837646484,44.50230407714844,31.290802001953125,75.5915298461914,77.67259216308594,73.6996078491211,40.911067962646484,128.97000122070312,29.03728675842285
2013-09-30,136.1031036376953,90.77297973632812,44.1837158203125,30.93410301208496,75.47806549072266,77.80210876464844,73.53763580322266,40.476566314697266,128.17999267578125,28.726917266845703
2013-10-01,137.18057250976562,91.82876586914062,44.41918182373047,31.54884147644043,75.24901580810547,77.62891387939453,73.46353149414062,41.06406021118164,124.58999633789062,28.90013313293457
2013-10-02,137.05091857910156,91.45409393310547,44.405338287353516,31.67028045654297,75.36282348632812,77.75858306884766,73.68449401855469,41.12525939941406,127.05999755859375,28.835187911987305
2013-10-03,135.78717041015625,90.51753997802734,44.11447525024414,31.54884147644043,75.24189758300781,77.86546325683594,73.7235107421875,40.409236907958984,127.18000030517578,28.69081687927246
2013-10-04,136.81600952148438,91.1220474243164,44.218353271484375,31.95867156982422,75.18505859375,77.65182495117188,73.65206146240234,40.329689025878906,126.52999877929688,28.7341365814209
2013-10-07,135.63327026367188,90.05772399902344,43.76127243041992,31.68545150756836,75.49080657958984,77.72055053710938,73.78201293945312,40.51327896118164,127.63999938964844,28.64031982421875
2013-10-08,134.05361938476562,88.6017837524414,43.42193603515625,31.38187599182129,75.51219940185547,77.6822738647461,73.76898956298828,40.072662353515625,127.4000015258789,28.64031982421875
2013-10-09,134.15078735351562,88.2441635131836,43.60892105102539,31.617149353027344,74.90764617919922,77.5450210571289,73.61304473876953,40.07876968383789,126.11000061035156,28.661958694458008
2013-10-10,137.04278564453125,90.37278747558594,44.3914794921875,32.360904693603516,75.02852630615234,77.37712097167969,73.71699523925781,41.10078430175781,124.2699966430664,29.196073532104492
2013-10-11,137.92576599121094,91.68401336669922,44.6269416809082,32.50510025024414,75.0072021484375,77.49153137207031,73.814453125,41.510826110839844,122.5999984741211,29.282684326171875
2013-10-14,138.4766387939453,92.14379119873047,44.7793083190918,32.69483184814453,74.40269470214844,77.2320785522461,73.58705139160156,41.535301208496094,122.83000183105469,29.40538787841797
2013-10-15,137.47216796875,91.24127197265625,44.56462478637695,32.3760871887207,74.35284423828125,77.2473373413086,73.60004425048828,41.38230514526367,123.7300033569336,29.138338088989258
2013-10-16,139.3920440673828,92.37370300292969,44.89702606201172,32.63412094116211,75.28456115722656,77.62126922607422,74.14591979980469,42.15951919555664,123.54000091552734,29.57139778137207
2013-10-17,140.3236846923828,93.18257141113281,45.49261474609375,32.83903121948242,75.96742248535156,78.06387329101562,74.69184875488281,42.795982360839844,127.41999816894531,29.903417587280273
2013-10-18,141.27151489257812,94.2468490600586,45.762699127197266,32.869384765625,76.13094329833984,78.07150268554688,74.78929901123047,42.753135681152344,126.8499984741211,29.946725845336914
2013-10-21,141.27955627441406,94.05953216552734,45.83195877075195,32.816261291503906,75.88912200927734,78.0180892944336,74.59434509277344,42.4961051940918,126.9800033569336,29.88177490234375
2013-10-22,142.09776306152344,94.30648040771484,46.289024353027344,33.13501739501953,76.73551940917969,78.55986785888672,75.04927825927734,42.88776397705078,129.33999633789062,30.257091522216797
2013-10-23,141.4172821044922,93.9914321899414,45.83888244628906,32.360904693603516,77.03426361083984,78.69721984863281,75.02978515625,42.967323303222656,128.69000244140625,30.314838409423828
2013-10-24,141.8871612548828,94.4937973022461,46.157447814941406,32.29259490966797,76.73551940917969,78.53697204589844,74.95178985595703,42.95511245727539,129.89999389648438,30.257091522216797
2013-10-25,142.53521728515625,94.57894897460938,46.02585983276367,32.44438934326172,77.02001953125,78.6743392944336,74.94527435302734,43.48140335083008,130.4600067138672,30.329282760620117
2013-10-28,142.76206970214844,94.53636932373047,45.949684143066406,32.63412094116211,76.75687408447266,78.5980453491211,75.01680755615234,43.16928482055664,130.55999755859375,30.726259231567383
2013-10-29,143.5235595703125,94.808837890625,46.04664611816406,32.740360260009766,76.85643768310547,78.70484924316406,75.12074279785156,42.918365478515625,129.77000427246094,30.993316650390625
2013-10-30,142.8106689453125,93.51464080810547,45.880435943603516,32.55821990966797,76.39411926269531,78.4988021850586,74.97130584716797,42.55730056762695,129.60000610351562,30.726259231567383
2013-10-31,142.40560913085938,92.96971893310547,45.62419509887695,32.22429275512695,76.55769348144531,78.40724182128906,74.86729431152344,42.30638885498047,127.73999786376953,30.56745719909668
2013-11-01,142.74586486816406,92.56954193115234,45.402584075927734,32.23947525024414,75.72900390625,77.97237396240234,74.66519165039062,42.52669906616211,126.94999694824219,30.68294334411621
2013-11-04,143.24810791015625,93.63385009765625,45.62419509887695,32.43679428100586,75.80033111572266,78.12527465820312,74.6847152709961,42.60626220703125,126.80999755859375,30.711822509765625
2013-11-05,142.7945098876953,93.31029510498047,45.229454040527344,31.784120559692383,74.89461517333984,77.77368927001953,74.36520385742188,41.90859603881836,126.55999755859375,30.769548416137695
2013-11-06,143.5235595703125,92.91011047363281,45.62419509887695,31.88277244567871,74.93031311035156,78.0105972290039,74.45001220703125,41.8474006652832,127.19999694824219,31.10158348083496
2013-11-07,141.70889282226562,91.34344482421875,44.90395736694336,31.305988311767578,75.56497192382812,78.21695709228516,74.59996795654297,41.327205657958984,126.16000366210938,30.6468563079834
2013-11-08,143.6207275390625,93.00377655029297,45.167118072509766,31.237674713134766,73.74647521972656,77.33800506591797,73.86966705322266,40.77030563354492,124.27999877929688,30.798425674438477
2013-11-11,143.64500427246094,93.13146209716797,45.264076232910156,31.078306198120117,73.46833801269531,77.29984283447266,73.74580383300781,40.813167572021484,123.87000274658203,30.704593658447266
2013-11-12,143.35340881347656,93.20811462402344,45.111717224121094,30.911333084106445,73.81065368652344,77.23100280761719,73.79795837402344,40.62955093383789,122.44999694824219,30.755107879638672
2013-11-13,144.50375366210938,94.10213470458984,45.25714111328125,30.964462280273438,74.08167266845703,77.55200958251953,73.9675064086914,40.89270782470703,122.8499984741211,31.014963150024414
2013-11-14,145.2246856689453,94.00847625732422,45.464908599853516,31.465370178222656,74.53805541992188,77.92652130126953,74.37174224853516,41.18033218383789,124.2699966430664,31.238710403442383
2013-11-15,145.85659790039062,94.36608123779297,45.83195877075195,32.064910888671875,74.68782043457031,77.86536407470703,74.37174224853516,41.33333969116211,124.31999969482422,31.27480125427246
2013-11-18,145.34619140625,93.70191955566406,45.83195877075195,32.35331344604492,75.13715362548828,78.14051818847656,74.70426177978516,41.0763053894043,122.9000015258789,31.180967330932617
2013-11-19,145.03038024902344,93.12297821044922,45.714229583740234,32.15599060058594,74.56661224365234,77.85010528564453,74.44347381591797,40.788673400878906,122.94999694824219,31.065479278564453
2013-11-20,144.5766143798828,93.0888900756836,45.395652770996094,31.715808868408203,73.29723358154297,77.4220962524414,74.12397003173828,40.29295349121094,120.12000274658203,30.935577392578125
2013-11-21,145.7432098388672,94.76627349853516,45.67959976196289,31.68545150756836,73.4184341430664,77.49087524414062,74.26741790771484,40.60507583618164,119.94000244140625,30.993316650390625
2013-11-22,146.47230529785156,95.23457336425781,45.811180114746094,31.913129806518555,74.10305786132812,77.71249389648438,74.52825164794922,40.445960998535156,119.91999816894531,31.152103424072266
2013-11-25,146.32647705078125,95.353759765625,45.67266845703125,31.503299713134766,74.31700897216797,77.77368927001953,74.65866088867188,40.25624465942383,120.45999908447266,31.10158348083496
2013-11-26,146.36692810058594,96.06049346923828,45.67266845703125,31.609556198120117,74.59514617919922,77.94182586669922,74.80863189697266,40.115501403808594,119.81999969482422,31.072702407836914
2013-11-27,146.7234344482422,96.59689331054688,45.783477783203125,31.81447410583496,74.46681213378906,77.76602935791016,74.82166290283203,40.45820236206055,119.45999908447266,31.094358444213867
2013-11-29,146.62620544433594,96.64798736572266,45.873504638671875,32.14081954956055,74.48817443847656,77.72017669677734,74.76300048828125,40.08489227294922,120.69999694824219,31.043846130371094
2013-12-02,146.24542236328125,95.67733001708984,45.5341682434082,31.465370178222656,73.9088134765625,77.38639068603516,74.408447265625,39.852333068847656,117.58000183105469,30.87783432006836
2013-12-03,145.6135711669922,95.21752166748047,45.21561050415039,31.359107971191406,74.18060302734375,77.52415466308594,74.59813690185547,39.77279281616211,117.95999908447266,31.029403686523438
2013-12-04,145.59738159179688,94.96208953857422,44.97321701049805,31.32115936279297,73.47246551513672,77.17206573486328,74.3561019897461,39.919654846191406,119.95999908447266,30.957218170166016
2013-12-05,144.9573974609375,95.03023529052734,44.71696472167969,31.139020919799805,73.26504516601562,76.98065185546875,74.19254302978516,40.06040573120117,118.30000305175781,30.67573356628418
2013-12-06,146.57762145996094,95.7709732055664,45.27100372314453,31.829648971557617,73.61555480957031,77.049560546875,74.3495864868164,40.34804153442383,118.55000305175781,31.094358444213867
2013-12-09,146.95021057128906,95.74542236328125,45.22252655029297,31.87518882751465,73.78717041015625,77.14140319824219,74.46075439453125,40.54387283325195,119.72000122070312,31.20262908935547
2013-12-10,146.42361450195312,94.87693786621094,45.14634704589844,31.89035987854004,74.31647491455078,77.46292877197266,74.76163482666016,40.43983840942383,121.81999969482422,30.935577392578125
2013-12-11,144.77915954589844,93.31880950927734,44.72390365600586,31.184560775756836,73.74432373046875,77.16438293457031,74.55233001708984,39.50962829589844,120.86000061035156,30.986093521118164
2013-12-12,144.3012237548828,93.52311706542969,44.39841842651367,31.002412796020508,73.4653091430664,76.94239807128906,74.42800903320312,39.289310455322266,118.29000091552734,30.56022834777832
2013-12-13,144.28500366210938,93.82966613769531,44.37071228027344,31.078306198120117,73.82293701171875,77.05717468261719,74.63082122802734,39.387237548828125,119.37999725341797,30.509714126586914
2013-12-16,145.1842041015625,94.945068359375,44.689273834228516,31.28321647644043,73.55113983154297,77.0189208984375,74.68973541259766,39.52188491821289,119.69000244140625,30.50249671936035
2013-12-17,144.72250366210938,94.808837890625,44.495361328125,31.010019302368164,73.88015747070312,77.26390838623047,74.91211700439453,39.70545196533203,118.6500015258789,30.358131408691406
2013-12-18,147.19325256347656,96.1115493774414,45.19529342651367,31.62723159790039,73.5082015991211,76.97303771972656,74.91211700439453,40.409236907958984,117.61000061035156,30.863388061523438
2013-12-19,147.02310180664062,95.39632415771484,45.19529342651367,31.045223236083984,73.4367446899414,76.65145111083984,74.80094909667969,39.852333068847656,114.81999969482422,30.805639266967773
2013-12-20,147.87831115722656,97.00560760498047,45.45375061035156,30.999282836914062,74.56684112548828,76.88880920410156,75.14764404296875,40.09712600708008,115.94000244140625,30.945274353027344
2013-12-23,148.66839599609375,98.10559844970703,45.92177200317383,31.229013442993164,74.14482116699219,76.64388275146484,75.02987670898438,40.17668151855469,115.56999969482422,30.916183471679688
2013-12-24,148.99420166015625,98.481689453125,46.01258087158203,31.41280174255371,73.55113983154297,76.34529113769531,75.01026153564453,40.21272659301758,116.0999984741211,30.959823608398438
2013-12-26,149.75164794921875,98.490234375,46.2640495300293,31.144773483276367,73.26771545410156,76.27935028076172,74.95643615722656,40.24381637573242,116.73999786376953,31.083473205566406
2013-12-27,149.74351501464844,98.43041229248047,46.50155258178711,31.62723159790039,73.05960845947266,76.23334503173828,74.89082336425781,40.33082962036133,117.12000274658203,31.156192779541016
2013-12-30,149.71908569335938,98.37057495117188,46.6971435546875,31.765073776245117,73.56193542480469,76.44036102294922,75.11389923095703,40.343257904052734,115.38999938964844,31.23619270324707
2013-12-31,150.42767333984375,98.60134887695312,46.87178421020508,32.010135650634766,73.0954360961914,76.09532165527344,74.92362213134766,40.12572479248047,116.12000274658203,31.258010864257812
2014-01-02,148.98605346679688,97.532958984375,46.04052734375,30.777198791503906,73.31795501708984,76.39436340332031,75.0679931640625,40.13193893432617,118.0,30.872560501098633
2014-01-03,148.9616241455078,98.02870178222656,46.089420318603516,30.723594665527344,73.31795501708984,76.34833526611328,75.17951202392578,40.355690002441406,119.29000091552734,30.814361572265625
2014-01-06,148.52987670898438,97.23377990722656,46.033531188964844,30.432594299316406,73.62646484375,76.56305694580078,75.34357452392578,40.560791015625,119.5,30.698009490966797
2014-01-07,149.44215393066406,98.04574584960938,46.2919921875,30.562780380249023,73.81310272216797,76.68572235107422,75.28447723388672,40.74104690551758,118.81999969482422,30.865276336669922
2014-01-08,149.47476196289062,98.17398071289062,46.27802658081055,30.463224411010742,73.61217498779297,76.30998229980469,74.96304321289062,40.542144775390625,118.12000274658203,30.632556915283203
2014-01-09,149.57249450683594,98.19963073730469,46.24309158325195,30.30240821838379,74.04275512695312,76.50938415527344,75.13358306884766,40.542144775390625,118.45999908447266,30.792545318603516
2014-01-10,149.9796905517578,98.73812866210938,46.66920471191406,30.83846092224121,74.92540740966797,77.15345764160156,75.54036712646484,41.095298767089844,120.26000213623047,30.836191177368164
2014-01-13,147.9841766357422,97.38761901855469,46.2640495300293,30.470882415771484,75.29853820800781,77.37586975097656,75.6846923828125,40.821834564208984,121.0199966430664,30.661651611328125
2014-01-14,149.59689331054688,98.584228515625,46.6342887878418,30.8001708984375,74.9541244506836,77.08444213867188,75.46167755126953,41.12017822265625,119.88999938964844,30.821632385253906
2014-01-15,150.40325927734375,99.31932830810547,46.82987594604492,30.792505264282227,74.87516784667969,77.01544952392578,75.48136901855469,41.43093490600586,119.66000366210938,30.828916549682617
2014-01-16,150.20782470703125,99.43896484375,46.80892562866211,30.624046325683594,75.37750244140625,77.23014831542969,75.6584701538086,41.50552749633789,119.79000091552734,30.836191177368164
2014-01-17,149.57249450683594,99.08853912353516,46.66920471191406,30.470882415771484,75.69322204589844,77.41422271728516,75.7437744140625,41.26311111450195,120.93000030517578,30.596195220947266
2014-01-21,150.01223754882812,99.67830657958984,46.89274215698242,30.424938201904297,75.75067138671875,77.32981872558594,75.63883209228516,41.63603210449219,119.69999694824219,30.712543487548828
2014-01-22,150.11001586914062,100.1826171875,46.89274215698242,30.830791473388672,75.56404113769531,77.11507415771484,75.45510864257812,41.81626510620117,119.19000244140625,30.712543487548828
2014-01-23,148.88015747070312,99.50733184814453,46.578392028808594,30.072668075561523,76.63331604003906,77.63651275634766,75.7437744140625,41.716835021972656,121.79000091552734,30.443462371826172
2014-01-24,145.7036590576172,96.96881866455078,45.30005645751953,29.283903121948242,77.1284408569336,77.9509048461914,75.69131469726562,41.19474792480469,122.29000091552734,30.167098999023438
2014-01-27,144.98690795898438,95.54998779296875,45.090518951416016,29.16904067993164,76.5902328491211,77.71318817138672,75.54695129394531,40.877784729003906,120.95999908447266,30.04347038269043
2014-01-28,145.85023498535156,96.55856323242188,45.48169708251953,29.352825164794922,76.77678680419922,77.8282470703125,75.91439056396484,41.21959686279297,120.94999694824219,30.27620506286621
2014-01-29,144.4494171142578,95.16532135009766,44.971763610839844,28.931638717651367,77.40828704833984,78.19629669189453,76.06529235839844,40.99586868286133,122.47000122070312,29.745290756225586
2014-01-30,145.98057556152344,96.58419036865234,45.20227813720703,29.19967269897461,77.18582916259766,78.11962127685547,76.10469055175781,41.617393493652344,119.7699966430664,29.78892707824707
2014-01-31,145.12533569335938,95.86622619628906,44.433895111083984,29.2456111907959,77.70248413085938,78.42632293701172,76.33430480957031,41.84113693237305,120.08999633789062,29.643468856811523
2014-02-03,141.8593292236328,92.8661117553711,43.52579879760742,28.418561935424805,78.64927673339844,78.85258483886719,76.82658386230469,41.17610549926758,121.31999969482422,29.003463745117188
2014-02-04,142.85296630859375,93.5670166015625,44.028743743896484,28.99289894104004,77.8147201538086,78.6145248413086,76.45806121826172,41.67333221435547,120.98999786376953,29.15619468688965
2014-02-05,142.67379760742188,92.8661117553711,44.11955642700195,28.885698318481445,77.09528350830078,78.33031463623047,76.21454620361328,41.58632278442383,121.29000091552734,29.17802619934082
2014-02-06,144.5552215576172,93.6011962890625,44.90190505981445,29.490671157836914,76.76435852050781,78.18436431884766,76.14214324951172,41.890865325927734,121.23999786376953,29.49074935913086
2014-02-07,146.34713745117188,94.66104888916016,45.48868179321289,29.65914535522461,76.82917022705078,78.39176940917969,76.37908935546875,42.20784378051758,122.16999816894531,29.767105102539062
2014-02-10,146.61582946777344,94.90892791748047,45.33500671386719,29.329856872558594,77.04490661621094,78.43016815185547,76.4119644165039,42.605621337890625,122.91999816894531,29.883474349975586
2014-02-11,148.2204132080078,95.7551040649414,46.05448913574219,29.965463638305664,76.5988998413086,78.08448791503906,76.25399017333984,42.7734260559082,124.36000061035156,30.232563018798828
2014-02-12,148.29371643066406,96.13117218017578,46.1313362121582,29.973121643066406,76.20321655273438,77.90023040771484,76.02369689941406,42.79829406738281,124.43000030517578,30.101652145385742
2014-02-13,149.05931091308594,97.35342407226562,46.271034240722656,30.003759384155273,76.63483428955078,78.26885986328125,76.33956146240234,42.959877014160156,125.48999786376953,30.25438117980957
2014-02-14,149.8820037841797,97.49019622802734,46.44567108154297,30.371328353881836,76.67802429199219,78.21507263183594,76.48438262939453,43.1276969909668,127.1500015258789,30.428916931152344
2014-02-18,150.0612030029297,98.50733947753906,46.84384536743164,30.08798599243164,76.85065460205078,78.4071273803711,76.64229583740234,43.33900833129883,127.4000015258789,30.25438117980957
2014-02-19,149.0675048828125,97.4987564086914,46.52949905395508,29.8812198638916,76.52693939208984,78.2535171508789,76.5567626953125,43.31414794921875,126.2699966430664,30.188915252685547
2014-02-20,149.94717407226562,98.55004119873047,46.69015884399414,29.988433837890625,76.33991241455078,78.16900634765625,76.45806121826172,43.22092819213867,127.5999984741211,30.3198299407959
2014-02-21,149.7760772705078,98.85775756835938,46.780975341796875,30.195201873779297,76.74279022216797,78.26885986328125,76.53699493408203,43.32658386230469,127.58000183105469,30.25438117980957
2014-02-24,150.6068572998047,99.58431243896484,47.186126708984375,30.195201873779297,76.54854583740234,78.19203186035156,76.57652282714844,43.432247161865234,128.99000549316406,30.363460540771484
2014-02-25,150.5498809814453,99.68682861328125,47.07436752319336,29.85059356689453,77.23197937011719,78.46089172363281,76.8725814819336,43.5751838684082,129.2100067138672,30.479829788208008
2014-02-26,150.5579833984375,100.30225372314453,46.91368865966797,29.873559951782227,77.6420669555664,78.6913070678711,77.1227035522461,43.67463302612305,128.11000061035156,30.450748443603516
2014-02-27,151.34805297851562,100.84928131103516,47.07436752319336,30.44025230407715,78.06655883789062,78.78350067138672,77.25434875488281,43.55653762817383,128.1999969482422,30.588911056518555
2014-02-28,151.7308349609375,100.44754028320312,47.15816879272461,30.233489990234375,78.10972595214844,78.7066879272461,77.20828247070312,43.96055221557617,127.62000274658203,30.799823760986328
2014-03-03,150.66387939453125,99.90908813476562,46.159278869628906,29.697431564331055,78.63117218017578,79.09593963623047,77.4102783203125,43.98539352416992,130.2899932861328,30.632556915283203
2014-03-04,152.78158569335938,102.4219970703125,47.07436752319336,30.20285415649414,77.44844055175781,78.48816680908203,76.9944076538086,44.619354248046875,128.67999267578125,31.047103881835938
2014-03-05,152.92002868652344,102.36214447021484,47.032447814941406,30.225833892822266,77.6142578125,78.5727767944336,76.9548110961914,44.56343078613281,128.88999938964844,30.945274353027344
2014-03-06,153.27023315429688,102.34507751464844,47.52142333984375,30.65467071533203,76.84982299804688,78.23429107666016,76.72380828857422,44.19051742553711,130.1699981689453,30.938003540039062
2014-03-07,153.3354034423828,102.31084442138672,47.262969970703125,30.264123916625977,76.36660766601562,77.8957748413086,76.44660949707031,43.71192932128906,129.08999633789062,31.02527618408203
2014-03-10,153.25396728515625,101.96897888183594,46.96957778930664,30.057350158691406,76.47480773925781,77.98042297363281,76.32776641845703,43.48198318481445,129.1300048828125,31.054370880126953
2014-03-11,152.4965057373047,100.90909576416016,46.62728500366211,29.720401763916016,76.67668914794922,78.05736541748047,76.35417175292969,43.755435943603516,129.86000061035156,31.039825439453125
2014-03-12,152.53724670410156,101.216796875,46.45265579223633,29.781665802001953,77.21038055419922,78.36507415771484,76.62477111816406,43.885955810546875,131.75999450683594,31.105281829833984
2014-03-13,150.82675170898438,100.04585266113281,45.586483001708984,29.2456111907959,78.24888610839844,78.8266830444336,76.89541625976562,43.68085479736328,132.2100067138672,30.952550888061523
2014-03-14,150.40325927734375,100.46466064453125,45.48868179321289,29.40642547607422,78.2633285522461,78.83438873291016,76.80963897705078,43.792728424072266,133.10000610351562,30.96709442138672
2014-03-17,151.7634735107422,100.90909576416016,46.06148147583008,29.7663516998291,77.6791763305664,78.51895141601562,76.71062469482422,43.885955810546875,131.63999938964844,31.148902893066406
2014-03-18,152.84666442871094,102.37921905517578,46.34787368774414,30.17987823486328,77.9604263305664,78.71126556396484,76.94816589355469,44.01648712158203,130.6199951171875,31.214357376098633
2014-03-19,152.0322265625,101.7125473022461,45.78207015991211,29.5366153717041,77.3546371459961,77.98042297363281,76.39381408691406,43.18363571166992,128.08999633789062,30.974365234375
2014-03-20,152.92002868652344,101.84929656982422,45.6074333190918,29.66680145263672,77.21759796142578,77.99581146240234,76.49939727783203,43.258209228515625,127.86000061035156,31.083473205566406
2014-03-21,152.32688903808594,101.37919616699219,45.51662826538086,29.85059356689453,78.0542221069336,78.14199829101562,76.76338958740234,43.65598678588867,128.47000122070312,31.065914154052734
2014-03-24,151.69696044921875,100.225341796875,45.63536834716797,30.141592025756836,78.60954284667969,78.17278289794922,76.90860748291016,43.37008285522461,126.18000030517578,31.03668785095215
2014-03-25,152.41693115234375,100.20133209228516,46.1313362121582,30.48619842529297,78.31382751464844,78.12661743164062,76.93505096435547,43.7661018371582,126.41000366210938,31.263277053833008
2014-03-26,151.3206787109375,98.28179168701172,46.12434768676758,30.555124282836914,78.92681884765625,78.45741271972656,77.2320556640625,43.271873474121094,125.41000366210938,31.190181732177734
2014-03-27,151.0015869140625,98.03329467773438,46.3548698425293,30.95333480834961,79.32349395751953,78.53434753417969,77.2518310546875,43.547142028808594,124.58999633789062,31.168251037597656
2014-03-28,151.74610900878906,97.93902587890625,46.704132080078125,31.198394775390625,78.87635803222656,78.25737762451172,77.19245147705078,43.809879302978516,124.55999755859375,31.2486629486084
2014-03-31,152.9895782470703,99.69573974609375,46.94163131713867,31.405147552490234,78.68164825439453,78.2651138305664,77.18585968017578,44.178993225097656,123.61000061035156,31.475269317626953
2014-04-01,154.00399780273438,101.00685119628906,47.242008209228516,31.77273178100586,78.00917053222656,78.10327911376953,76.99385833740234,44.37916946411133,123.38999938964844,31.42409896850586
2014-04-02,154.51934814453125,101.46102905273438,47.33282470703125,31.8339900970459,77.56092071533203,77.76406860351562,76.88792419433594,44.41670227050781,124.31999969482422,31.460647583007812
2014-04-03,154.31483459472656,100.4327163696289,47.200103759765625,31.711469650268555,77.90076446533203,77.81803894042969,77.03358459472656,44.3228645324707,123.91999816894531,31.497190475463867
2014-04-04,152.49050903320312,98.11042022705078,47.053409576416016,31.62723159790039,78.42138671875,78.29590606689453,77.33806610107422,44.472999572753906,125.56999969482422,31.394861221313477
2014-04-07,150.8052520751953,96.67933654785156,46.82987594604492,31.765073776245117,78.8913345336914,78.48089599609375,77.52344512939453,44.616886138916016,124.91000366210938,31.42409896850586
2014-04-08,151.4270477294922,97.35629272460938,46.80192565917969,32.132652282714844,79.07931518554688,78.58879089355469,77.7286605834961,44.892154693603516,126.08999633789062,31.58489227294922
2014-04-09,153.0550079345703,98.76170349121094,47.402671813964844,32.37770462036133,78.68883514404297,78.56571197509766,77.7948226928711,44.779544830322266,126.31999969482422,31.72378921508789
2014-04-10,149.8399200439453,95.9423828125,46.56443405151367,32.03310012817383,79.41912841796875,78.89710235595703,77.90078735351562,44.354129791259766,127.01000213623047,31.409475326538086
2014-04-11,148.49014282226562,94.61412811279297,46.28501510620117,32.03310012817383,80.06260681152344,79.05899810791016,77.95369720458984,44.085140228271484,126.93000030517578,31.2486629486084
2014-04-14,149.6599578857422,94.87976837158203,46.55045700073242,31.96417808532715,79.85296630859375,78.93568420410156,78.00672149658203,44.3478889465332,127.8499984741211,31.497190475463867
2014-04-15,150.69076538085938,95.2482681274414,46.3548698425293,31.481731414794922,80.35186004638672,79.02816772460938,78.17217254638672,44.873374938964844,125.48999786376953,31.57759666442871
2014-04-16,152.2696533203125,96.28514862060547,46.92765808105469,31.879932403564453,80.45310974121094,78.90485382080078,78.20528411865234,45.16115188598633,125.54000091552734,31.884599685668945
2014-04-17,152.48231506347656,96.76502990722656,47.172149658203125,32.17094039916992,79.57099151611328,78.45777893066406,77.755126953125,44.89839553833008,124.75,31.891902923583984
2014-04-21,153.0140838623047,97.21920013427734,47.23502731323242,31.97183609008789,79.50589752197266,78.44236755371094,77.86104583740234,45.154903411865234,124.23999786376953,31.90652847290039
2014-04-22,153.70947265625,98.22179412841797,47.43061447143555,31.887596130371094,79.77337646484375,78.41155242919922,77.90078735351562,45.25498580932617,123.77999877929688,31.891902923583984
2014-04-23,153.3494873046875,97.60481262207031,47.31884002685547,31.65785789489746,80.22894287109375,78.61194610595703,78.07286071777344,45.07356262207031,123.76000213623047,31.840736389160156
2014-04-24,153.66036987304688,97.35629272460938,47.31186294555664,31.688495635986328,80.38075256347656,78.58879089355469,78.08611297607422,45.2612419128418,124.55999755859375,31.965011596679688
2014-04-25,152.4005126953125,95.64242553710938,47.08134078979492,31.259647369384766,80.49644470214844,78.69672393798828,78.07286071777344,45.08607482910156,125.43000030517578,32.008872985839844
2014-04-28,152.88320922851562,95.0854263305664,47.22803497314453,31.41280174255371,80.10602569580078,78.58110046386719,77.9802017211914,45.4364128112793,124.87999725341797,32.37434387207031
2014-04-29,153.5949249267578,95.32540893554688,47.5353889465332,31.711469650268555,79.99752807617188,78.65049743652344,77.99341583251953,45.467689514160156,124.86000061035156,32.2354621887207
2014-04-30,154.05307006835938,95.95951080322266,47.7239990234375,31.65020751953125,80.33015441894531,78.85855865478516,78.21190643310547,45.630340576171875,124.22000122070312,32.337799072265625
2014-05-01,154.0693817138672,95.92523193359375,47.85671615600586,31.688495635986328,81.19198608398438,79.08565521240234,78.53987884521484,45.82426834106445,123.80000305175781,32.30855178833008
2014-05-02,153.84848022460938,96.0023422241211,47.779876708984375,31.864627838134766,81.69207000732422,79.20140075683594,78.70586395263672,45.8117561340332,125.05999755859375,32.30855178833008
2014-05-05,154.14306640625,95.88236999511719,47.74494552612305,31.688495635986328,81.19920349121094,79.15515899658203,78.50666809082031,45.90560531616211,126.22000122070312,32.2354621887207
2014-05-06,152.80142211914062,94.3227767944336,47.6611328125,31.8339900970459,81.52538299560547,79.24781036376953,78.63941955566406,45.74295425415039,125.9800033569336,32.030784606933594
2014-05-07,153.7012939453125,94.38274383544922,47.71700668334961,32.00246810913086,81.2354736328125,79.30953216552734,78.65267944335938,46.293460845947266,124.16999816894531,32.337799072265625
2014-05-08,153.53768920898438,93.43158721923828,47.7239990234375,31.92588233947754,80.88749694824219,79.39449310302734,78.67261505126953,46.399810791015625,124.16999816894531,32.38165283203125
2014-05-09,153.7667694091797,94.28848266601562,47.65414047241211,31.872278213500977,80.62663269042969,79.33271789550781,78.58633422851562,46.431087493896484,124.0999984741211,32.535152435302734
2014-05-12,155.26377868652344,96.43080139160156,47.96847915649414,32.4083366394043,80.3004379272461,79.12421417236328,78.38714599609375,46.574981689453125,124.94000244140625,32.56439971923828
2014-05-13,155.4029083251953,95.48817443847656,48.03833770751953,32.53086853027344,80.99626159667969,79.4331283569336,78.67922973632812,46.27469253540039,124.5999984741211,32.63018035888672
2014-05-14,154.6666259765625,93.9371566772461,47.947532653808594,32.760597229003906,81.87327575683594,79.79611206054688,79.07100677490234,46.293460845947266,125.80999755859375,32.45474624633789
2014-05-15,153.30862426757812,93.30302429199219,47.73796844482422,32.45429611206055,82.52554321289062,80.08185577392578,79.21036529541016,46.26844024658203,124.7699966430664,32.16965866088867
2014-05-16,153.84033203125,93.89427947998047,47.842750549316406,32.88312530517578,82.29364776611328,79.91190338134766,79.11742401123047,46.69383239746094,124.5,32.367042541503906
2014-05-19,154.40480041503906,94.90546417236328,47.74494552612305,32.88312530517578,81.684814453125,79.8115463256836,79.04442596435547,46.506168365478516,124.58000183105469,32.301246643066406
2014-05-20,153.4313201904297,93.45726013183594,47.444580078125,32.615108489990234,81.86599731445312,80.04320526123047,79.04442596435547,46.36227035522461,124.69000244140625,32.184295654296875
2014-05-21,154.72390747070312,93.9371566772461,47.8148078918457,32.86780548095703,81.36592102050781,79.91966247558594,78.89836120605469,46.05573654174805,124.38999938964844,32.367042541503906
2014-05-22,155.10018920898438,94.91405487060547,47.8776741027832,33.097557067871094,81.24998474121094,79.83466339111328,78.871826171875,45.97441482543945,124.66999816894531,32.31586456298828
2014-05-23,155.72195434570312,95.95092010498047,48.00341033935547,33.036277770996094,81.684814453125,79.99685668945312,78.95813751220703,46.38104248046875,124.51000213623047,32.367042541503906
2014-05-27,156.6790771484375,97.3305892944336,48.34569549560547,32.7529411315918,82.16319274902344,80.0200424194336,79.2369384765625,46.71260452270508,121.8499984741211,32.45474624633789
2014-05-28,156.56460571289062,96.82500457763672,48.18503952026367,32.944393157958984,83.17788696289062,80.46024322509766,79.6153793334961,46.418582916259766,121.19999694824219,32.41089630126953
2014-05-29,157.37449645996094,97.150634765625,48.47841262817383,33.036277770996094,82.73579406738281,80.35981750488281,79.38304901123047,46.51241683959961,120.94000244140625,32.666744232177734
2014-05-30,157.62803649902344,96.71363067626953,48.48541259765625,32.58446502685547,82.69951629638672,80.29808044433594,79.39630889892578,46.725101470947266,120.43000030517578,32.92257308959961
2014-06-02,157.80807495117188,96.1908950805664,48.583194732666016,32.68402099609375,82.08480072021484,79.93060302734375,78.95557403564453,46.86901092529297,119.69999694824219,32.84215545654297
2014-06-03,157.7262420654297,95.95951080322266,48.464439392089844,32.86780548095703,81.07470703125,79.52835083007812,78.59600830078125,46.8439826965332,120.01000213623047,32.72520065307617
2014-06-04,158.04531860351562,96.33656311035156,48.450477600097656,32.68402099609375,81.0528793334961,79.46648406982422,78.55610656738281,46.93782424926758,119.76000213623047,32.84215545654297
2014-06-05,159.07611083984375,98.35894012451172,48.7857666015625,33.02863311767578,81.08921813964844,79.58246612548828,78.72251892089844,47.801124572753906,120.66000366210938,32.97373580932617
2014-06-06,159.83688354492188,99.30156707763672,49.05121612548828,33.3579216003418,81.08921813964844,79.52064514160156,78.88893127441406,47.60094451904297,120.61000061035156,33.06144714355469
2014-06-09,160.00054931640625,100.17559814453125,49.0023193359375,33.48044204711914,80.97299194335938,79.40457916259766,78.72918701171875,47.025390625,120.6500015258789,33.01028823852539
2014-06-10,160.0168914794922,99.97855377197266,48.89753341674805,33.65657424926758,80.67500305175781,79.2653579711914,78.58274841308594,46.67506408691406,121.38999938964844,33.01028823852539
2014-06-11,159.46060180664062,99.49008178710938,48.653045654296875,33.54170227050781,80.82035064697266,79.37370300292969,78.64264678955078,46.549949645996094,121.41000366210938,32.92257308959961
2014-06-12,158.3316192626953,98.88164520263672,48.667022705078125,33.380889892578125,81.53978729248047,79.68310546875,78.89559936523438,46.431087493896484,122.63999938964844,32.68865203857422
2014-06-13,158.8143310546875,99.05304718017578,48.701942443847656,33.396217346191406,81.49616241455078,79.52835083007812,78.88227081298828,46.549949645996094,122.95999908447266,32.68134307861328
2014-06-16,158.94520568847656,99.53291320800781,48.71591567993164,33.243045806884766,81.69965362548828,79.52835083007812,78.8756103515625,46.31222152709961,122.41999816894531,32.80561065673828
2014-06-17,159.38693237304688,100.23560333251953,48.68098831176758,33.25070571899414,81.0528793334961,79.19573974609375,78.60932922363281,46.431087493896484,122.27999877929688,32.80561065673828
2014-06-18,160.55682373046875,100.9125747680664,49.10010528564453,33.6182861328125,81.67782592773438,79.6134262084961,79.06204223632812,46.756385803222656,122.66999816894531,33.193023681640625
2014-06-19,160.73675537109375,100.99828338623047,49.365562438964844,33.42683792114258,80.63146209716797,79.41229248046875,78.78240203857422,47.144264221191406,126.94000244140625,33.38306427001953
2014-06-20,161.0631103515625,101.33250427246094,49.281734466552734,33.3579216003418,81.24181365966797,79.50515747070312,78.93553161621094,47.30691146850586,126.5,33.28077697753906
2014-06-23,161.01376342773438,101.1353988647461,49.14900588989258,33.28900146484375,80.98748016357422,79.4510269165039,78.92894744873047,47.112998962402344,126.8499984741211,33.09678268432617
2014-06-24,160.04380798339844,100.05567169189453,48.84165954589844,33.273685455322266,81.80864715576172,79.77589416503906,79.26176452636719,47.1477165222168,126.9800033569336,32.97903060913086
2014-06-25,160.76722717285156,100.90401458740234,48.82448196411133,33.34391784667969,82.01936340332031,79.85326385498047,79.3416748046875,47.053009033203125,126.98999786376953,32.927513122558594
2014-06-26,160.65211486816406,100.73265075683594,48.86025619506836,33.38251495361328,82.4117431640625,80.06211853027344,79.4881591796875,47.0088005065918,126.7300033569336,32.80975341796875
2014-06-27,160.96450805664062,101.40962219238281,48.88888168334961,33.459686279296875,82.2882308959961,80.06211853027344,79.4748306274414,47.36869812011719,126.66000366210938,32.86862564086914
2014-06-30,160.8822784423828,101.81236267089844,48.93183135986328,33.36707305908203,82.49169921875,80.12403869628906,79.40165710449219,47.25503921508789,128.0399932861328,32.839176177978516
2014-07-01,161.95912170410156,102.84925842285156,49.36124801635742,33.68353271484375,81.80103302001953,79.862060546875,79.094482421875,47.50761413574219,127.69999694824219,32.91278839111328
2014-07-02,162.12353515625,102.45267486572266,49.43998336791992,33.88421630859375,80.9267807006836,79.53653717041016,78.81407165527344,47.39394760131836,127.69999694824219,33.0011100769043
2014-07-03,162.92083740234375,103.07205200195312,49.54016876220703,34.08489990234375,80.6353988647461,79.37383270263672,78.73401641845703,47.12244415283203,127.16000366210938,33.18510437011719
2014-07-07,162.35365295410156,101.30859375,49.15369415283203,34.06174850463867,81.22550201416016,79.56755065917969,78.87419128417969,47.261356353759766,127.0199966430664,33.236610412597656
2014-07-08,161.30975341796875,100.0784683227539,48.638397216796875,33.907379150390625,82.13619995117188,79.93180084228516,79.16792297363281,47.4002799987793,127.06999969482422,33.17036437988281
2014-07-09,162.0331268310547,100.20751190185547,48.79584503173828,34.10032653808594,82.20176696777344,79.94729614257812,79.2948226928711,47.47605514526367,127.83999633789062,33.317562103271484
2014-07-10,161.3918914794922,99.14082336425781,48.25908279418945,33.91508865356445,82.22357940673828,80.11778259277344,79.23466491699219,47.69073486328125,128.5399932861328,33.26604080200195
2014-07-11,161.61387634277344,99.01179504394531,48.28770446777344,33.876495361328125,82.7481689453125,80.24956512451172,79.48170471191406,47.69703674316406,128.77999877929688,33.31020736694336
2014-07-14,162.42759704589844,99.5193099975586,48.645545959472656,34.13892364501953,82.39119720458984,80.07129669189453,79.3148422241211,47.93067169189453,125.72000122070312,33.42795181274414
2014-07-15,162.12353515625,98.53865814208984,48.523887634277344,34.11577606201172,82.22357940673828,80.00151824951172,79.22802734375,47.962223052978516,124.52999877929688,33.13357162475586
2014-07-16,162.72357177734375,98.27201080322266,48.82448196411133,34.20067596435547,82.66072845458984,80.11778259277344,79.4149398803711,48.113765716552734,124.97000122070312,33.140926361083984
2014-07-17,160.8740234375,96.75804138183594,48.20183563232422,33.56004333496094,83.70256805419922,80.58282470703125,79.71540069580078,47.86751174926758,127.08999633789062,32.93486404418945
2014-07-18,162.51806640625,98.2634048461914,48.581146240234375,34.08489990234375,83.43299865722656,80.4200210571289,79.60856628417969,48.34107971191406,126.12999725341797,33.26604080200195
2014-07-21,162.21389770507812,97.86771392822266,48.40221405029297,34.20067596435547,83.84825897216797,80.44328308105469,79.60856628417969,48.16429138183594,126.33999633789062,33.111507415771484
2014-07-22,162.92083740234375,98.69352722167969,48.616920471191406,34.51713180541992,84.02314758300781,80.5440673828125,79.66867065429688,48.315818786621094,125.73999786376953,33.05263137817383
2014-07-23,163.2825469970703,98.81396484375,48.71711349487305,34.54800033569336,83.91382598876953,80.53630065917969,79.76215362548828,48.40422058105469,125.62000274658203,33.00845718383789
2014-07-24,163.29074096679688,98.61608123779297,48.831634521484375,34.70237731933594,83.28726959228516,80.21080017089844,79.4483413696289,48.34107971191406,124.3499984741211,33.09678268432617
2014-07-25,162.52626037597656,97.72148132324219,48.63123321533203,34.56344223022461,84.27082061767578,80.52079010009766,79.7554702758789,48.00642395019531,125.79000091552734,32.96430969238281
2014-07-28,162.59207153320312,97.23114013671875,48.638397216796875,34.8027229309082,84.15420532226562,80.4277572631836,79.66199493408203,48.34107971191406,125.58000183105469,32.79502487182617
2014-07-29,161.8933563232422,97.497802734375,48.53820037841797,34.59430694580078,84.46022033691406,80.53630065917969,79.73540496826172,48.10746383666992,125.19999694824219,32.647830963134766
2014-07-30,161.9180450439453,97.88491821289062,48.466636657714844,34.42451477050781,83.28726959228516,79.97055053710938,79.36827850341797,48.00642395019531,124.83000183105469,32.30193328857422
2014-07-31,158.72039794921875,95.64833068847656,47.657894134521484,33.82246398925781,83.03955841064453,79.94729614257812,79.14796447753906,47.292945861816406,123.38999938964844,31.749940872192383
2014-08-01,158.23544311523438,95.20962524414062,47.32868194580078,34.00770950317383,83.68238067626953,80.41783142089844,79.55567932128906,47.179283142089844,124.37999725341797,31.992807388305664
2014-08-04,159.37799072265625,96.05264282226562,47.5505485534668,34.32416915893555,83.46324157714844,80.46444702148438,79.57576751708984,47.50761413574219,123.98999786376953,32.095848083496094
2014-08-05,157.83265686035156,95.81175231933594,46.94221496582031,33.799312591552734,83.73348999023438,80.50321960449219,79.65612030029297,47.02143478393555,123.87000274658203,31.95600700378418
2014-08-06,157.8820037841797,96.11284637451172,46.827701568603516,33.56775665283203,83.78466796875,80.5731201171875,79.51551055908203,47.00249481201172,125.66999816894531,32.228328704833984
2014-08-07,157.02708435058594,95.64833068847656,46.44837951660156,33.4365348815918,84.56623840332031,80.93802642822266,79.72306823730469,47.027748107910156,126.18000030517578,31.96337890625
2014-08-08,158.8436737060547,96.5773696899414,46.7203483581543,33.73755645751953,84.38362121582031,80.86819458007812,79.7030029296875,47.30556869506836,126.19000244140625,32.287200927734375
2014-08-11,159.30404663085938,97.497802734375,46.89927673339844,34.16979217529297,84.37628173828125,80.82938385009766,79.73644256591797,47.602325439453125,125.95999908447266,32.515357971191406
2014-08-12,159.08206176757812,96.82682037353516,46.86349105834961,34.20840072631836,83.82852172851562,80.7129135131836,79.6962661743164,47.52656555175781,125.98999786376953,32.4932861328125
2014-08-13,160.15887451171875,97.5838394165039,47.1282844543457,34.393638610839844,84.37628173828125,80.97688293457031,79.85697174072266,48.21480178833008,126.19999694824219,32.588966369628906
2014-08-14,160.9151611328125,97.73006439208984,47.378780364990234,34.44767379760742,85.0556869506836,81.13993835449219,79.9439926147461,48.18323516845703,126.30999755859375,32.721431732177734
2014-08-15,160.8822784423828,97.54082489013672,47.32868194580078,34.35504150390625,85.98336791992188,81.46603393554688,80.2251968383789,48.132720947265625,125.4800033569336,32.765594482421875
2014-08-18,162.23033142089844,98.9601821899414,47.63642883300781,34.68693923950195,85.12871551513672,81.20978546142578,80.0444564819336,48.60627746582031,124.95999908447266,32.956947326660156
2014-08-19,163.07704162597656,99.3042984008789,47.75094985961914,34.84902572631836,84.86576843261719,81.12445068359375,79.99088287353516,48.70729446411133,124.68000030517578,33.045257568359375
2014-08-20,163.51266479492188,98.88276672363281,47.60065841674805,34.77956008911133,84.72694396972656,80.88373565673828,79.8100814819336,48.92830276489258,124.22000122070312,33.02317428588867
2014-08-21,163.9894561767578,99.09781646728516,47.80104446411133,34.63291549682617,85.20171356201172,81.05455017089844,80.08460235595703,48.8525276184082,122.87999725341797,33.08205032348633
2014-08-22,163.73458862304688,99.10643768310547,47.5720100402832,34.5402946472168,85.67655181884766,81.06230163574219,80.18506622314453,48.46106719970703,123.19000244140625,33.0011100769043
2014-08-25,164.56483459472656,99.57093048095703,47.8797721862793,34.79500961303711,85.99795532226562,81.12445068359375,80.31224822998047,48.35370635986328,122.73999786376953,33.18510437011719
2014-08-26,164.6716766357422,100.47418212890625,47.88692855834961,35.00339126586914,85.72038269042969,81.10888671875,80.36583709716797,48.448421478271484,123.3499984741211,33.16301345825195
2014-08-27,164.6059112548828,100.2247085571289,47.97996520996094,35.1809196472168,86.45086669921875,81.33406066894531,80.49974822998047,48.4799919128418,123.31999969482422,33.17774200439453
2014-08-28,164.5155029296875,99.70857238769531,47.765262603759766,34.833587646484375,86.90373229980469,81.44278717041016,80.67383575439453,48.47365951538086,124.0,33.192447662353516
2014-08-29,164.98410034179688,100.26773071289062,47.74378204345703,34.77956008911133,86.96220397949219,81.45053100585938,80.73405456542969,48.7325553894043,123.86000061035156,33.21452713012695
2014-09-02,164.90191650390625,100.81824493408203,47.836822509765625,34.72553253173828,85.4620361328125,80.93016052246094,80.35002136230469,48.73888397216797,121.6500015258789,33.2292594909668
2014-09-03,164.8114471435547,100.18170928955078,48.17320251464844,35.1809196472168,85.93791961669922,81.04682159423828,80.45743560791016,48.865142822265625,122.1500015258789,33.251319885253906
2014-09-04,164.5730438232422,99.79461669921875,47.94416809082031,35.08830642700195,84.89100646972656,80.75907135009766,79.88673400878906,48.68203353881836,121.4800033569336,33.3543701171875
2014-09-05,165.31288146972656,100.11287689208984,47.95133972167969,35.38932800292969,84.72989654541016,80.78240203857422,79.90013885498047,49.199806213378906,122.05999755859375,33.54571533203125
2014-09-08,164.8853759765625,100.26773071289062,47.44320297241211,34.972530364990234,84.7665023803711,80.69681549072266,79.76590728759766,49.14928436279297,120.7300033569336,33.29548645019531
2014-09-09,163.8415069580078,99.08060455322266,47.30720520019531,34.5402946472168,84.70059204101562,80.51013946533203,79.5510025024414,48.846214294433594,120.87000274658203,33.21452713012695
2014-09-10,164.45797729492188,99.6655502319336,47.57917404174805,34.393638610839844,84.16618347167969,80.30794525146484,79.4234619140625,48.07588195800781,120.26000213623047,33.3764533996582
2014-09-11,164.64706420898438,100.31074523925781,47.31437683105469,34.162078857421875,83.88798522949219,80.20683288574219,79.36302947998047,48.113765716552734,119.47000122070312,33.39115905761719
2014-09-12,163.68533325195312,99.24404907226562,47.24995040893555,33.799312591552734,83.00942993164062,79.90348052978516,78.98027801513672,46.636268615722656,118.37999725341797,33.155662536621094
2014-09-15,163.56204223632812,98.16019439697266,47.14975357055664,33.6295051574707,83.13384246826172,80.05125427246094,79.00048065185547,46.40895462036133,118.63999938964844,33.317562103271484
2014-09-16,164.79501342773438,98.43543243408203,47.35015869140625,34.06946563720703,82.79710388183594,80.02786254882812,78.98702239990234,46.86357116699219,118.83000183105469,33.56779479980469
2014-09-17,165.0169677734375,98.69352722167969,47.01377487182617,33.75300979614258,82.58476257324219,79.8257064819336,78.77212524414062,46.8509521484375,117.54000091552734,33.494205474853516
2014-09-18,165.89651489257812,99.295654296875,47.378780364990234,33.799312591552734,82.84832763671875,79.771240234375,78.91315460205078,46.440528869628906,117.77999877929688,33.5604362487793
2014-09-19,165.74697875976562,98.03974914550781,47.21417236328125,33.54460144042969,83.90258026123047,80.0745620727539,79.2220458984375,46.49735641479492,117.08999633789062,33.647098541259766
2014-09-22,164.4669189453125,96.66339111328125,47.00662612915039,33.03517150878906,84.00508880615234,80.2457275390625,79.29589080810547,46.131134033203125,116.8499984741211,33.587860107421875
2014-09-23,163.5255126953125,95.76016235351562,46.61299133300781,32.849945068359375,84.52489471435547,80.41683959960938,79.4234619140625,45.79646682739258,117.5999984741211,33.29159164428711
2014-09-24,164.80555725097656,96.6270523071289,46.84916687011719,33.320762634277344,84.05634307861328,80.19129180908203,79.2354507446289,45.674129486083984,117.05000305175781,33.721160888671875
2014-09-25,162.14634704589844,94.99677276611328,46.16210174560547,32.59522247314453,85.05204010009766,80.58016967773438,79.4704360961914,45.470191955566406,117.38999938964844,33.276771545410156
2014-09-26,163.4346160888672,95.8507308959961,46.35533905029297,32.74187469482422,84.92759704589844,80.40908813476562,79.29589080810547,46.08197784423828,117.05999755859375,33.40268325805664
2014-09-29,163.13735961914062,95.77308654785156,45.925926208496094,32.078086853027344,85.60848236083984,80.66575622558594,79.26228332519531,46.01826477050781,117.02999877929688,33.39529037475586
2014-09-30,162.70790100097656,94.32394409179688,45.8901481628418,32.078086853027344,85.12529754638672,80.59568786621094,79.37643432617188,45.78883361816406,116.20999908447266,33.41009521484375
2014-10-01,160.5028839111328,92.9869155883789,45.346214294433594,31.422014236450195,86.77595520019531,81.2728500366211,79.85786437988281,45.82707214355469,116.7699966430664,33.20270919799805
2014-10-02,160.52774047851562,93.87540435791016,44.85954284667969,31.591819763183594,86.01995086669922,81.03129577636719,79.85115814208984,45.750587463378906,116.73999786376953,33.261962890625
2014-10-03,162.29498291015625,94.58271789550781,44.85954284667969,31.861963272094727,86.38690948486328,81.0079116821289,80.08013153076172,46.03738021850586,114.61000061035156,33.65449905395508
2014-10-06,162.10504150390625,93.7718734741211,45.14582443237305,32.27876663208008,86.43832397460938,81.140380859375,80.1204833984375,46.15846252441406,116.02999877929688,33.669307708740234
2014-10-07,159.6027069091797,92.22785949707031,44.38003158569336,31.993181228637695,87.60526275634766,81.61570739746094,80.40998077392578,45.79520797729492,116.36000061035156,33.469337463378906
2014-10-08,162.3940887451172,93.99614715576172,45.08140182495117,32.47172927856445,87.6273193359375,81.90409851074219,80.82076263427734,46.789363861083984,117.47000122070312,33.958160400390625
2014-10-09,159.1732635498047,91.46015167236328,43.871891021728516,31.962310791015625,87.24568939208984,81.76373291015625,80.48409271240234,46.789363861083984,117.63999938964844,33.617462158203125
2014-10-10,157.35643005371094,90.34742736816406,43.213462829589844,31.26764488220215,88.11177062988281,82.08328247070312,80.55142211914062,46.833980560302734,117.58999633789062,33.780418395996094
2014-10-13,154.7715301513672,89.985107421875,43.15619659423828,31.584104537963867,88.64752960205078,82.51181030273438,80.76016998291016,46.87859344482422,118.5199966430664,33.313804626464844
2014-10-14,155.01101684570312,91.03749084472656,43.26356887817383,31.769338607788086,89.22738647460938,82.67545318603516,80.94194030761719,47.636962890625,118.58999633789062,33.29899597167969
2014-10-15,153.96221923828125,91.95184326171875,43.00590133666992,31.367984771728516,89.93193054199219,83.14298248291016,81.00255584716797,47.452144622802734,118.98999786376953,32.89903259277344
2014-10-16,153.83009338378906,92.9869155883789,42.6051139831543,31.0823974609375,89.35945892333984,82.91703796386719,80.82076263427734,47.52861022949219,119.22000122070312,32.65464401245117
2014-10-17,155.64691162109375,92.71090698242188,43.39952850341797,31.429731369018555,88.86041259765625,82.67545318603516,80.78709411621094,47.58597946166992,118.98999786376953,33.05458450317383
2014-10-20,157.15823364257812,93.79773712158203,43.67148971557617,31.522354125976562,89.1833267211914,82.79235076904297,80.93519592285156,48.31247329711914,119.80000305175781,33.528587341308594
2014-10-21,160.2716827392578,95.341796875,44.19395065307617,31.653566360473633,88.47136688232422,82.56636810302734,80.88809967041016,48.752201080322266,120.0199966430664,33.669307708740234
2014-10-22,159.13197326660156,93.97892761230469,43.871891021728516,31.445180892944336,88.56681060791016,82.54303741455078,80.75341796875,48.76494598388672,119.33999633789062,33.74338150024414
2014-10-23,160.98187255859375,95.64370727539062,44.29415512084961,31.437442779541016,87.78144073486328,82.20014953613281,80.59856414794922,49.140960693359375,118.5199966430664,33.721160888671875
2014-10-24,162.2206573486328,95.80758666992188,44.537471771240234,31.66128158569336,87.86953735351562,82.27024841308594,80.6322021484375,49.10271453857422,118.3499984741211,34.00260543823242
2014-10-27,161.99761962890625,95.75584411621094,44.286991119384766,31.414297103881836,88.03099822998047,82.3559799194336,80.73323822021484,49.46595764160156,118.05999755859375,34.084068298339844
2014-10-28,163.85586547851562,98.48161315917969,44.95973587036133,32.047210693359375,87.48053741455078,82.15340423583984,80.46388244628906,49.682640075683594,118.0999984741211,34.2173957824707
2014-10-29,163.60806274414062,98.24870300292969,44.6162109375,32.093528747558594,87.67869567871094,81.88068389892578,80.31573486328125,49.4022216796875,116.41000366210938,34.15812301635742
2014-10-30,164.6569366455078,99.08543395996094,44.93827438354492,32.39454650878906,87.75206756591797,81.96632385253906,80.36963653564453,49.71452331542969,115.19000244140625,34.3729133605957
2014-10-31,166.5398712158203,100.54317474365234,45.76847457885742,32.53348159790039,87.52456665039062,81.83392333984375,80.35616302490234,50.339046478271484,112.66000366210938,34.5951042175293
2014-11-03,166.6306610107422,100.37068939208984,45.374847412109375,32.263336181640625,87.5245590209961,81.803466796875,80.19747161865234,50.778770446777344,112.1500015258789,34.72841262817383
2014-11-04,166.05258178710938,99.90491485595703,45.1171989440918,32.2942008972168,87.79679107666016,81.79560089111328,80.31224822998047,50.86161804199219,112.22000122070312,34.91358947753906
2014-11-05,167.1013946533203,100.08604431152344,45.203086853027344,32.00862121582031,87.6717529296875,81.81906127929688,80.1636962890625,50.75326156616211,109.79000091552734,35.15798568725586
2014-11-06,167.77029418945312,100.5173110961914,44.95973587036133,31.614974975585938,87.105224609375,81.56925964355469,79.92064666748047,50.364540100097656,109.87999725341797,35.232051849365234
2014-11-07,167.92724609375,100.67256927490234,44.98121643066406,31.815656661987305,88.10581970214844,82.09223175048828,80.42703247070312,50.30079650878906,112.97000122070312,35.35797119140625
2014-11-10,168.45578002929688,101.17292022705078,45.18160629272461,31.900564193725586,87.29651641845703,81.7566146850586,80.02191162109375,50.71503448486328,110.45999908447266,35.51350784301758
2014-11-11,168.62091064453125,101.24191284179688,45.453556060791016,31.869693756103516,87.35539245605469,81.76439666748047,80.01518249511719,50.517486572265625,112.04000091552734,35.44683074951172
2014-11-12,168.43927001953125,101.6990737915039,45.067108154296875,31.807945251464844,87.28180694580078,81.73323822021484,80.00838470458984,50.135101318359375,111.5,35.44683074951172
2014-11-13,168.62918090820312,100.83649444580078,45.28180694580078,31.723031997680664,87.48778533935547,81.86590576171875,79.92064666748047,50.40913772583008,111.66999816894531,35.57274627685547
2014-11-14,168.67047119140625,100.65534210205078,45.346214294433594,31.98546600341797,87.91450500488281,82.03763580322266,80.02191162109375,49.994895935058594,114.47000122070312,35.37276840209961
2014-11-17,168.77789306640625,99.81863403320312,45.167293548583984,31.64584732055664,87.69377899169922,81.94390869140625,79.83283233642578,50.21794891357422,114.05000305175781,35.60978698730469
2014-11-18,169.7523956298828,100.39657592773438,45.6611213684082,31.815656661987305,87.9365463256836,82.03763580322266,79.90033721923828,50.434635162353516,115.05000305175781,35.74309158325195
2014-11-19,169.47982788085938,99.32698059082031,45.525142669677734,31.80022430419922,87.37738800048828,81.81906127929688,79.4749526977539,49.982173919677734,113.68000030517578,35.891212463378906
2014-11-20,169.777099609375,100.43970489501953,45.253173828125,31.746183395385742,87.83358764648438,81.96739196777344,79.77881622314453,50.147857666015625,114.86000061035156,35.73569107055664
2014-11-21,170.685546875,100.56047058105469,45.64679718017578,32.75731658935547,88.36334991455078,82.13130950927734,80.12319946289062,50.46012878417969,115.38999938964844,35.883819580078125
2014-11-24,171.16456604003906,101.75945281982422,45.91162109375,32.4871711730957,88.43688201904297,82.22494506835938,80.25150299072266,50.638553619384766,115.11000061035156,35.861602783203125
2014-11-25,171.04066467285156,101.83708190917969,45.99032974243164,32.27876663208008,89.17263793945312,82.42789459228516,80.59588623046875,50.727783203125,115.37999725341797,35.891212463378906
2014-11-26,171.4783935546875,102.17350769042969,46.16926574707031,32.68785095214844,89.41543579101562,82.5683822631836,80.87274932861328,51.218482971191406,115.16000366210938,36.05415344238281
2014-11-28,171.1150360107422,100.65534210205078,45.79710006713867,32.03178024291992,90.12181091308594,82.88845825195312,81.0887451171875,51.345951080322266,112.11000061035156,36.51335525512695
2014-12-01,169.92581176757812,99.08543395996094,45.75416564941406,31.483762741088867,89.59598541259766,82.68518829345703,80.80775451660156,51.218482971191406,116.58000183105469,36.27634811401367
2014-12-02,171.02420043945312,100.27578735351562,45.88298416137695,31.476043701171875,88.72582244873047,82.31764221191406,80.26608276367188,51.537139892578125,115.13999938964844,36.40225601196289
2014-12-03,171.684814453125,101.24191284179688,45.82572555541992,31.560945510864258,89.07240295410156,82.34896087646484,80.34733581542969,51.48615264892578,116.33000183105469,36.143028259277344
2014-12-04,171.49490356445312,100.75883483886719,45.675437927246094,31.614974975585938,89.81719970703125,82.63822937011719,80.4759750366211,51.619991302490234,115.87999725341797,36.1134147644043
2014-12-05,171.77565002441406,101.51792907714844,45.775638580322266,31.55322265625,89.29363250732422,82.17695617675781,80.14417266845703,51.358699798583984,114.43000030517578,36.180084228515625
2014-12-08,170.6278076171875,100.2499008178711,45.374847412109375,31.090118408203125,90.38500213623047,82.4505844116211,80.5233383178711,51.68370056152344,115.77999877929688,36.10600280761719
2014-12-09,170.51219177246094,101.93196868896484,45.131507873535156,30.79681968688965,90.84957122802734,82.75553131103516,80.59109497070312,51.919517517089844,118.19000244140625,35.98750686645508
2014-12-10,167.77859497070312,99.76687622070312,44.558963775634766,30.341419219970703,91.51326751708984,83.13084411621094,80.56401824951172,51.8685188293457,117.95999908447266,35.64679718017578
2014-12-11,168.62918090820312,100.16365051269531,44.501705169677734,30.086715698242188,91.88933563232422,82.99012756347656,80.48274993896484,51.964111328125,117.69000244140625,35.94306564331055
2014-12-12,165.90394592285156,98.94742584228516,43.64287567138672,29.592731475830078,93.13555908203125,83.67037963867188,80.61141967773438,51.511653900146484,117.41000366210938,35.48387908935547
2014-12-15,164.76425170898438,97.94683074951172,42.920021057128906,29.168214797973633,92.94387817382812,83.36540985107422,80.8010025024414,50.842498779296875,114.38999938964844,35.24686050415039
2014-12-16,163.44293212890625,97.80882263183594,43.227779388427734,29.121896743774414,94.09419250488281,83.78759002685547,80.77388763427734,50.77238845825195,114.94999694824219,35.113548278808594
2014-12-17,166.6471710205078,100.82785034179688,43.74449157714844,29.791324615478516,93.2462387084961,83.20903015136719,80.79419708251953,51.938621520996094,114.2699966430664,35.624595642089844
2014-12-18,170.7681884765625,102.32876586914062,44.525001525878906,30.198457717895508,91.58698272705078,82.73989868164062,80.87548065185547,52.3018798828125,115.1500015258789,36.305965423583984
2014-12-19,171.49481201171875,102.56165313720703,44.59004592895508,30.409852981567383,92.81847381591797,83.0448226928711,80.83483123779297,52.2763786315918,114.7699966430664,36.268680572509766
2014-12-22,172.2836151123047,103.26036071777344,44.80685043334961,30.832643508911133,92.94387817382812,83.0448226928711,81.0921630859375,53.15037536621094,112.55000305175781,36.61928176879883
2014-12-23,172.51612854003906,103.38973999023438,44.66231918334961,30.550785064697266,91.10032653808594,82.35676574707031,80.4759750366211,53.00182342529297,112.73999786376953,36.87290954589844
2014-12-24,172.53274536132812,103.68843841552734,44.86466979980469,30.62125587463379,91.59614562988281,82.4162368774414,80.73534393310547,52.78218078613281,112.7699966430664,36.83559799194336
2014-12-26,173.08912658691406,104.36380004882812,44.98030090332031,30.863964080810547,91.93608856201172,82.52590942382812,80.79644012451172,52.96949768066406,114.83000183105469,36.89529800415039
2014-12-29,173.32167053222656,104.80532836914062,44.65508270263672,30.676074981689453,92.62333679199219,82.80783081054688,80.95260620117188,53.260189056396484,113.66999816894531,36.78339385986328
2014-12-30,172.39161682128906,104.19060516357422,44.2431526184082,30.738693237304688,92.87461853027344,82.9018325805664,81.0205078125,53.221435546875,115.19999694824219,36.61928176879883
2014-12-31,170.68093872070312,103.56722259521484,43.96852493286133,30.762187957763672,93.05194091796875,82.99577331542969,81.07485961914062,52.323551177978516,113.58000183105469,36.17171096801758
2015-01-02,170.58958435058594,102.96983337402344,43.7806282043457,30.355045318603516,94.0865478515625,83.4185562133789,81.3599624633789,53.11161422729492,114.08000183105469,36.0672607421875
2015-01-05,167.50877380371094,101.59320068359375,42.7471809387207,29.8148193359375,95.56446075439453,83.92757415771484,81.69271087646484,53.40229797363281,115.80000305175781,35.81364440917969
2015-01-06,165.93104553222656,99.83560943603516,42.262977600097656,29.689538955688477,97.28627014160156,84.49141693115234,82.02535247802734,53.9320068359375,117.12000274658203,35.76889419555664
2015-01-07,167.99876403808594,101.06505584716797,42.73273849487305,30.33156394958496,97.0941390991211,84.47572326660156,82.1340103149414,54.75885772705078,116.43000030517578,36.38056945800781
2015-01-08,170.9799346923828,102.77935791015625,43.31087875366211,30.848308563232422,95.80834197998047,84.13113403320312,81.86921691894531,54.96554183959961,115.94000244140625,36.93257522583008
2015-01-09,169.60972595214844,101.79232025146484,43.10129928588867,30.746524810791016,96.85769653320312,84.54619598388672,82.08650970458984,54.99138259887695,117.26000213623047,36.63420104980469
2015-01-12,168.2810821533203,101.45468139648438,43.000125885009766,30.49598503112793,97.41192626953125,84.84375762939453,82.24264526367188,55.41128158569336,118.55999755859375,36.522308349609375
2015-01-13,167.8077850341797,101.53260040283203,43.2169303894043,30.762187957763672,97.41192626953125,84.92203521728516,82.31735229492188,55.32730484008789,118.16000366210938,36.51484298706055
2015-01-14,166.794677734375,101.12567901611328,43.09406661987305,30.589937210083008,98.15087890625,85.31355285644531,82.45992279052734,55.805320739746094,117.97000122070312,36.40293884277344
2015-01-15,165.26670837402344,99.42003631591797,43.36869812011719,30.660404205322266,99.69534301757812,86.04178619384766,82.88765716552734,55.93449783325195,120.94000244140625,36.46262741088867
2015-01-16,167.43406677246094,101.03909301757812,43.93239212036133,30.918781280517578,98.42434692382812,85.40750885009766,82.42595672607422,56.41901397705078,122.5199966430664,36.753562927246094
2015-01-20,167.79115295410156,100.6148452758789,44.08415985107422,30.871797561645508,99.7323226928711,85.60331726074219,82.61605834960938,55.973270416259766,124.19999694824219,36.90273666381836
2015-01-21,168.63819885253906,100.29450225830078,44.43104553222656,31.552963256835938,98.57947540283203,85.19612121582031,82.5821304321289,55.93449783325195,124.2300033569336,37.0817756652832
2015-01-22,171.1460723876953,102.33778381347656,44.59727478027344,32.15584182739258,98.22480010986328,84.98468780517578,82.54138946533203,56.929290771484375,125.2300033569336,37.45476531982422
2015-01-23,170.2076416015625,102.26852416992188,44.34432601928711,31.913118362426758,99.59191131591797,85.5406494140625,83.0234375,56.76780319213867,124.2300033569336,37.037017822265625
2015-01-26,170.60621643066406,103.25554656982422,44.951385498046875,31.92877960205078,99.28890228271484,85.34487915039062,83.0030288696289,57.24583053588867,122.98999786376953,37.037017822265625
2015-01-27,168.35585021972656,102.76203155517578,45.016422271728516,31.75653648376465,99.44408416748047,85.4623794555664,83.06414794921875,57.26520538330078,124.4000015258789,36.61183547973633
2015-01-28,166.19677734375,101.03042602539062,44.34432601928711,31.412031173706055,101.06988525390625,86.12013244628906,83.62771606445312,56.88408660888672,123.41999816894531,36.1866455078125
2015-01-29,167.7330322265625,102.42436981201172,44.951385498046875,31.412031173706055,100.40473937988281,85.814697265625,83.4308090209961,57.084327697753906,120.76000213623047,36.47755432128906
2015-01-30,165.62380981445312,100.17327880859375,44.2431526184082,30.550785064697266,102.1856918334961,86.56646728515625,84.11656951904297,55.90868377685547,123.44999694824219,35.82110595703125
2015-02-02,167.67491149902344,101.09103393554688,44.77793502807617,31.098859786987305,101.7999038696289,86.45821380615234,84.19483184814453,55.76011657714844,122.41999816894531,36.24630355834961
2015-02-03,170.09967041015625,102.90055847167969,45.493404388427734,31.686079025268555,99.64513397216797,85.72876739501953,83.51404571533203,56.24458312988281,121.05000305175781,36.567054748535156
2015-02-04,169.45199584960938,102.51961517333984,45.11760711669922,31.529478073120117,99.81546020507812,85.86998748779297,83.62979888916016,56.01201248168945,121.58000183105469,36.58198547363281
2015-02-05,171.16253662109375,103.84430694580078,45.73912811279297,31.717384338378906,98.71956634521484,85.55622100830078,83.36428833007812,56.683837890625,121.79000091552734,36.768470764160156
2015-02-06,170.68930053710938,103.7317123413086,45.16819763183594,31.17715072631836,96.97203063964844,84.59931182861328,82.49283599853516,55.03660202026367,118.63999938964844,36.60436248779297
2015-02-09,169.92532348632812,102.90923309326172,44.951385498046875,31.130168914794922,96.81654357910156,84.56008911132812,82.54732513427734,54.6490364074707,119.16999816894531,36.3283576965332
2015-02-10,171.73556518554688,103.56722259521484,45.36332702636719,31.051877975463867,96.04646301269531,84.34831237792969,82.32266998291016,54.82345962524414,118.47000122070312,36.753562927246094
2015-02-11,171.83523559570312,103.4200439453125,45.11760711669922,30.824817657470703,96.22418212890625,84.31696319580078,82.37713623046875,54.661964416503906,117.06999969482422,36.92512130737305
2015-02-12,173.48777770996094,104.59752655029297,45.81861877441406,31.482501983642578,95.90575408935547,84.34831237792969,82.58817291259766,55.31437683105469,117.33999633789062,37.09668731689453
2015-02-13,174.20188903808594,105.22090911865234,46.12215042114258,31.842660903930664,94.92094421386719,84.06596374511719,82.26138305664062,54.9461784362793,117.9800033569336,36.92512130737305
2015-02-17,174.4759521484375,105.54991149902344,46.23055648803711,31.772188186645508,93.4918441772461,83.46986389160156,81.88015747070312,54.810516357421875,116.01000213623047,36.93257522583008
2015-02-18,174.4925079345703,105.6624755859375,46.50517272949219,31.764371871948242,94.04718780517578,83.869873046875,82.17288208007812,55.320823669433594,116.33999633789062,37.133995056152344
2015-02-19,174.36793518066406,105.67111206054688,46.562984466552734,31.63125991821289,93.42514038085938,83.65815734863281,82.1592788696289,54.13224792480469,115.94000244140625,36.89529800415039
2015-02-20,175.4142608642578,105.9568099975586,46.99660110473633,31.842660903930664,93.69921112060547,83.61106872558594,82.28179168701172,54.65548324584961,115.27999877929688,36.999717712402344
2015-02-23,175.3893585205078,106.06075286865234,46.83038330078125,31.521635055541992,94.77286529541016,83.995361328125,82.5609359741211,55.0947380065918,115.43000030517578,37.10416793823242
2015-02-24,175.8875732421875,106.19927215576172,47.11945724487305,31.97575569152832,96.01678466796875,84.55225372314453,83.0987777709961,54.00953674316406,115.26000213623047,37.230979919433594
2015-02-25,175.7381134033203,106.32050323486328,47.15559005737305,31.913118362426758,96.43150329589844,84.6307144165039,83.1736831665039,54.0224494934082,115.69999694824219,37.10416793823242
2015-02-26,175.530517578125,106.71009063720703,47.0255126953125,31.920949935913086,95.11346435546875,84.12873840332031,82.7243423461914,53.43461227416992,116.06999969482422,37.15639114379883
2015-02-27,174.93263244628906,106.12998962402344,47.04719161987305,31.89747428894043,95.91314697265625,84.42677307128906,82.92182159423828,53.85449981689453,116.16000366210938,37.305572509765625
2015-03-02,176.037109375,106.90058898925781,47.11945724487305,31.850494384765625,94.12662506103516,83.7983169555664,82.20296478271484,54.1645622253418,115.68000030517578,37.372703552246094
2015-03-03,175.31459045410156,106.2685317993164,46.83038330078125,31.607770919799805,93.7853775024414,83.61759948730469,82.15518188476562,54.061195373535156,115.47000122070312,37.230979919433594
2015-03-04,174.57554626464844,105.93953704833984,46.642486572265625,31.26327133178711,93.81503295898438,83.6804428100586,82.10057830810547,53.54443359375,115.11000061035156,36.96989822387695
2015-03-05,174.76654052734375,106.2512435913086,46.75089645385742,31.216297149658203,93.69631958007812,83.72760772705078,82.20977020263672,53.69945526123047,115.0,37.09668731689453
2015-03-06,172.30853271484375,104.90921783447266,46.114925384521484,30.738693237304688,91.62640380859375,82.87132263183594,81.33602905273438,51.91657257080078,111.86000061035156,36.37311935424805
2015-03-09,173.022705078125,105.36808013916016,46.187198638916016,30.62125587463379,92.4721908569336,83.25628662109375,81.66368103027344,52.33000564575195,111.97000122070312,36.57452392578125
2015-03-10,170.21592712402344,104.1559829711914,45.18265914916992,29.940086364746094,93.68889617919922,83.6097412109375,81.7933578491211,52.29124069213867,111.41999816894531,36.05234146118164
2015-03-11,169.81735229492188,104.79666900634766,45.298274993896484,30.16713523864746,94.37145233154297,83.759033203125,82.20977020263672,52.336463928222656,110.75,35.77634048461914
2015-03-12,171.9764404296875,106.53691864013672,45.86198425292969,30.355045318603516,94.30472564697266,83.83763122558594,82.12786865234375,53.24728012084961,110.72000122070312,36.29851150512695
2015-03-13,170.92176818847656,106.15599060058594,45.59458541870117,29.987064361572266,94.01537322998047,83.71186828613281,81.895751953125,53.214969635009766,110.87999725341797,36.015052795410156
2015-03-16,173.20533752441406,106.77935028076172,46.10770034790039,30.347227096557617,94.92046356201172,84.0025405883789,81.9776611328125,53.76405334472656,110.80999755859375,36.455162048339844
2015-03-17,172.69058227539062,107.06507873535156,45.9920654296875,30.699554443359375,95.70697021484375,84.17536163330078,82.11421203613281,53.744686126708984,110.20999908447266,36.19408416748047
2015-03-18,174.76654052734375,107.92222595214844,46.97492980957031,31.451190948486328,97.5542984008789,85.1416015625,83.12454986572266,54.8686637878418,112.37000274658203,36.44026184082031
2015-03-19,173.96939086914062,108.1300048828125,46.42567825317383,30.918781280517578,97.05723571777344,84.74098205566406,82.70128631591797,54.84283447265625,112.29000091552734,36.27613830566406
2015-03-20,175.50494384765625,109.08240509033203,47.451904296875,31.380722045898438,97.56907653808594,85.08666229248047,82.93338775634766,56.218746185302734,113.56999969482422,36.730953216552734
2015-03-23,175.16297912597656,108.98713684082031,47.69038772583008,31.47467803955078,97.4504165649414,85.19666290283203,83.12454986572266,56.14767074584961,114.29000091552734,36.79100036621094
2015-03-24,174.17872619628906,108.9611587524414,47.589210510253906,31.599946975708008,98.39263916015625,85.45587921142578,83.24739074707031,55.6696662902832,114.56999969482422,36.580848693847656
2015-03-25,171.62635803222656,106.35845184326172,47.36517333984375,31.098859786987305,97.56170654296875,85.08666229248047,82.974365234375,54.70920944213867,114.7300033569336,36.49079132080078
2015-03-26,171.21762084960938,106.22815704345703,46.9532470703125,30.809165954589844,96.04080200195312,84.60746002197266,82.4623794555664,54.42329025268555,115.4800033569336,36.333168029785156
2015-03-27,171.60968017578125,106.90557861328125,47.07609939575195,30.895288467407227,97.23528289794922,84.93738555908203,82.79000854492188,54.49475860595703,115.05999755859375,36.5583381652832
2015-03-30,173.70327758789062,108.35588836669922,47.10501480102539,31.490327835083008,96.75301361083984,84.92951965332031,82.93338775634766,55.27458190917969,113.75,36.92610168457031
2015-03-31,172.1852264404297,108.00849914550781,46.375091552734375,31.419870376586914,96.96075439453125,85.14948272705078,83.08357238769531,54.78718185424805,113.66000366210938,36.580848693847656
2015-04-01,171.57630920410156,108.05191802978516,46.7075309753418,31.811342239379883,98.23430633544922,85.5547103881836,83.32241821289062,54.70920944213867,115.5999984741211,36.62588119506836
2015-04-02,172.1935272216797,108.25165557861328,47.112239837646484,32.28894805908203,97.19348907470703,85.3108139038086,83.185546875,55.12510681152344,115.27999877929688,36.87356948852539
2015-04-06,173.35296630859375,108.72931671142578,47.589210510253906,32.70390701293945,96.65068054199219,85.4209976196289,83.29510498046875,55.69694519042969,116.69000244140625,37.16626739501953
2015-04-07,172.8942108154297,108.0345458984375,47.524173736572266,32.539493560791016,97.46107482910156,85.49179077148438,83.59625244140625,54.715728759765625,116.11000061035156,36.9936408996582
2015-04-08,173.47808837890625,108.96377563476562,47.72652053833008,33.22066116333008,97.49079895019531,85.41311645507812,83.56885528564453,54.80018997192383,115.47000122070312,37.05368423461914
2015-04-09,174.24546813964844,108.57296752929688,47.791561126708984,33.54949188232422,96.2269287109375,85.06685638427734,83.14447021484375,53.66297912597656,114.66999816894531,37.158756256103516
2015-04-10,175.19630432128906,109.09404754638672,47.88551712036133,33.57297897338867,96.36815643310547,85.04325103759766,83.26082611083984,53.62398910522461,115.97000122070312,37.22631072998047
2015-04-13,174.40394592285156,109.16352081298828,47.58198928833008,33.37724304199219,96.50202178955078,85.21641540527344,83.23347473144531,53.48103332519531,115.13999938964844,37.05368423461914
2015-04-14,174.7375946044922,109.13744354248047,47.93609619140625,33.5260124206543,97.18603515625,85.46819305419922,83.42510223388672,53.66949462890625,114.44000244140625,37.13625717163086
2015-04-15,175.5216064453125,109.90172576904297,48.15291213989258,33.760894775390625,97.104248046875,85.51541137695312,83.47986602783203,53.26659393310547,115.43000030517578,37.031185150146484
2015-04-16,175.47161865234375,109.84092712402344,48.282997131347656,34.027099609375,96.62102508544922,85.57833862304688,83.43194580078125,53.4030647277832,115.02999877929688,37.16626739501953
2015-04-17,173.4530487060547,108.06061553955078,47.67593765258789,33.43205642700195,97.72869873046875,85.75142669677734,83.65785217285156,53.1561279296875,115.5999984741211,36.821022033691406
2015-04-20,175.03787231445312,109.1201171875,47.72652053833008,33.40074157714844,96.86630249023438,85.59408569335938,83.45930480957031,53.23408508300781,114.72000122070312,36.9486083984375
2015-04-21,174.82933044433594,109.00717163085938,48.15291213989258,33.59646987915039,96.4277114868164,85.41311645507812,83.43878936767578,53.32508087158203,115.37999725341797,37.01615905761719
2015-04-22,175.68846130371094,109.17220306396484,48.24687194824219,33.956626892089844,94.95561981201172,84.91735076904297,82.89800262451172,53.43553924560547,113.83000183105469,37.0386848449707
2015-04-23,176.13050842285156,109.66720581054688,48.42753601074219,34.20718765258789,95.36450958251953,85.17707061767578,83.11024475097656,53.57849884033203,114.66000366210938,36.91107940673828
2015-04-24,176.53924560546875,109.30247497558594,48.70937728881836,34.332454681396484,95.95934295654297,85.47605895996094,83.26770782470703,53.688987731933594,113.05000305175781,36.9185905456543
2015-04-27,175.80528259277344,108.09532165527344,48.94788360595703,34.46554946899414,95.95934295654297,85.3422622680664,83.20606994628906,53.61749267578125,115.33000183105469,36.715946197509766
2015-04-28,176.3640899658203,108.6945571899414,49.005680084228516,34.520355224609375,94.63593292236328,84.94886779785156,82.71324157714844,53.51353454589844,116.33000183105469,36.75346755981445
2015-04-29,175.638427734375,107.51348876953125,48.57930374145508,34.08972930908203,93.47610473632812,84.63409423828125,82.02873992919922,52.43479919433594,115.51000213623047,36.423240661621094
2015-04-30,173.87844848632812,105.2381591796875,48.066200256347656,33.57297897338867,93.63967895507812,84.61050415039062,82.09724426269531,51.58351135253906,113.47000122070312,36.303157806396484
2015-05-01,175.7634735107422,105.92420959472656,48.600982666015625,33.77655029296875,92.37914276123047,84.14790344238281,81.64417266845703,51.97342300415039,113.08000183105469,36.63340377807617
2015-05-04,176.26394653320312,106.30635070800781,48.550392150878906,33.9722785949707,91.50750732421875,83.97456359863281,81.38338470458984,52.02540969848633,114.0999984741211,36.685916900634766
2015-05-05,174.24546813964844,104.95155334472656,47.82770919799805,33.60429382324219,91.38086700439453,83.83270263671875,81.2461166381836,50.89472579956055,114.41999816894531,36.39323043823242
2015-05-06,173.5281524658203,105.31632232666016,47.95054244995117,33.1893310546875,89.81636047363281,83.42292022705078,80.89604949951172,50.79723358154297,114.36000061035156,36.50580978393555
2015-05-07,174.22044372558594,105.7158203125,47.791561126708984,33.14236068725586,91.02328491210938,83.77751159667969,81.21864318847656,51.577030181884766,113.41999816894531,36.59586715698242
2015-05-08,176.5142059326172,106.5060806274414,48.89728546142578,33.56515884399414,91.26911926269531,84.10066986083984,81.68538665771484,52.29833984375,113.97000122070312,36.90358352661133
2015-05-11,175.67176818847656,106.56686401367188,48.470890045166016,33.244140625,89.04900360107422,83.27318572998047,80.86175537109375,51.51205062866211,113.52999877929688,36.75346755981445
2015-05-12,175.14633178710938,106.37579345703125,48.44198226928711,33.1345329284668,89.27997589111328,83.33625030517578,80.74504089355469,51.66801071166992,114.5,36.67092514038086
2015-05-13,175.1796417236328,106.37579345703125,48.80332946777344,33.19715881347656,88.56481170654297,83.22590637207031,80.66952514648438,51.17414855957031,116.55000305175781,36.655914306640625
2015-05-14,177.00637817382812,107.50481414794922,49.388710021972656,33.5260124206543,88.80321502685547,83.50959777832031,80.94404602050781,52.161865234375,117.18000030517578,37.21881103515625
2015-05-15,177.19821166992188,107.38322448730469,49.446533203125,33.78438949584961,90.5837173461914,84.10856628417969,81.5069351196289,52.69474792480469,117.52999877929688,37.338897705078125
2015-05-18,177.74874877929688,108.59901428222656,49.28031539916992,33.439876556396484,89.06398010253906,83.54110717773438,80.88229370117188,52.558265686035156,117.5199966430664,37.21881103515625
2015-05-19,177.69033813476562,108.45137786865234,49.09239959716797,33.49467849731445,88.27426147460938,83.17073059082031,80.44987487792969,52.37631607055664,115.88999938964844,37.12125015258789
2015-05-20,177.56524658203125,108.65115356445312,49.18635559082031,33.47119903564453,88.42325592041016,83.35195922851562,80.54598999023438,52.330841064453125,116.08000183105469,37.0386848449707
2015-05-21,178.08238220214844,108.52957916259766,49.446533203125,33.353759765625,89.659912109375,83.8484878540039,80.93034362792969,52.08388900756836,115.69000244140625,37.12125015258789
2015-05-22,177.656982421875,108.06061553955078,49.12854766845703,33.46337127685547,89.69718933105469,83.65931701660156,80.8754653930664,52.018924713134766,115.5999984741211,36.963626861572266
2015-05-26,175.74685668945312,107.02713775634766,48.24687194824219,32.930965423583984,91.23186492919922,84.179443359375,81.23237609863281,51.6225471496582,113.91000366210938,36.67092514038086
2015-05-27,177.41502380371094,108.3385009765625,48.71660614013672,32.93879699707031,91.44048309326172,84.13214111328125,81.31474304199219,52.129371643066406,113.88999938964844,36.90358352661133
2015-05-28,177.21490478515625,108.24296569824219,48.6298942565918,32.50816345214844,91.21698760986328,84.21096801757812,81.14314270019531,52.02540969848633,114.0199966430664,36.85104751586914
2015-05-29,176.1138458251953,107.59164428710938,48.1601448059082,32.19498062133789,91.4181137084961,84.25823211669922,81.17742156982422,51.42756271362305,114.0999984741211,36.61838150024414
2015-06-01,176.47251892089844,107.93031311035156,48.03005599975586,32.06971740722656,90.43556213378906,83.88648986816406,80.72249603271484,52.05791091918945,114.0,36.61838150024414
2015-06-02,176.29736328125,108.13876342773438,48.254085540771484,32.19498062133789,89.1738510131836,83.30243682861328,80.30953979492188,51.577030181884766,114.45999908447266,36.520809173583984
2015-06-03,176.7644500732422,109.21562957763672,48.521480560302734,32.030574798583984,87.7403564453125,82.592041015625,79.79330444335938,50.83622360229492,113.63999938964844,36.498291015625
2015-06-04,175.271484375,108.12139129638672,48.00115203857422,31.545129776000977,88.88267517089844,82.99457550048828,80.20626068115234,50.7387580871582,112.83999633789062,36.23561096191406
2015-06-05,174.9711151123047,108.90299224853516,47.43022537231445,31.404211044311523,87.80011749267578,82.39469146728516,79.80021667480469,50.173404693603516,112.23999786376953,35.717735290527344
2015-06-08,173.89512634277344,108.39927673339844,47.36517333984375,31.396373748779297,87.70307159423828,82.51307678222656,79.74514770507812,50.0823974609375,112.56999969482422,35.702735900878906
2015-06-09,173.87014770507812,108.06926727294922,47.10501480102539,31.20846939086914,87.00869750976562,82.24473571777344,79.38724517822266,49.71852111816406,112.81999969482422,35.875362396240234
2015-06-10,175.95535278320312,109.41537475585938,48.0951042175293,31.66258430480957,86.24715423583984,81.92904663085938,79.17387390136719,50.069419860839844,113.77999877929688,36.22809982299805
2015-06-11,176.52256774902344,109.6932601928711,48.225189208984375,31.505990982055664,88.06140899658203,82.57627868652344,79.87590026855469,50.37483596801758,113.26000213623047,36.213096618652344
2015-06-12,175.1713104248047,109.36325073242188,47.8421516418457,31.505990982055664,88.06140899658203,82.52890014648438,79.73825073242188,50.32935333251953,113.2300033569336,36.07048416137695
2015-06-15,174.42062377929688,109.01588439941406,47.55307388305664,31.153657913208008,88.2032241821289,82.72622680664062,79.7244873046875,50.05643081665039,113.7300033569336,35.80780792236328
2015-06-16,175.37149047851562,109.7887954711914,47.53861999511719,31.161502838134766,88.89756774902344,83.04194641113281,79.924072265625,50.459327697753906,113.31999969482422,36.19807815551758
2015-06-17,175.65509033203125,109.6238021850586,47.43022537231445,31.34939956665039,88.21070861816406,83.08930969238281,79.91722106933594,50.888214111328125,113.8499984741211,36.39323043823242
2015-06-18,177.4817657470703,111.09146118164062,47.85661315917969,31.63909149169922,87.77767944335938,83.02615356445312,79.7726821899414,51.59003448486328,115.31999969482422,36.79850769042969
2015-06-19,176.6939239501953,111.03935241699219,47.7409782409668,31.365055084228516,88.90502166748047,83.46819305419922,80.19938659667969,51.193634033203125,115.12000274658203,36.74715042114258
2015-06-22,177.59918212890625,111.8036117553711,48.64434814453125,31.81916618347168,87.09080505371094,82.7656478881836,79.566162109375,50.66728210449219,113.63999938964844,36.89064025878906
2015-06-23,177.72486877441406,112.03804016113281,48.77442932128906,32.132362365722656,86.56822967529297,82.51307678222656,79.38724517822266,50.24488830566406,112.88999938964844,36.732051849365234
2015-06-24,176.43406677246094,111.09146118164062,48.35527420043945,31.905302047729492,87.31482696533203,82.75778198242188,79.6074447631836,49.97195053100586,112.58999633789062,36.56591796875
2015-06-25,175.8976593017578,111.03067779541016,48.33395004272461,31.795658111572266,87.00869750976562,82.55252838134766,79.47673034667969,49.465084075927734,112.44000244140625,36.4979362487793
2015-06-26,175.86412048339844,110.72672271728516,48.3119010925293,31.495920181274414,86.0306396484375,82.15792083740234,79.11195373535156,49.82085418701172,112.55999755859375,36.57345962524414
2015-06-29,172.17620849609375,107.93031311035156,46.82742691040039,30.793899536132812,88.30777740478516,83.11294555664062,79.80021667480469,49.04630661010742,113.06999969482422,36.00707244873047
2015-06-30,172.53662109375,108.43400573730469,46.65839767456055,31.25139808654785,87.69556427001953,82.88408660888672,79.64874267578125,49.0265998840332,112.37000274658203,35.94666290283203
2015-07-01,173.91958618164062,108.7553482055664,46.9597053527832,31.227731704711914,86.51184844970703,82.4509048461914,79.39340209960938,49.833980560302734,111.9800033569336,36.407318115234375
2015-07-02,173.7603302001953,107.95211791992188,47.01850128173828,31.37760353088379,86.79618072509766,82.74335479736328,79.69706726074219,49.958683013916016,111.76000213623047,36.377113342285156
2015-07-06,173.265869140625,107.9172592163086,46.07048797607422,30.502059936523438,88.40487670898438,83.32837677001953,80.01461029052734,50.27376174926758,112.05999755859375,36.34689712524414
2015-07-07,174.35545349121094,108.03931427001953,46.08517837524414,30.04456901550293,89.23540496826172,83.5496597290039,80.345947265625,51.06144714355469,110.76000213623047,37.09453582763672
2015-07-08,171.43023681640625,106.39102172851562,45.012237548828125,29.011266708374023,90.00611877441406,83.88175964355469,80.45639038085938,50.864505767822266,111.08999633789062,36.67919158935547
2015-07-09,171.7403106689453,106.7747573852539,45.754478454589844,29.57130241394043,88.23282623291016,83.29673767089844,79.92487335205078,50.62166213989258,111.36000061035156,36.70941162109375
2015-07-10,173.90284729003906,108.25737762451172,47.25365447998047,30.320636749267578,86.8336181640625,82.71965789794922,79.41407775878906,51.0417594909668,111.48999786376953,37.13984680175781
2015-07-13,175.82223510742188,109.47835540771484,47.43002700805664,30.52572250366211,86.56425476074219,82.4982681274414,79.24153137207031,51.11395263671875,110.98999786376953,37.487239837646484
2015-07-14,176.5849609375,110.08885955810547,47.826881408691406,30.580928802490234,86.84855651855469,82.7591552734375,79.31053161621094,51.21898651123047,110.73999786376953,37.54764938354492
2015-07-15,176.52626037597656,109.50450897216797,47.6505012512207,30.23387336730957,87.7688980102539,83.07538604736328,79.51765441894531,51.30432891845703,110.16000366210938,37.44948196411133
2015-07-16,177.9427947998047,110.15858459472656,48.06203842163086,30.61248779296875,88.37496185302734,83.04376220703125,79.641845703125,51.717857360839844,109.76000213623047,37.83461380004883
2015-07-17,178.0936737060547,109.678955078125,47.981204986572266,30.57305335998535,88.83139038085938,83.05168151855469,79.69706726074219,51.5340690612793,108.6500015258789,37.81195831298828
2015-07-20,178.1858673095703,109.08587646484375,48.10613250732422,30.375844955444336,88.457275390625,82.8856430053711,79.5107421875,51.59312438964844,105.69999694824219,37.87992858886719
2015-07-21,177.48182678222656,108.57134246826172,47.966495513916016,30.38374137878418,88.93614959716797,83.1148910522461,79.67642974853516,51.4487190246582,105.37000274658203,37.789306640625
2015-07-22,177.1632843017578,108.97249603271484,47.59906005859375,29.94991683959961,89.48983001708984,83.21763610839844,79.7799301147461,51.67190933227539,104.80000305175781,37.87237548828125
2015-07-23,176.16587829589844,107.76898193359375,47.474124908447266,29.658061981201172,90.60470581054688,83.55754089355469,80.01461029052734,51.028629302978516,104.33000183105469,37.7288818359375
2015-07-24,174.33868408203125,106.0334243774414,46.952354431152344,29.232120513916016,90.82925415039062,83.63662719726562,79.98009490966797,51.2452507019043,105.3499984741211,37.51743698120117
2015-07-27,173.32447814941406,105.152587890625,46.60694885253906,28.67998504638672,91.31554412841797,83.91336822509766,79.98701477050781,51.337135314941406,104.86000061035156,37.49478530883789
2015-07-28,175.45346069335938,106.05088806152344,47.19486618041992,28.971832275390625,90.64961242675781,83.67615509033203,79.92487335205078,51.369972229003906,105.0199966430664,37.91769027709961
2015-07-29,176.66043090820312,106.34740447998047,47.363895416259766,29.255786895751953,90.31291198730469,83.55754089355469,79.85590362548828,51.70471954345703,105.16999816894531,38.04606628417969
2015-07-30,176.70236206054688,106.65266418457031,47.327152252197266,28.963943481445312,91.00878143310547,83.6524658203125,79.89727783203125,51.4487190246582,104.2699966430664,37.91769027709961
2015-07-31,176.43406677246094,107.23698425292969,47.60640335083008,29.27945327758789,91.68216705322266,84.142578125,80.31143188476562,51.85569381713867,104.93000030517578,37.99319839477539
2015-08-03,175.8389129638672,106.70498657226562,47.481483459472656,28.790407180786133,92.64730072021484,84.39911651611328,80.49834442138672,52.17732238769531,104.0999984741211,38.04606628417969
2015-08-04,175.495361328125,106.45206451416016,47.51823043823242,28.89295196533203,91.91239166259766,83.9636459350586,80.08990478515625,51.796607971191406,104.30999755859375,38.04606628417969
2015-08-05,176.07371520996094,106.69625854492188,47.768089294433594,28.900842666625977,91.22254180908203,83.63903045654297,79.7784194946289,51.45529556274414,103.93000030517578,38.37834930419922
2015-08-06,174.63206481933594,105.25725555419922,47.56967544555664,28.648427963256836,92.03242492675781,83.93196868896484,79.93072509765625,51.52751159667969,104.38999938964844,38.091392517089844
2015-08-07,174.2967529296875,104.5508041381836,47.481483459472656,28.632658004760742,93.23969268798828,84.26449584960938,80.20758819580078,51.717857360839844,104.6500015258789,37.87992858886719
2015-08-10,176.49276733398438,105.75432586669922,48.06203842163086,29.113807678222656,92.08489227294922,83.91614532470703,79.88919067382812,51.55374526977539,105.72000122070312,38.023406982421875
2015-08-11,174.9002227783203,104.84735870361328,47.327152252197266,28.474897384643555,93.54715728759766,84.47036743164062,80.22142028808594,51.895084381103516,106.26000213623047,37.88747024536133
2015-08-12,175.1098175048828,104.64675903320312,46.98909378051758,28.03318977355957,93.03721618652344,84.4386978149414,80.09686279296875,52.05917739868164,107.75,37.91012191772461
2015-08-13,174.8917999267578,104.29790496826172,46.9597053527832,27.985857009887695,92.73724365234375,84.21697998046875,79.81993865966797,52.11824417114258,106.86000061035156,37.75909423828125
2015-08-14,175.52886962890625,104.96944427490234,47.03319549560547,28.02528953552246,92.95471954345703,84.12987518310547,79.89605712890625,52.40050506591797,106.8499984741211,37.87992858886719
2015-08-17,176.50950622558594,106.0770492553711,46.94499969482422,27.717674255371094,93.37466430664062,84.28033447265625,80.1522445678711,52.84687423706055,107.12999725341797,37.91769027709961
2015-08-18,175.99827575683594,105.2310791015625,46.592254638671875,27.417930603027344,92.63980102539062,84.14578247070312,79.84761047363281,52.99127197265625,107.11000061035156,37.7288818359375
2015-08-19,174.6068878173828,104.14090728759766,46.18071365356445,27.078760147094727,93.55465698242188,84.6603775024414,80.23526000976562,52.67620849609375,108.55000305175781,37.381507873535156
2015-08-20,170.96087646484375,101.507080078125,45.06367111206055,26.652820587158203,94.49947357177734,84.88997650146484,80.2837142944336,52.2889404296875,110.44000244140625,37.041690826416016
2015-08-21,165.81448364257812,100.32096862792969,44.03482437133789,25.832489013671875,94.78446960449219,85.23047637939453,80.30449676513672,51.317440032958984,111.12999725341797,36.02973556518555
2015-08-24,158.8325958251953,96.40514373779297,42.51358413696289,24.704538345336914,94.75443267822266,85.37297058105469,80.08301544189453,48.91501998901367,110.52999877929688,34.77613067626953
2015-08-25,156.96347045898438,95.66381072998047,42.91778564453125,25.020048141479492,93.23223114013672,84.90580749511719,79.67462921142578,47.569400787353516,109.16000366210938,34.51182556152344
2015-08-26,162.98988342285156,98.09708404541016,43.93193054199219,25.8482666015625,91.4324951171875,84.3832778930664,79.62611389160156,48.8559455871582,107.66999816894531,35.53130340576172
2015-08-27,167.02146911621094,99.85002136230469,44.46841049194336,26.99199676513672,91.4849853515625,84.33575439453125,79.70230102539062,49.80116271972656,107.7300033569336,36.05238723754883
2015-08-28,167.0298614501953,100.83552551269531,44.40226364135742,26.644929885864258,91.75495147705078,84.35165405273438,79.84761047363281,49.728965759277344,108.69999694824219,35.97686767578125
2015-08-31,165.6803741455078,100.46923828125,44.071571350097656,26.6922607421875,91.05009460449219,84.20902252197266,79.6468734741211,48.5933723449707,108.81999969482422,35.72766876220703
2015-09-01,160.7352294921875,97.59122467041016,42.59443664550781,25.658958435058594,91.70614624023438,84.58734893798828,80.12935638427734,47.667850494384766,109.19999694824219,34.99513626098633
2015-09-02,163.7861328125,99.34424591064453,43.22644805908203,26.02968406677246,90.91704559326172,84.35733795166016,80.01138305664062,48.160152435302734,108.62000274658203,35.470890045166016
2015-09-03,163.9034423828125,99.1872329711914,43.329322814941406,26.132230758666992,91.36044311523438,84.56354522705078,80.3931884765625,48.29142761230469,107.83999633789062,35.712554931640625
2015-09-04,161.42254638671875,98.43720245361328,42.337223052978516,25.351335525512695,92.19461059570312,84.82524108886719,80.57368469238281,47.39215850830078,107.48999786376953,35.131065368652344
2015-09-08,165.479248046875,100.68729400634766,43.57918167114258,26.1558895111084,90.83440399169922,84.45250701904297,80.19880676269531,48.10764694213867,107.5199966430664,35.86358642578125
2015-09-09,163.26646423339844,99.52732849121094,43.40281295776367,26.02179718017578,91.27024841308594,84.48428344726562,80.37238311767578,47.5562629699707,106.12999725341797,35.274539947509766
2015-09-10,164.15493774414062,99.98088836669922,43.689422607421875,26.28998565673828,90.65399169921875,84.29393005371094,80.21271514892578,47.66129684448242,106.37999725341797,35.334964752197266
2015-09-11,164.90087890625,100.45182800292969,43.68207931518555,26.39252471923828,91.22515106201172,84.5159912109375,80.26823425292969,48.57368850708008,106.16000366210938,35.56907272338867
2015-09-14,164.28903198242188,99.98959350585938,43.35136795043945,26.353086471557617,91.36798095703125,84.59527587890625,80.26128387451172,48.599945068359375,106.22000122070312,35.45579147338867
2015-09-15,166.3425750732422,101.11461639404297,43.645328521728516,26.605497360229492,89.61695098876953,83.92919158935547,79.65730285644531,49.0791130065918,105.9000015258789,35.87868881225586
2015-09-16,167.78421020507812,101.98677825927734,44.3140754699707,27.252294540405273,89.27879333496094,83.90532684326172,79.80310821533203,49.60422897338867,107.30999755859375,36.28649139404297
2015-09-17,167.40699768066406,102.3355941772461,44.33613586425781,27.18918800354004,90.36845397949219,84.60323333740234,80.46263122558594,50.16875076293945,108.41000366210938,36.28649139404297
2015-09-18,164.67137145996094,100.92278289794922,43.22644805908203,26.684371948242188,91.75870513916016,84.99974060058594,80.70559692382812,50.08341979980469,109.20999908447266,35.866939544677734
2015-09-21,165.5223388671875,100.73963928222656,43.20438766479492,26.637042999267578,90.26323699951172,84.5159912109375,80.29598999023438,50.51008224487305,108.52999877929688,36.13296127319336
2015-09-22,163.37388610839844,99.2134017944336,42.175540924072266,26.14011573791504,91.51825714111328,84.93627166748047,80.64311981201172,49.87336730957031,107.79000091552734,35.73773956298828
2015-09-23,163.11265563964844,98.9168701171875,41.97712707519531,25.722057342529297,91.5107192993164,84.84104919433594,80.59456634521484,50.186283111572266,108.22000122070312,35.79854202270508
2015-09-24,162.52288818359375,98.75113677978516,41.85953903198242,25.61163902282715,92.13449096679688,84.968017578125,80.60841369628906,49.71555709838867,110.48999786376953,35.859344482421875
2015-09-25,162.48077392578125,97.45145416259766,42.22697830200195,25.55642318725586,91.33784484863281,84.74593353271484,80.36539459228516,49.91447067260742,109.80999755859375,36.08736038208008
2015-09-28,158.40296936035156,94.72262573242188,41.39656066894531,25.012163162231445,92.90104675292969,85.22965240478516,80.5042953491211,49.13881301879883,108.41999816894531,35.555320739746094
2015-09-29,158.49563598632812,94.04914855957031,41.33776092529297,25.13047981262207,93.16405487060547,85.5230484008789,80.60841369628906,49.662540435791016,107.9800033569336,35.54011917114258
2015-09-30,161.45289611816406,95.5097885131836,42.12409210205078,25.856157302856445,92.84091186523438,85.53895568847656,80.59456634521484,50.0802116394043,106.86000061035156,35.866939544677734
2015-10-01,161.87417602539062,95.34359741210938,42.25638961791992,25.998132705688477,93.23699951171875,85.60562133789062,80.57643127441406,50.32550811767578,106.7300033569336,35.866939544677734
2015-10-02,164.29222106933594,96.760498046875,42.97658157348633,26.6922607421875,93.8017807006836,86.01860046386719,80.9314956665039,50.69013595581055,108.98999786376953,36.360965728759766
2015-10-05,167.21580505371094,99.06952667236328,43.82905197143555,27.2680721282959,92.52916717529297,85.5421142578125,80.71562957763672,51.54536056518555,108.7699966430664,36.98421859741211
2015-10-06,166.64288330078125,98.38731384277344,43.880489349365234,27.220739364624023,92.92826843261719,85.71676635742188,80.87580871582031,51.426029205322266,109.86000061035156,36.733402252197266
2015-10-07,168.0077667236328,100.12782287597656,44.43167495727539,27.94641876220703,92.6195068359375,85.50239562988281,81.1612548828125,52.01607131958008,109.69999694824219,37.06782531738281
2015-10-08,169.5242919921875,101.02867126464844,44.7844123840332,28.24616241455078,91.84385681152344,85.2800064086914,80.84100341796875,52.45362091064453,109.13999938964844,37.508670806884766
2015-10-09,169.62539672851562,101.22986602783203,44.8652458190918,28.348690032958984,92.08483123779297,85.3276596069336,80.87580871582031,52.36743927001953,110.87000274658203,37.5922737121582
2015-10-12,169.7854766845703,101.08119201660156,44.777069091796875,28.135725021362305,92.78519439697266,85.61357879638672,81.20305633544922,52.73869323730469,111.30999755859375,37.69108200073242
2015-10-13,168.7154998779297,99.69927978515625,44.21120071411133,27.678237915039062,92.94329833984375,85.69300842285156,81.140380859375,52.32766342163086,111.86000061035156,37.46306228637695
2015-10-14,167.90663146972656,98.71968841552734,44.299381256103516,27.891212463378906,93.75662994384766,86.16151428222656,81.46064758300781,51.936500549316406,113.80999755859375,37.02982711791992
2015-10-15,170.48472595214844,101.08119201660156,45.05632781982422,28.56954574584961,93.2972640991211,85.86770629882812,81.42584991455078,52.645870208740234,113.29000091552734,37.3642463684082
2015-10-16,171.2598876953125,100.94998931884766,45.01957321166992,28.593215942382812,93.32738494873047,85.79625701904297,81.45368194580078,53.04365158081055,112.48999786376953,37.72148513793945
2015-10-19,171.3441619873047,101.14240264892578,44.8652458190918,28.30137062072754,93.07132720947266,85.75653839111328,81.44676208496094,53.786163330078125,112.0199966430664,37.8886833190918
2015-10-20,171.1250762939453,101.0024642944336,44.68153381347656,28.293481826782227,92.49899291992188,85.462646484375,81.29353332519531,53.76628112792969,112.7300033569336,37.865882873535156
2015-10-21,170.06350708007812,99.46311950683594,44.659481048583984,27.883312225341797,93.41773986816406,85.75653839111328,81.69737243652344,53.5673942565918,111.7300033569336,37.87348937988281
2015-10-22,172.93649291992188,100.33773040771484,45.15921401977539,28.45912742614746,93.5759048461914,85.84391784667969,81.87142181396484,54.0380859375,111.69000244140625,38.62594223022461
2015-10-23,174.83218383789062,101.3260726928711,45.60749816894531,28.624765396118164,92.77764892578125,85.35941314697266,81.57205200195312,53.51435852050781,111.5,38.56513595581055
2015-10-26,174.40245056152344,100.63509368896484,45.438472747802734,28.36447525024414,93.39514923095703,85.58182525634766,81.71827697753906,53.50109100341797,111.43000030517578,38.489139556884766
2015-10-27,174.06552124023438,99.53307342529297,45.0416259765625,28.04107093811035,93.62861633300781,85.79625701904297,81.73915100097656,53.48121643066406,111.68000030517578,38.54234313964844
2015-10-28,176.04544067382812,102.43685913085938,45.3355827331543,27.717674255371094,93.25206756591797,85.35147857666016,81.41889953613281,53.5275993347168,110.77999877929688,38.32191848754883
2015-10-29,175.94430541992188,101.34358978271484,45.0048828125,27.457378387451172,91.7685775756836,84.82733917236328,80.84795379638672,53.45468521118164,109.72000122070312,38.337120056152344
2015-10-30,175.18605041503906,100.8800277709961,44.90934371948242,27.504701614379883,92.46138763427734,84.9941177368164,81.05683898925781,52.96410369873047,109.30000305175781,37.911476135253906
2015-11-02,177.25868225097656,102.97913360595703,45.3355827331543,28.0489559173584,92.03643798828125,84.74993896484375,80.70836639404297,54.09114074707031,108.58999633789062,38.139503479003906
2015-11-03,177.7726593017578,103.51264953613281,45.32088088989258,28.419681549072266,91.28175354003906,84.52718353271484,80.7154312133789,53.54750061035156,106.9800033569336,37.95709228515625
2015-11-04,177.23341369628906,103.46017456054688,45.071022033691406,28.19094467163086,91.38737487792969,84.43972778320312,80.62464141845703,53.308834075927734,105.97000122070312,37.79747772216797
2015-11-05,177.0564422607422,103.53887176513672,44.99018859863281,28.238264083862305,91.14588928222656,84.38398742675781,80.64554595947266,53.52098846435547,105.63999938964844,37.78988265991211
2015-11-06,176.96372985839844,104.27359771728516,44.7844123840332,27.8438720703125,89.81011199951172,83.81134796142578,80.12191009521484,51.85695266723633,104.0999984741211,37.379451751708984
2015-11-09,175.31243896484375,103.04911804199219,44.321441650390625,27.149749755859375,89.304443359375,83.66816711425781,79.9892349243164,50.968563079833984,104.4000015258789,37.12863540649414
2015-11-10,175.716796875,103.35521697998047,44.29204559326172,27.031436920166016,89.56856536865234,83.82730865478516,80.19175720214844,51.551998138427734,104.18000030517578,37.22744369506836
2015-11-11,175.02598571777344,102.45435333251953,44.51985549926758,27.086652755737305,89.37986755371094,83.78748321533203,80.18470764160156,51.611663818359375,103.83000183105469,37.17423629760742
2015-11-12,172.58262634277344,100.49517822265625,43.93929672241211,26.826351165771484,89.81011199951172,83.83525085449219,80.15686798095703,51.260284423828125,103.8499984741211,36.67259216308594
2015-11-13,170.6448516845703,99.76923370361328,43.571842193603516,26.45561981201172,90.32328796386719,84.1533432006836,80.39422607421875,50.676876068115234,103.55999755859375,36.35337829589844
2015-11-16,173.2397918701172,100.6263656616211,44.12301254272461,26.96832847595215,90.24026489257812,84.26471710205078,80.40821075439453,51.260284423828125,103.70999908447266,36.97662353515625
2015-11-17,173.1134796142578,100.24152374267578,44.24059295654297,26.889453887939453,90.39118194580078,84.24088287353516,80.491943359375,51.260284423828125,102.33999633789062,36.961429595947266
2015-11-18,175.8600616455078,101.93831634521484,44.644775390625,27.18130111694336,90.57986450195312,84.20108795166016,80.51290130615234,51.71110916137695,102.43000030517578,37.47065353393555
2015-11-19,175.70840454101562,101.50973510742188,44.87260437011719,27.425819396972656,91.18368530273438,84.38398742675781,80.75028991699219,51.87022018432617,103.55999755859375,37.569461822509766
2015-11-20,176.3487548828125,102.16571807861328,44.76972198486328,27.7018985748291,90.9043960571289,84.27271270751953,80.73635864257812,52.51991653442383,103.08999633789062,37.30344772338867
2015-11-23,176.1465301513672,102.67302703857422,44.49046325683594,27.441598892211914,91.18368530273438,84.38398742675781,80.76426696777344,52.63261413574219,102.26000213623047,37.63026809692383
2015-11-24,176.38241577148438,103.42520904541016,44.497802734375,27.583581924438477,91.17606353759766,84.46355438232422,80.79219818115234,52.35418701171875,102.94000244140625,37.72908020019531
2015-11-25,176.35716247558594,104.22985076904297,44.60068130493164,27.370607376098633,91.38737487792969,84.51131439208984,80.86901092529297,52.56632995605469,102.45999908447266,37.8278923034668
2015-11-27,176.559326171875,104.62345123291016,44.60805130004883,26.771137237548828,91.29681396484375,84.59879302978516,80.89691925048828,53.023765563964844,101.25,37.9722900390625
2015-11-30,175.82635498046875,104.16864013671875,44.5713005065918,26.810579299926758,91.65907287597656,84.6305923461914,80.93183898925781,52.63261413574219,101.91999816894531,37.561859130859375
2015-12-01,177.50299072265625,104.85957336425781,45.0416259765625,27.015661239624023,92.89718627929688,85.08064270019531,81.5403823852539,53.361873626708984,102.27999877929688,37.88108444213867
2015-12-02,175.69154357910156,103.7313003540039,44.563941955566406,26.6922607421875,92.92740631103516,84.8416748046875,81.34428405761719,52.27463912963867,100.69000244140625,37.69108200073242
2015-12-03,173.23143005371094,101.9820556640625,44.350833892822266,26.542394638061523,90.40142059326172,83.94947814941406,80.26595306396484,51.452545166015625,101.76000213623047,37.49345779418945
2015-12-04,176.60986328125,103.01412200927734,44.71092224121094,26.723812103271484,91.19552612304688,84.26016998291016,80.70005798339844,52.433719635009766,104.0199966430664,38.337120056152344
2015-12-07,175.53994750976562,101.46598815917969,44.4243278503418,26.282093048095703,92.08033752441406,84.53102111816406,80.84010314941406,52.28786087036133,102.66999816894531,38.44351577758789
2015-12-08,174.36041259765625,100.90626525878906,43.77027130126953,25.990243911743164,92.12572479248047,84.57882690429688,80.73507690429688,52.24146270751953,102.83999633789062,38.344730377197266
2015-12-09,173.00384521484375,99.7779769897461,43.571842193603516,25.77727699279785,92.02738189697266,84.706298828125,80.71405029296875,51.94976806640625,102.63999938964844,37.97989273071289
2015-12-10,173.45040893554688,100.1103515625,43.57918167114258,25.603750228881836,92.1484146118164,84.52308654785156,80.52500915527344,51.57851791381836,102.55000305175781,38.025489807128906
2015-12-11,170.08877563476562,97.8800277709961,42.74876022338867,24.885957717895508,93.6005630493164,85.20021057128906,80.66504669189453,51.485694885253906,103.11000061035156,37.60746383666992
2015-12-14,170.94813537597656,97.18031311035156,42.814903259277344,25.28823471069336,92.39043426513672,84.57088470458984,80.06986236572266,51.724361419677734,101.79000091552734,37.97989273071289
2015-12-15,172.7427215576172,98.57974243164062,43.028018951416016,25.67473602294922,91.84591674804688,84.35576629638672,80.07685852050781,52.28786087036133,101.5199966430664,38.223106384277344
2015-12-16,175.27027893066406,100.08411407470703,43.89519119262695,26.17955207824707,91.64924621582031,84.13268280029297,80.0628662109375,53.308834075927734,102.75,38.96036911010742
2015-12-17,172.5995330810547,99.01705169677734,43.336673736572266,25.840377807617188,92.68545532226562,84.48322296142578,80.15391540527344,53.04365158081055,100.5,38.45872116088867
2015-12-18,169.52468872070312,97.50395965576172,42.881038665771484,25.753612518310547,93.1997299194336,84.78594207763672,80.15391540527344,52.427093505859375,102.04000091552734,37.77730941772461
2015-12-21,170.92311096191406,98.23861694335938,43.07972717285156,25.954681396484375,93.17701721191406,84.82583618164062,80.20989227294922,52.63261413574219,103.1500015258789,38.206058502197266
2015-12-22,172.47406005859375,99.1395034790039,43.40591049194336,26.162960052490234,92.50385284423828,84.58677673339844,80.1048812866211,52.844764709472656,102.61000061035156,38.70372772216797
2015-12-23,174.60989379882812,100.39022064208984,44.13243103027344,26.53144645690918,91.80810546875,84.3956298828125,80.17494201660156,53.38792037963867,102.30999755859375,38.987022399902344
2015-12-24,174.3217010498047,100.57997131347656,44.05830383300781,26.435325622558594,92.33405303955078,84.55039978027344,80.43612670898438,53.38792037963867,103.05000305175781,38.94874954223633
2015-12-28,173.92337036132812,100.11439514160156,43.95451736450195,26.25107765197754,92.60692596435547,84.56634521484375,80.33782196044922,53.6837043762207,102.2699966430664,38.895145416259766
2015-12-29,175.77947998046875,101.19485473632812,44.39190673828125,26.275108337402344,91.0683822631836,84.1195297241211,79.92350769042969,54.255096435546875,102.19999694824219,39.232032775878906
2015-12-30,174.53358459472656,100.17586517333984,44.12501907348633,25.86656379699707,90.97745513916016,84.15144348144531,79.92350769042969,54.06686782836914,101.41999816894531,39.09422302246094
2015-12-31,172.7876739501953,98.92853546142578,43.531944274902344,25.78645896911621,91.38675689697266,84.2471923828125,80.05694580078125,53.59630584716797,101.45999908447266,38.65779495239258
2016-01-04,170.37217712402344,96.63582611083984,42.864723205566406,25.081514358520508,92.04608917236328,84.60621643066406,80.01481628417969,52.95097351074219,102.88999938964844,38.16777420043945
2016-01-05,170.66033935546875,96.8466567993164,42.798011779785156,25.137590408325195,91.67466735839844,84.58230590820312,80.05694580078125,53.972755432128906,103.18000030517578,38.412784576416016
2016-01-06,168.50759887695312,95.37090301513672,42.09373092651367,24.656946182250977,92.91011810302734,85.09293365478516,80.37290954589844,53.82487106323242,104.66999816894531,38.28261947631836
2016-01-07,164.46485900878906,92.82343292236328,41.21894073486328,23.89593505859375,93.0767822265625,85.27650451660156,80.43612670898438,52.77619171142578,106.1500015258789,37.823246002197266
2016-01-08,162.65957641601562,91.22469329833984,40.72224044799805,23.639589309692383,93.49361419677734,85.49186706542969,80.4992904663086,52.07035827636719,105.68000030517578,37.532291412353516
2016-01-11,162.8206024169922,90.82939910888672,40.89274978637695,23.63157844543457,92.47050476074219,85.22064971923828,80.23951721191406,52.36613845825195,104.73999786376953,37.884483337402344
2016-01-12,164.1343231201172,91.10173797607422,41.08549880981445,23.679641723632812,93.80435180664062,85.60358428955078,80.42207336425781,52.01657485961914,104.20999908447266,38.091217041015625
2016-01-13,160.0406494140625,88.17657470703125,40.44793701171875,23.431310653686523,94.72901916503906,85.93869018554688,80.66787719726562,51.27040481567383,104.72000122070312,37.394466400146484
2016-01-14,162.6680145263672,89.3975830078125,40.96687698364258,23.735715866088867,93.84223175048828,85.76313781738281,80.26759338378906,51.14942169189453,103.0199966430664,37.57057571411133
2016-01-15,159.1761932373047,87.94818115234375,39.48418426513672,22.798463821411133,95.30501556396484,86.16207885742188,80.14826202392578,50.79986572265625,104.08000183105469,36.98102951049805
2016-01-19,159.38807678222656,86.7623062133789,39.847442626953125,23.134916305541992,95.00943756103516,86.05036163330078,79.79011535644531,51.06877136230469,103.9800033569336,37.42509841918945
2016-01-20,157.34548950195312,87.1224594116211,38.942996978759766,22.6302433013916,96.00984191894531,86.47327423095703,79.90950012207031,49.697410583496094,105.37000274658203,36.95804977416992
2016-01-21,158.2269287109375,86.92041778564453,39.23213577270508,22.718358993530273,95.35807037353516,86.25785827636719,79.677734375,49.9730339050293,105.48999786376953,37.103515625
2016-01-22,161.47299194335938,89.04621124267578,40.388633728027344,23.49539566040039,94.99429321289062,86.06636810302734,79.7269287109375,51.36451721191406,105.0,37.739013671875
2016-01-25,159.0321807861328,87.06974792480469,39.847442626953125,23.094860076904297,95.50962829589844,86.35359954833984,79.64264678955078,51.0418701171875,106.08000183105469,37.40214157104492
2016-01-26,161.20179748535156,88.80904388427734,40.55913543701172,23.431310653686523,95.55510711669922,86.41739654541016,79.86738586425781,52.110687255859375,107.29000091552734,37.74666213989258
2016-01-27,159.44744873046875,87.58802795410156,40.2996711730957,23.3512020111084,95.5323715209961,86.48126220703125,79.6496810913086,51.10236740112305,107.69000244140625,37.70840072631836
2016-01-28,160.2779998779297,87.5704574584961,40.41828155517578,23.719697952270508,95.66876983642578,86.59294891357422,79.7409896850586,50.71247100830078,106.54000091552734,38.091217041015625
2016-01-29,164.1851348876953,90.44288635253906,41.129966735839844,24.488718032836914,96.47972106933594,87.05567169189453,80.1552505493164,51.75441360473633,106.94999694824219,38.864524841308594
2016-02-01,164.1257781982422,90.0300521850586,41.08549880981445,24.256412506103516,96.1843490600586,86.85514831542969,79.89961242675781,51.84181213378906,108.05000305175781,38.99467849731445
2016-02-02,161.16790771484375,88.08872985839844,40.1291618347168,23.471363067626953,97.96876525878906,87.47036743164062,80.04750061035156,51.371253967285156,108.08999633789062,38.49700927734375
2016-02-03,162.13409423828125,88.20292663574219,40.462764739990234,24.13625144958496,97.15628814697266,87.37448120117188,79.85029602050781,51.714088439941406,109.25,38.412784576416016
2016-02-04,162.38836669921875,88.5455093383789,40.51465606689453,24.320499420166016,97.62710571289062,87.5822525024414,79.88553619384766,51.74098205566406,110.56999969482422,38.060585021972656
2016-02-05,159.2948455810547,86.12105560302734,39.891929626464844,24.040122985839844,97.74095153808594,87.69414520263672,79.87142944335938,50.759517669677734,112.31999969482422,37.999332427978516
2016-02-08,157.1505889892578,84.706787109375,39.150577545166016,23.711688995361328,99.84435272216797,88.34931182861328,80.28697967529297,49.30752944946289,113.83000183105469,37.89979934692383
2016-02-09,157.15904235839844,84.13581848144531,38.698360443115234,23.38324737548828,99.95066833496094,88.36529541015625,80.01229095458984,48.400028228759766,113.58000183105469,38.15247344970703
2016-02-10,157.02342224121094,84.17972564697266,38.65387725830078,23.479372024536133,100.83145904541016,88.62897491455078,80.11083221435547,48.73613739013672,114.45999908447266,38.10653305053711
2016-02-11,154.98092651367188,83.2661361694336,38.09044647216797,23.086851119995117,101.53764343261719,89.03648376464844,80.37850189208984,48.04375076293945,119.05999755859375,37.80026626586914
2016-02-12,158.1761016845703,84.84730529785156,38.75766372680664,23.487384796142578,99.85191345214844,88.35734558105469,79.92778015136719,48.594970703125,118.36000061035156,38.33623123168945
2016-02-16,160.84585571289062,86.85892486572266,39.54349136352539,24.008081436157227,98.79645538330078,88.09366607666016,79.54744720458984,49.489036560058594,114.7699966430664,38.642494201660156
2016-02-17,163.47323608398438,88.2204818725586,40.22553634643555,24.480709075927734,98.18901824951172,87.87786102294922,79.52633666992188,49.91252136230469,115.4800033569336,39.04063034057617
2016-02-18,162.80368041992188,87.79883575439453,40.01795196533203,24.33652114868164,99.39630889892578,88.28540802001953,80.17428588867188,50.41669464111328,118.29000091552734,38.864524841308594
2016-02-19,162.7274169921875,88.23806762695312,39.97346878051758,24.224369049072266,99.47985076904297,88.28540802001953,80.117919921875,50.705753326416016,117.58000183105469,38.92578887939453
2016-02-22,165.0835723876953,89.22188568115234,40.42569351196289,24.82517433166504,99.42665100097656,88.19749450683594,80.27989959716797,51.18974304199219,115.48999786376953,39.1171875
2016-02-23,162.9985809326172,88.4050064086914,39.765899658203125,24.296464920043945,99.82917022705078,88.37330627441406,80.44186401367188,51.05530548095703,117.22000122070312,39.109535217285156
2016-02-24,163.7444305419922,89.25703430175781,39.62504196166992,24.24039077758789,99.63175201416016,88.37330627441406,80.51933288574219,50.99480438232422,117.61000061035156,39.232032775878906
2016-02-25,165.72764587402344,90.07398986816406,40.09950637817383,24.320499420166016,99.98860931396484,88.63694763183594,80.9700698852539,52.03675842285156,117.91999816894531,39.67610549926758
2016-02-26,165.34622192382812,90.64495849609375,39.99571228027344,24.080177307128906,99.02421569824219,88.20552825927734,80.94190979003906,51.76786422729492,117.11000061035156,39.1171875
2016-02-29,164.04954528808594,90.2408676147461,39.75848388671875,24.288455963134766,99.45706176757812,88.34931182861328,80.9982681274414,51.566200256347656,118.63999938964844,38.987022399902344
2016-03-01,167.90585327148438,92.18221282958984,40.79637145996094,25.15361213684082,97.70575714111328,87.6587905883789,80.55682373046875,53.01818084716797,117.7699966430664,39.36219787597656
2016-03-02,168.6601104736328,93.13091278076172,41.078086853027344,25.490066528320312,98.10899353027344,87.50676727294922,80.71926879882812,53.4013786315918,118.68000030517578,39.4770393371582
2016-03-03,169.32122802734375,94.10594177246094,41.47840881347656,25.778446197509766,98.46652221679688,87.61076354980469,81.1006851196289,53.6837043762207,120.7300033569336,39.67610549926758
2016-03-04,169.87208557128906,94.6242446899414,41.78236770629883,26.2911319732666,97.83512878417969,87.31473541259766,81.08660125732422,53.69042205810547,120.54000091552734,39.84457015991211
2016-03-07,170.0077362060547,95.6520004272461,41.73046875,26.25107765197754,97.8046875,87.13870239257812,81.17835998535156,53.83159637451172,121.13999938964844,39.59955978393555
2016-03-08,168.15159606933594,93.34172821044922,41.32272720336914,25.802478790283203,98.88497924804688,87.64274597167969,81.60924530029297,53.28035354614258,120.58000183105469,39.71439743041992
2016-03-09,168.98220825195312,93.8160629272461,41.47840881347656,25.962690353393555,98.28397369384766,87.2987289428711,81.51741027832031,53.57612609863281,119.58000183105469,40.01300811767578
2016-03-10,169.1177520751953,93.05183410644531,41.41169357299805,26.002744674682617,97.88077545166016,86.98665618896484,81.85647583007812,53.38119125366211,121.5,40.02831268310547
2016-03-11,171.84686279296875,95.04586791992188,42.494049072265625,26.5474796295166,96.8917465209961,86.73861694335938,82.08954620361328,54.57775115966797,119.41000366210938,40.158470153808594
2016-03-14,171.62652587890625,94.7999038696289,42.40509796142578,26.38726043701172,97.19606018066406,86.80258178710938,82.32969665527344,54.58447265625,117.87000274658203,40.13550567626953
2016-03-15,171.34683227539062,93.32415771484375,42.004764556884766,26.010759353637695,97.28731536865234,86.78660583496094,82.30144500732422,54.611366271972656,117.95999908447266,40.235042572021484
2016-03-16,172.33843994140625,93.98297119140625,42.37544250488281,26.53144645690918,97.57644653320312,87.24271392822266,82.69696807861328,55.270145416259766,120.58999633789062,40.326927185058594
2016-03-17,173.43177795410156,95.42357635498047,42.70163345336914,27.11623191833496,97.97962188720703,87.33873748779297,82.95126342773438,56.049930572509766,120.12999725341797,40.57192611694336
2016-03-18,174.11331176757812,96.2844467163086,42.627506256103516,27.26042938232422,98.18505096435547,87.49070739746094,83.14196014404297,55.807926177978516,119.80000305175781,40.51881790161133
2016-03-21,174.36038208007812,96.0560531616211,42.56077575683594,27.316495895385742,97.43189239501953,87.24271392822266,83.04308319091797,55.3042106628418,118.95999908447266,40.54193115234375
2016-03-22,174.2666778564453,95.94186401367188,42.48665237426758,27.252416610717773,97.40910339355469,87.05866241455078,82.88774108886719,55.3042106628418,119.30999755859375,40.303340911865234
2016-03-23,173.1165771484375,94.16827392578125,42.05667495727539,26.78779411315918,98.51219940185547,87.45875549316406,83.30442810058594,55.005123138427734,116.61000061035156,40.31104278564453
2016-03-24,173.03993225097656,94.4502182006836,41.774959564208984,26.72371482849121,98.55026245117188,87.3707046508789,83.26907348632812,55.02552795410156,116.33000183105469,40.264869689941406
2016-03-28,173.14212036132812,94.56475067138672,42.02700424194336,26.811832427978516,98.6795425415039,87.49870300292969,83.3185806274414,55.52176284790039,116.5999984741211,40.48035430908203
2016-03-29,174.7436981201172,97.19035339355469,42.47923278808594,27.180326461791992,99.71424865722656,88.09086608886719,83.69291687011719,56.72490310668945,118.76000213623047,40.78048324584961
2016-03-30,175.5104522705078,97.19915771484375,42.798011779785156,27.460695266723633,98.66432189941406,87.97083282470703,83.593994140625,56.616119384765625,117.0999984741211,41.04984664916992
2016-03-31,175.08453369140625,97.47228240966797,42.37544250488281,27.436660766601562,99.3642349243164,88.29093170166016,83.92601013183594,56.96282196044922,117.63999938964844,40.834354400634766
2016-04-01,176.2771453857422,97.90399932861328,41.923221588134766,27.3565616607666,99.62344360351562,88.26529693603516,84.19658660888672,56.88805389404297,116.93000030517578,41.26533126831055
2016-04-04,175.7063751220703,97.0846176147461,41.83425521850586,27.02811622619629,99.68443298339844,88.36946105957031,84.20365905761719,56.806480407714844,116.1500015258789,41.28073501586914
2016-04-05,173.95143127441406,95.9832763671875,41.0113639831543,26.49941635131836,100.77462005615234,88.72209167480469,84.47280883789062,56.43259811401367,117.66000366210938,41.0036735534668
2016-04-06,175.85121154785156,97.0669937133789,41.6785774230957,26.819839477539062,100.04269409179688,88.52973175048828,84.40196228027344,56.56856918334961,116.94000244140625,41.32689666748047
2016-04-07,173.7469940185547,95.75420379638672,41.0706672668457,26.283126831054688,101.27777862548828,88.98651885986328,84.62865447998047,56.21508026123047,118.61000061035156,40.88053512573242
2016-04-08,174.21551513671875,96.13304901123047,41.856502532958984,26.73973274230957,100.63739776611328,88.8503189086914,84.43738555908203,56.527767181396484,118.43000030517578,41.103721618652344
2016-04-11,173.806640625,95.83349609375,41.878746032714844,27.084192276000977,100.50780487060547,88.83428955078125,84.43033599853516,56.412208557128906,120.02999877929688,40.81127166748047
2016-04-12,175.4252471923828,96.86434173583984,42.50147247314453,27.500747680664062,99.81402587890625,88.48165130615234,84.09739685058594,56.82006072998047,120.05000305175781,41.06523513793945
2016-04-13,177.19723510742188,98.95246124267578,43.17609786987305,27.989397048950195,100.16474914550781,88.54576873779297,84.3877944946289,56.56856918334961,118.7699966430664,40.74969482421875
2016-04-14,177.20571899414062,98.82909393310547,43.316951751708984,27.853221893310547,99.68443298339844,88.33743286132812,84.33116912841797,56.25587844848633,117.11000061035156,40.565006256103516
2016-04-15,177.00982666015625,99.07581329345703,43.22057342529297,27.693010330200195,100.5383071899414,88.60184478759766,84.685302734375,56.67731857299805,117.91999816894531,40.81896209716797
2016-04-18,178.2536163330078,99.82473754882812,43.59124755859375,27.8211727142334,100.1037368774414,88.51373291015625,84.77737426757812,56.949214935302734,117.73999786376953,41.04984664916992
2016-04-19,178.8158416748047,99.90401458740234,44.34743118286133,28.24574089050293,99.79115295410156,88.36946105957031,84.93323516845703,56.97640609741211,119.58000183105469,41.026763916015625
2016-04-20,178.98622131347656,100.05380249023438,44.38449478149414,28.117570877075195,98.69340515136719,87.9206771850586,84.69944763183594,56.01116180419922,118.97000122070312,40.565006256103516
2016-04-21,178.02357482910156,99.55159759521484,44.11760711669922,27.837196350097656,98.10640716552734,87.77640533447266,84.66402435302734,55.01194763183594,119.41999816894531,39.84160614013672
2016-04-22,178.02357482910156,100.53838348388672,44.13984680175781,27.668975830078125,97.85482788085938,87.68028259277344,84.75614166259766,55.61012268066406,117.88999938964844,39.98781967163086
2016-04-25,177.7169189453125,99.82473754882812,43.91745376586914,27.49274253845215,97.45075225830078,87.58409881591797,84.55779266357422,56.072357177734375,118.2300033569336,40.264869689941406
2016-04-26,177.98097229003906,100.802734375,44.07312774658203,27.789134979248047,97.00859832763672,87.3997802734375,84.52239227294922,56.28986740112305,118.69999694824219,40.103240966796875
2016-04-27,178.3472900390625,101.15513610839844,44.102783203125,27.957365036010742,97.97679901123047,87.88062286376953,85.06069946289062,56.25587844848633,119.04000091552734,40.29563903808594
2016-04-28,176.72866821289062,100.0009536743164,43.50229263305664,27.668975830078125,98.380859375,88.18514251708984,85.13864135742188,56.14030838012695,121.29000091552734,40.33412170410156
2016-04-29,175.77450561523438,99.10221862792969,43.316951751708984,27.548810958862305,98.63239288330078,88.15311431884766,85.230712890625,55.623714447021484,123.6500015258789,40.249473571777344
2016-05-02,177.171630859375,99.98332214355469,43.72470474243164,27.476716995239258,97.63935089111328,87.8970718383789,85.12059020996094,56.486995697021484,123.23999786376953,40.71123123168945
2016-05-03,175.6297149658203,98.34454345703125,43.00558853149414,26.699678421020508,98.86920166015625,88.41873168945312,85.2697525024414,56.57536697387695,122.95999908447266,40.634254455566406
2016-05-04,174.64996337890625,97.53394317626953,42.50889205932617,26.267099380493164,99.41156005859375,88.57926940917969,85.12776184082031,57.38423538208008,122.20999908447266,40.75739288330078
2016-05-05,174.61595153808594,97.14627075195312,42.419921875,26.259092330932617,100.07611083984375,88.82000732421875,85.29817962646484,57.54739761352539,122.06999969482422,40.765098571777344
2016-05-06,175.2548370361328,97.71897888183594,42.538536071777344,26.299144744873047,99.64834594726562,88.61138153076172,85.113525390625,58.17954635620117,123.18000030517578,40.97288131713867
2016-05-09,175.39967346191406,98.00091552734375,42.44957733154297,25.962690353393555,99.96156311035156,88.7799072265625,85.0282974243164,58.818504333496094,120.6500015258789,41.19607162475586
2016-05-10,177.58058166503906,98.98771667480469,43.05747604370117,26.4593563079834,99.96919250488281,88.76383209228516,85.17034912109375,58.81171417236328,120.9800033569336,41.603939056396484
2016-05-11,175.91937255859375,97.76302337646484,42.686805725097656,26.395267486572266,100.53446197509766,88.9002685546875,85.26263427734375,57.554195404052734,122.12000274658203,41.27302551269531
2016-05-12,175.9705047607422,97.24319458007812,42.671993255615234,26.32317543029785,100.07611083984375,88.65951538085938,85.08514404296875,57.887264251708984,121.16000366210938,41.49619674682617
2016-05-13,174.43702697753906,96.60000610351562,42.234580993652344,25.850543975830078,101.04629516601562,88.9966049194336,85.24134826660156,57.37065887451172,121.70999908447266,40.97288131713867
2016-05-16,176.1579132080078,97.82469940185547,42.73870086669922,26.162960052490234,100.17547607421875,88.67552185058594,84.957275390625,57.914451599121094,121.80000305175781,41.23455810546875
2016-05-17,174.513671875,96.27400970458984,42.427330017089844,26.042802810668945,100.343505859375,88.55517578125,84.92884826660156,56.84046936035156,122.22000122070312,40.426475524902344
2016-05-18,174.56488037109375,96.7762451171875,42.442161560058594,25.78645896911621,98.91505432128906,87.84089660644531,84.20442199707031,55.94999694824219,120.0999984741211,39.95703125
2016-05-19,173.95993041992188,96.00090026855469,42.13821029663086,25.546131134033203,99.34284210205078,87.92914581298828,84.40330505371094,55.324607849121094,119.87000274658203,40.34951400756836
2016-05-20,175.0589141845703,97.6132583618164,42.48665237426758,25.802478790283203,99.419189453125,87.9853744506836,84.46013641357422,55.766456604003906,119.70999908447266,40.14173889160156
2016-05-23,174.82040405273438,97.49871826171875,42.345787048339844,25.754413604736328,99.64071655273438,88.04158782958984,84.46013641357422,55.773258209228516,119.37000274658203,40.18021011352539
2016-05-24,177.0864715576172,99.50752258300781,42.96110916137695,26.018770217895508,99.19767761230469,87.8970718383789,84.31803894042969,56.46660614013672,117.30000305175781,40.51881790161133
2016-05-25,178.2876434326172,100.08905029296875,43.413326263427734,26.33118438720703,98.82337188720703,87.85693359375,84.46719360351562,56.46660614013672,116.9800033569336,40.58039855957031
2016-05-26,178.33877563476562,99.9744873046875,43.531944274902344,26.507423400878906,99.33514404296875,88.12981414794922,84.70872497558594,56.57536697387695,116.58000183105469,40.74201202392578
2016-05-27,179.10546875,100.9700927734375,43.487457275390625,26.49941635131836,99.19002532958984,87.9613037109375,84.64474487304688,56.88125228881836,115.62000274658203,40.78819274902344
2016-05-31,178.7647247314453,101.3225326538086,43.27989959716797,26.53144645690918,99.42681121826172,88.06560516357422,84.79390716552734,56.87443542480469,116.05999755859375,40.526519775390625
2016-06-01,179.13104248046875,102.00975799560547,43.242828369140625,26.51542854309082,99.83024597167969,88.03582763671875,84.85376739501953,56.92202377319336,115.94000244140625,40.94209671020508
2016-06-02,179.67626953125,102.79389953613281,43.242828369140625,26.731718063354492,100.5497817993164,88.30912017822266,85.02470397949219,57.214298248291016,115.66999816894531,40.95749282836914
2016-06-03,179.13958740234375,102.17713928222656,43.52452850341797,27.140270233154297,101.98116302490234,89.12902069091797,85.70841979980469,57.4454460144043,118.87999725341797,41.219154357910156
2016-06-06,180.05105590820312,103.2784652709961,43.76917266845703,27.42865562438965,101.22332000732422,88.89588165283203,85.50186157226562,57.00358963012695,118.91999816894531,41.26533126831055
2016-06-07,180.3322296142578,103.57807159423828,44.08795928955078,27.676986694335938,101.46830749511719,89.02445983886719,85.63009643554688,57.35027313232422,118.81999969482422,41.219154357910156
2016-06-08,180.92005920410156,104.3445816040039,44.176918029785156,27.877248764038086,102.01182556152344,89.12902069091797,85.91496276855469,57.71732711791992,120.58000183105469,41.46542739868164
2016-06-09,180.67295837402344,103.67498016357422,43.63573455810547,27.556827545166016,102.67005920410156,89.2656478881836,86.03604125976562,57.84648895263672,121.25,41.627037048339844
2016-06-10,178.96067810058594,102.26527404785156,42.368038177490234,26.859891891479492,103.16759490966797,89.57906341552734,86.13570404052734,57.574581146240234,121.73999786376953,41.6578254699707
2016-06-13,177.58058166503906,101.15513610839844,41.75271987915039,26.48339080810547,103.62686157226562,89.75592041015625,86.00752258300781,57.588165283203125,122.63999938964844,41.3115119934082
2016-06-14,177.2312774658203,100.86438751220703,41.08549880981445,26.395267486572266,103.55033874511719,89.73182678222656,85.81526184082031,57.438655853271484,122.7699966430664,41.473114013671875
2016-06-15,176.98422241210938,100.93487548828125,41.35980224609375,26.67564582824707,103.94839477539062,90.00504302978516,86.13570404052734,57.98244857788086,123.68000030517578,41.34999084472656
2016-06-16,177.51242065429688,100.92606353759766,41.44875717163086,26.579519271850586,104.45356750488281,90.10155487060547,86.2639389038086,58.3087272644043,122.37999725341797,41.56547164916992
2016-06-17,176.85128784179688,100.49433898925781,41.856502532958984,26.651609420776367,103.80297088623047,89.79611206054688,86.00752258300781,58.213558197021484,123.94999694824219,41.3974609375
2016-06-20,177.99029541015625,101.58684539794922,42.89438247680664,27.124242782592773,102.69300842285156,89.41028594970703,85.90069580078125,58.29511642456055,123.20999908447266,41.52908706665039
2016-06-21,178.49551391601562,101.39301300048828,43.242828369140625,27.332523345947266,102.2184066772461,89.2093734741211,85.82238006591797,58.517330169677734,120.83999633789062,41.63746643066406
2016-06-22,178.20437622070312,100.99652862548828,43.216346740722656,27.401954650878906,102.38684844970703,89.38617706298828,85.97904968261719,58.428165435791016,120.9000015258789,41.66069793701172
2016-06-23,180.52503967285156,102.92606353759766,44.411739349365234,28.063989639282227,101.2156753540039,88.96018981933594,85.89356994628906,58.72309875488281,120.11000061035156,41.916202545166016
2016-06-24,174.04251098632812,99.01416015625,40.59853744506836,26.360450744628906,103.93302154541016,90.18994903564453,86.2995834350586,58.20184326171875,126.0,41.11100769042969
2016-06-27,170.92547607421875,95.76301574707031,39.81925582885742,26.0213623046875,106.52791595458984,90.96959686279297,86.66281127929688,58.24296951293945,126.68000030517578,41.02583312988281
2016-06-28,174.00830078125,97.24319458007812,40.863346099853516,26.788358688354492,106.74995422363281,90.95357513427734,87.1399917602539,59.47068405151367,125.31999969482422,41.28133010864258
2016-06-29,176.97120666503906,99.45463562011719,41.61237335205078,27.4665470123291,105.93094635009766,90.58380126953125,87.11143493652344,60.190834045410156,125.83999633789062,41.761348724365234
2016-06-30,179.38609313964844,101.30489349365234,42.23276901245117,27.741052627563477,106.32132720947266,90.78468322753906,87.417724609375,60.81496047973633,126.47000122070312,42.69815444946289
2016-07-01,179.7628936767578,101.66615295410156,42.23276901245117,28.007478713989258,107.79745483398438,91.02462768554688,87.87550354003906,60.83552169799805,128.41000366210938,42.49685287475586
2016-07-05,178.46981811523438,100.16836547851562,41.4156608581543,27.4100284576416,109.14717864990234,91.52360534667969,88.17545318603516,61.50767517089844,129.47000122070312,42.73686218261719
2016-07-06,179.540283203125,100.89563751220703,41.34000015258789,27.337364196777344,109.3234634399414,91.53974151611328,88.33255004882812,61.24017333984375,130.22999572753906,42.775577545166016
2016-07-07,179.4289093017578,101.10830688476562,41.17354965209961,27.264699935913086,109.31587982177734,91.4189682006836,88.34686279296875,60.60919189453125,129.74000549316406,42.69041061401367
2016-07-08,182.10069274902344,103.46478271484375,41.801513671875,27.854082107543945,110.12105560302734,91.59603118896484,88.83958435058594,61.58997344970703,130.52000427246094,43.11623764038086
2016-07-11,182.7429962158203,104.6607666015625,42.41435623168945,28.120508193969727,109.1547622680664,91.11311340332031,88.61109161376953,62.00149917602539,129.2899932861328,43.12397003173828
2016-07-12,184.0703125,106.06049346923828,42.989356994628906,28.5161190032959,107.36033630371094,90.57386779785156,88.11113739013672,61.99462127685547,127.1500015258789,42.891700744628906
2016-07-13,184.0445556640625,105.64411163330078,42.9439582824707,28.467674255371094,108.62568664550781,90.8072738647461,88.45392608642578,62.33753967285156,128.32000732421875,43.1317138671875
2016-07-14,185.07220458984375,105.75044250488281,43.314693450927734,28.87942886352539,107.04597473144531,90.428955078125,88.23971557617188,61.78200912475586,127.33000183105469,43.12397003173828
2016-07-15,184.8238525390625,106.04277038574219,43.095279693603516,28.814844131469727,106.12577819824219,90.08284759521484,87.9040756225586,61.80257797241211,126.83999633789062,43.12397003173828
2016-07-18,185.32058715820312,106.21996307373047,43.20120620727539,29.073205947875977,106.02605438232422,90.0586929321289,87.9040756225586,61.96721267700195,127.04000091552734,43.077518463134766
2016-07-19,185.1321258544922,105.68840789794922,42.86074447631836,28.774477005004883,106.62418365478516,90.3001937866211,88.0611801147461,62.26896286010742,127.20999908447266,43.046539306640625
2016-07-20,185.90286254882812,106.37939453125,43.24660873413086,28.919803619384766,106.04136657714844,90.11507415771484,88.03263092041016,62.27582931518555,125.38999938964844,42.891700744628906
2016-07-21,185.20066833496094,105.8744888305664,43.07258605957031,28.830991744995117,106.25609588623047,90.31627655029297,88.13258361816406,62.39927673339844,127.30000305175781,42.767826080322266
2016-07-22,186.03128051757812,106.66289520263672,43.15580368041992,29.040912628173828,106.4400634765625,90.2438735961914,88.0826187133789,62.94795227050781,126.3499984741211,42.96913146972656
2016-07-25,185.5260467529297,106.5034408569336,43.102848052978516,28.75025749206543,106.36345672607422,90.17137908935547,88.03263092041016,62.83135223388672,125.47000122070312,42.92267608642578
2016-07-26,185.61170959472656,107.01727294921875,43.284427642822266,28.976316452026367,106.53217315673828,90.22773742675781,87.94691467285156,62.522743225097656,126.0,42.589759826660156
2016-07-27,185.4147186279297,107.31848907470703,43.44330978393555,29.073205947875977,107.85884094238281,90.6141357421875,88.31114196777344,62.03577423095703,128.02999877929688,41.954898834228516
2016-07-28,185.62881469726562,107.04383850097656,43.397918701171875,29.08127212524414,107.65939331054688,90.66238403320312,88.22547149658203,62.611900329589844,127.66000366210938,42.14070129394531
2016-07-29,185.9285888671875,107.25646209716797,43.91239929199219,29.234668731689453,108.55667114257812,91.00849914550781,88.54678344726562,63.40749740600586,128.97999572753906,42.34974670410156
2016-08-01,185.7743377685547,107.34503173828125,43.62489318847656,29.178150177001953,107.37967681884766,90.6925277709961,88.0477066040039,63.54467010498047,129.22000122070312,42.396202087402344
2016-08-02,184.5841064453125,105.84786987304688,43.40548324584961,28.968242645263672,106.27337646484375,90.47490692138672,87.55367279052734,62.529579162597656,130.27000427246094,42.33428192138672
2016-08-03,185.1235809326172,106.70719146728516,43.25416564941406,29.06513023376465,106.33482360839844,90.5232162475586,87.66826629638672,62.16608428955078,129.64999389648438,42.101993560791016
2016-08-04,185.32058715820312,106.80462646484375,43.503841400146484,29.22660255432129,107.13386535644531,90.74093627929688,88.04055786132812,61.91230773925781,129.8699951171875,42.19491195678711
2016-08-05,186.83621215820312,108.34611511230469,43.70055389404297,29.565690994262695,106.01985931396484,90.1766586303711,87.68257141113281,61.953468322753906,127.55000305175781,42.264591217041016
2016-08-08,186.7248992919922,108.29298400878906,43.79134750366211,29.775611877441406,106.21968841552734,90.12832641601562,87.7398452758789,62.063194274902344,127.44000244140625,42.2181396484375
2016-08-09,186.83621215820312,108.40814971923828,44.13938522338867,29.977449417114258,107.26444244384766,90.4507064819336,88.25537872314453,62.39927673339844,127.95999908447266,42.34974670410156
2016-08-10,186.3738250732422,107.62854766845703,44.29069137573242,29.985523223876953,107.67931365966797,90.6925277709961,88.50597381591797,62.33068084716797,128.55999755859375,42.50458908081055
2016-08-11,187.23875427246094,108.14237976074219,44.608455657958984,30.373062133789062,106.71896362304688,90.25728607177734,88.21240234375,61.624267578125,127.66999816894531,42.50458908081055
2016-08-12,187.0760498046875,108.24868774414062,44.49497604370117,30.260026931762695,107.61780548095703,90.57965850830078,88.6133804321289,61.884891510009766,127.4000015258789,42.651702880859375
2016-08-15,187.61550903320312,109.32062530517578,44.66898727416992,30.57489585876465,106.60377502441406,90.31369018554688,88.34125518798828,61.823150634765625,127.83999633789062,42.543312072753906
2016-08-16,186.64784240722656,108.43473052978516,44.600894927978516,30.437650680541992,106.31952667236328,90.16058349609375,88.18383026123047,61.08243942260742,128.47000122070312,42.35749435424805
2016-08-17,186.99899291992188,108.11577606201172,44.58576583862305,30.24387550354004,106.9571304321289,90.3056640625,88.42723083496094,61.32933807373047,128.5,42.473628997802734
2016-08-18,187.4185333251953,108.91310119628906,44.812744140625,30.52645492553711,107.12614440917969,90.46685791015625,88.64204406738281,61.10299301147461,129.11000061035156,42.6207275390625
2016-08-19,187.14453125,108.91310119628906,44.47984313964844,30.356914520263672,106.56538391113281,90.16058349609375,88.37708282470703,60.71207046508789,127.97000122070312,42.520076751708984
2016-08-22,187.135986328125,109.16116333007812,44.52523422241211,29.953224182128906,107.46420288085938,90.362060546875,88.67781066894531,61.04128646850586,127.77999877929688,42.58201599121094
2016-08-23,187.5127410888672,109.92303466796875,44.714385986328125,29.832124710083008,107.57940673828125,90.35400390625,88.77804565429688,61.0755615234375,127.76000213623047,42.49685287475586
2016-08-24,186.55369567871094,109.02824401855469,44.608455657958984,29.91285514831543,107.3259506225586,90.32174682617188,88.72079467773438,60.80810546875,126.33999633789062,42.427181243896484
2016-08-25,186.42526245117188,109.24090576171875,44.4268798828125,29.937082290649414,106.91870880126953,90.1766586303711,88.6348648071289,61.08243942260742,126.2300033569336,42.264591217041016
2016-08-26,186.07412719726562,109.01940155029297,44.16206359863281,29.678722381591797,106.29644012451172,89.83010864257812,88.35562133789062,60.478878021240234,126.05000305175781,42.04780578613281
2016-08-29,186.99044799804688,109.58637237548828,44.29825210571289,29.9047908782959,107.71768951416016,90.20084381103516,88.8567886352539,61.0755615234375,126.30000305175781,42.295562744140625
2016-08-30,186.68212890625,109.79012298583984,44.237728118896484,29.82405662536621,107.30284881591797,90.19278717041016,88.74223327636719,60.958980560302734,125.02999877929688,42.04780578613281
2016-08-31,186.1511993408203,109.17002868652344,44.146934509277344,29.493032455444336,107.4565200805664,90.08800506591797,88.70645141601562,61.02071762084961,124.77999877929688,42.101993560791016
2016-09-01,186.1597442626953,109.249755859375,44.4495735168457,29.719091415405273,107.57504272460938,90.22925567626953,88.70645904541016,60.86980438232422,125.29000091552734,42.117488861083984
2016-09-02,186.99899291992188,110.30396270751953,44.96405792236328,30.203519821166992,106.69766235351562,89.99520111083984,88.54852294921875,61.397953033447266,126.56999969482422,42.442665100097656
2016-09-06,187.56411743164062,110.4102554321289,45.266693115234375,30.84939193725586,107.47502899169922,90.41493225097656,88.85719299316406,61.87116241455078,128.7100067138672,42.53556823730469
2016-09-07,187.5469970703125,111.10127258300781,45.289390563964844,30.75252914428711,107.39800262451172,90.46333312988281,88.73518371582031,62.24150848388672,128.27000427246094,42.163936614990234
2016-09-08,187.1188507080078,110.87979888916016,45.160770416259766,30.671785354614258,106.05109405517578,90.0194091796875,88.11064147949219,61.480247497558594,127.58999633789062,41.93167495727539
2016-09-09,182.6401824951172,107.41592407226562,44.28313064575195,29.638355255126953,104.3039779663086,89.59166717529297,87.45021057128906,59.04543685913086,126.75,40.7935791015625
2016-09-12,185.26060485839844,108.91310119628906,44.64628982543945,29.840198516845703,104.35787200927734,89.6723403930664,87.45734405517578,59.745018005371094,126.58999633789062,41.5600471496582
2016-09-13,182.59738159179688,106.8223648071289,43.745948791503906,29.0893497467041,103.17255401611328,89.34143829345703,87.17027282714844,58.245033264160156,125.75,41.0490608215332
2016-09-14,182.52886962890625,106.84010314941406,43.685420989990234,29.178150177001953,103.32653045654297,89.54315948486328,87.2276840209961,58.431495666503906,126.18000030517578,40.92518997192383
2016-09-15,184.35287475585938,108.11577606201172,44.063716888427734,29.678722381591797,102.88015747070312,89.5674057006836,87.28507995605469,58.652496337890625,125.37000274658203,41.258113861083984
2016-09-16,183.64022827148438,107.95631408691406,43.49627685546875,29.476879119873047,103.71139526367188,89.66423797607422,87.38565826416016,58.680118560791016,125.05999755859375,41.12411880493164
2016-09-19,183.67465209960938,108.67391967773438,43.72325897216797,29.711013793945312,103.3727035522461,89.5109634399414,87.35686492919922,59.21187210083008,125.31999969482422,41.03843688964844
2016-09-20,183.68324279785156,108.2132568359375,43.98806381225586,29.7271671295166,103.73445129394531,89.64813232421875,87.47172546386719,59.12209701538086,125.44000244140625,41.14748001098633
2016-09-21,185.74888610839844,109.78128814697266,44.7597770690918,30.558752059936523,104.5733642578125,89.79339599609375,87.91682434082031,59.88176727294922,127.2699966430664,41.3734130859375
2016-09-22,186.9193572998047,111.35819244384766,45.21372985839844,30.7767391204834,105.40460205078125,90.05977630615234,88.2757568359375,60.952178955078125,127.56999969482422,41.739540100097656
2016-09-23,185.8952178955078,110.56974792480469,44.83543014526367,30.381128311157227,105.30457305908203,90.10013580322266,88.21110534667969,61.13864517211914,127.6500015258789,41.552574157714844
2016-09-26,184.38902282714844,109.47172546386719,44.419315338134766,29.937082290649414,105.97415924072266,90.3584213256836,88.34752655029297,61.28369140625,127.55000305175781,41.202030181884766
2016-09-27,185.53370666503906,109.91590881347656,44.63115692138672,30.3649845123291,106.75153350830078,90.51181030273438,88.56285858154297,60.634490966796875,126.62000274658203,41.3734130859375
2016-09-28,186.45460510253906,110.75985717773438,44.94892501831055,30.63949203491211,106.5206069946289,90.47140502929688,88.62030029296875,61.13173294067383,126.22000122070312,41.443504333496094
2016-09-29,184.7677459716797,109.14305114746094,44.3890495300293,30.106632232666016,106.78998565673828,90.52791595458984,88.58441162109375,60.31682586669922,126.06999969482422,41.03843688964844
2016-09-30,186.1619873046875,110.34231567382812,44.73707580566406,30.23580551147461,105.83560943603516,90.30188751220703,88.42649841308594,59.90247344970703,125.63999938964844,41.45131301879883
2016-10-03,185.7144317626953,109.99586486816406,44.61603546142578,30.445722579956055,105.4863052368164,90.09174346923828,88.17598724365234,58.783714294433594,125.31999969482422,41.18642807006836
2016-10-04,184.7677459716797,109.45396423339844,44.608455657958984,30.106632232666016,104.25269317626953,89.6795654296875,87.76578521728516,57.98262405395508,120.97000122070312,40.83588409423828
2016-10-05,185.58534240722656,110.111328125,44.7900390625,30.542612075805664,103.76690673828125,89.47755432128906,87.67220306396484,56.80859375,120.77999877929688,40.796932220458984
2016-10-06,185.7144317626953,109.99586486816406,44.547935485839844,30.566823959350586,103.1885757446289,89.29165649414062,87.67937469482422,56.829322814941406,119.66000366210938,40.87482833862305
2016-10-07,185.0775604248047,109.11640930175781,44.320960998535156,30.42957305908203,103.25802612304688,89.42095947265625,87.88809967041016,56.73262405395508,119.73999786376953,40.76576614379883
2016-10-10,186.04151916503906,110.42228698730469,44.4495735168457,30.760591506958008,102.64889526367188,89.18659210205078,87.88809967041016,57.08481979370117,120.16000366210938,40.76576614379883
2016-10-11,183.69187927246094,108.40570831298828,43.82160949707031,30.05010986328125,102.41755676269531,89.16232299804688,87.61461639404297,56.532344818115234,119.55000305175781,40.55543518066406
2016-10-12,183.93289184570312,108.31686401367188,43.72325897216797,29.993600845336914,102.51787567138672,89.16232299804688,87.7297592163086,57.18151092529297,119.73999786376953,40.781333923339844
2016-10-13,183.3303680419922,107.41964721679688,43.55680465698242,29.7271671295166,102.90332794189453,89.34822082519531,87.9456787109375,57.630409240722656,120.02999877929688,40.78913879394531
2016-10-14,183.42507934570312,106.98436737060547,43.63246154785156,29.775611877441406,101.46147155761719,89.07341003417969,87.53547668457031,57.374881744384766,119.36000061035156,40.796932220458984
2016-10-17,182.78819274902344,106.8599624633789,43.503841400146484,29.74331283569336,102.10916900634766,89.26739501953125,87.82333374023438,57.49919891357422,119.68000030517578,40.60218811035156
2016-10-18,183.93289184570312,107.47293853759766,43.93510055541992,30.268102645874023,102.44076538085938,89.4452133178711,88.03926086425781,57.8652229309082,120.41999816894531,40.72682189941406
2016-10-19,184.42344665527344,107.92599487304688,44.056148529052734,30.453798294067383,102.52550506591797,89.48561096191406,88.15440368652344,57.98952865600586,121.11000061035156,40.493106842041016
2016-10-20,184.07920837402344,107.60618591308594,44.124244689941406,30.3649845123291,102.63346099853516,89.40480041503906,88.12564849853516,57.85830307006836,120.73999786376953,40.46973419189453
2016-10-21,184.16522216796875,107.55288696289062,44.02589416503906,30.356914520263672,102.78767395019531,89.50182342529297,88.17598724365234,57.64422607421875,120.83000183105469,40.687870025634766
2016-10-24,184.9484405517578,108.23692321777344,44.01832580566406,30.486083984375,102.34042358398438,89.38052368164062,87.92411804199219,57.775447845458984,120.55999755859375,40.952728271484375
2016-10-25,184.3288116455078,107.42852783203125,43.98806381225586,30.51837730407715,102.61035919189453,89.36441040039062,87.85935974121094,57.67184066772461,121.47000122070312,41.100738525390625
2016-10-26,183.95867919921875,106.36251068115234,43.79134750366211,30.195446014404297,101.9163818359375,89.17041778564453,87.49224090576172,56.91907501220703,120.79000091552734,41.046207427978516
2016-10-27,183.46810913085938,105.14544677734375,43.73837661743164,29.937082290649414,100.80606079101562,88.86328887939453,87.0964126586914,55.42739486694336,121.01000213623047,40.8592414855957
2016-10-28,182.92588806152344,104.8523178100586,43.72325897216797,29.81597900390625,100.58250427246094,88.87946319580078,86.99564361572266,55.55860900878906,121.58000183105469,41.0306282043457
2016-10-31,182.93450927734375,105.26980590820312,43.745948791503906,29.985523223876953,101.1993408203125,88.95220184326172,87.07481384277344,56.46329879760742,121.94000244140625,41.131900787353516
2016-11-01,181.60903930664062,103.98171997070312,43.55680465698242,29.74331283569336,101.20704650878906,88.9554214477539,86.96515655517578,55.23402786254883,122.7300033569336,40.952728271484375
2016-11-02,180.51605224609375,102.65809631347656,43.26173400878906,29.38807487487793,101.6473617553711,89.22252655029297,87.09500885009766,54.426025390625,123.63999938964844,40.85145568847656
2016-11-03,179.68978881835938,102.16059875488281,43.216346740722656,29.30733871459961,100.86712646484375,89.1658935546875,86.92182159423828,54.004756927490234,124.30000305175781,40.57101058959961
2016-11-04,179.4918212890625,102.8179702758789,42.800209045410156,29.008609771728516,101.7710189819336,89.4410400390625,87.18162536621094,54.43294906616211,124.38999938964844,40.20487976074219
2016-11-07,183.45086669921875,105.33200073242188,43.390350341796875,30.058185577392578,100.9057846069336,89.06873321533203,87.1238784790039,55.38595199584961,122.1500015258789,40.88261795043945
2016-11-08,184.2771453857422,105.6073989868164,43.511409759521484,30.251953125,100.49636840820312,88.75312042236328,86.9290542602539,55.67601776123047,121.63999938964844,41.05399703979492
2016-11-09,186.23081970214844,108.85875701904297,43.54923629760742,29.266971588134766,96.23204803466797,87.40150451660156,85.65171813964844,54.833473205566406,121.55999755859375,40.493106842041016
2016-11-10,186.69561767578125,110.59993743896484,43.428184509277344,28.435382843017578,94.81065368652344,86.87538146972656,85.57958984375,53.91498947143555,119.75,39.41027069091797
2016-11-11,186.26527404785156,113.1406478881836,43.16338348388672,27.894451141357422,94.27761840820312,86.69734954833984,85.21154022216797,54.239566802978516,117.0999984741211,39.371334075927734
2016-11-14,186.4115447998047,114.73079681396484,42.92884063720703,27.692609786987305,93.71366119384766,86.19552612304688,84.7713394165039,55.524085998535156,116.11000061035156,39.30122756958008
2016-11-15,187.86610412597656,115.08611297607422,43.11798858642578,28.249696731567383,94.17717742919922,86.19552612304688,85.0311279296875,55.0614013671875,117.12000274658203,39.542720794677734
2016-11-16,187.5132598876953,115.07726287841797,42.66402816772461,28.01555061340332,95.02696990966797,86.2764892578125,85.1538314819336,54.90254211425781,116.7699966430664,39.550514221191406
2016-11-17,188.4772186279297,115.75240325927734,42.989356994628906,28.05592155456543,93.628662109375,85.8961181640625,84.6125717163086,54.343170166015625,116.16999816894531,39.48040008544922
2016-11-18,188.05543518066406,116.36534881591797,42.5202751159668,27.926742553710938,93.3582763671875,85.51569366455078,84.13628387451172,54.501991271972656,115.1500015258789,39.34017562866211
2016-11-21,189.4755401611328,116.90725708007812,42.8834342956543,28.20124626159668,93.5900650024414,85.58853149414062,84.222900390625,54.336246490478516,115.58000183105469,39.605037689208984
2016-11-22,189.84564208984375,117.97325134277344,42.989356994628906,28.629150390625,93.55914306640625,85.6694564819336,84.43936157226562,55.28928756713867,115.54000091552734,39.80756759643555
2016-11-23,189.948974609375,118.71063232421875,42.838043212890625,28.32236099243164,93.19612121582031,85.36192321777344,84.12907409667969,55.05447006225586,113.25,39.58946228027344
2016-11-25,190.65463256835938,119.10148620605469,42.9666633605957,28.4596004486084,93.33517456054688,85.2890625,84.13628387451172,55.372169494628906,112.61000061035156,39.901058197021484
2016-11-28,189.7595977783203,117.55574035644531,42.739688873291016,28.572641372680664,94.022705078125,85.67754364013672,84.51875305175781,55.6276741027832,113.80000305175781,39.986759185791016
2016-11-29,190.12969970703125,117.49357604980469,43.01205825805664,28.612998962402344,94.4166488647461,85.76663208007812,84.63423156738281,56.1594352722168,113.2699966430664,40.041290283203125
2016-11-30,189.6735382080078,116.9161376953125,42.9666633605957,28.66144371032715,92.88709259033203,85.19197082519531,84.31665802001953,55.51715850830078,111.75,39.402503967285156
2016-12-01,188.97634887695312,116.34760284423828,42.800209045410156,28.32236099243164,91.9063491821289,84.86695098876953,83.84417724609375,54.70227813720703,111.54000091552734,39.14541244506836
2016-12-02,189.07102966308594,116.28541564941406,42.90613555908203,28.354646682739258,92.57977294921875,85.24790954589844,84.22771453857422,55.24785232543945,112.13999938964844,39.39470291137695
2016-12-05,190.20713806152344,118.2842025756836,43.3298225402832,28.58878517150879,92.47915649414062,85.21546173095703,84.4085922241211,55.6552848815918,111.54000091552734,39.44144058227539
2016-12-06,190.80955505371094,119.56339263916016,43.62489318847656,28.74217414855957,92.4094467163086,85.24790954589844,84.40135955810547,56.014404296875,111.43000030517578,39.55829620361328
2016-12-07,193.30552673339844,120.72712707519531,44.27555847167969,29.22660255432129,93.19904327392578,85.53156280517578,84.75591278076172,57.133182525634766,111.83000183105469,40.12696838378906
2016-12-08,193.77886962890625,122.62825012207031,44.237728118896484,29.355785369873047,92.099853515625,85.2073745727539,84.4085922241211,57.52680587768555,111.56999969482422,39.96337890625
2016-12-09,194.94937133789062,122.86810302734375,44.4268798828125,29.202373504638672,90.9542465209961,84.76972198486328,84.08294677734375,57.46465301513672,110.4000015258789,40.53986358642578
2016-12-12,194.72560119628906,121.57112121582031,44.230159759521484,29.008609771728516,91.12448120117188,84.78592681884766,84.0033950805664,57.844486236572266,110.81999969482422,40.70344543457031
2016-12-13,196.0252227783203,121.58000946044922,44.70682144165039,29.33155632019043,91.44962310791016,84.83452606201172,84.19151306152344,57.81687545776367,110.44999694824219,40.89041519165039
2016-12-14,194.40721130371094,120.06089782714844,44.048587799072266,28.4596004486084,90.4278335571289,84.12940216064453,83.65605163574219,56.55305862426758,108.83000183105469,40.44636535644531
2016-12-15,195.2075958251953,120.9581298828125,43.950225830078125,28.50804901123047,90.88456726074219,83.89434051513672,83.71394348144531,56.22157669067383,107.33999633789062,40.61775588989258
2016-12-16,194.8258056640625,120.73605346679688,43.980491638183594,28.37886619567871,90.67557525634766,83.99972534179688,83.6487808227539,57.06410217285156,108.05000305175781,40.85006332397461
2016-12-19,195.25001525878906,121.52667236328125,43.91239929199219,28.185094833374023,91.65087890625,84.38875579833984,84.05402374267578,57.678741455078125,108.58999633789062,40.928550720214844
2016-12-20,196.00323486328125,122.55719757080078,44.063716888427734,28.2819766998291,91.19417572021484,84.21044921875,84.0033950805664,57.809974670410156,107.79000091552734,40.85006332397461
2016-12-21,195.4578399658203,121.75767517089844,44.07594299316406,28.164392471313477,91.59671020507812,84.34823608398438,84.2711181640625,56.93290328979492,107.8499984741211,40.84220886230469
2016-12-22,195.1201629638672,120.70777130126953,43.97658157348633,27.829593658447266,91.43292999267578,84.31169891357422,84.27691650390625,56.83771896362305,107.58999633789062,40.779422760009766
2016-12-23,195.4058380126953,121.35003662109375,44.09123611450195,27.99290657043457,91.61923217773438,84.39290618896484,84.407470703125,56.98578643798828,107.93000030517578,40.85791778564453
2016-12-27,195.8906707763672,121.89411163330078,44.037723541259766,28.115398406982422,91.32427978515625,84.27110290527344,84.25515747070312,57.105655670166016,108.55999755859375,40.85006332397461
2016-12-28,194.2716827392578,120.64532470703125,43.869564056396484,28.327716827392578,91.99172973632812,84.57960510253906,84.56712341308594,56.7601432800293,108.86000061035156,40.59892272949219
2016-12-29,194.22842407226562,120.7523422241211,43.97658157348633,28.793169021606445,92.31769561767578,84.83936309814453,84.8936538696289,57.465232849121094,110.29000091552734,40.78728485107422
2016-12-30,193.5185546875,120.28852844238281,44.12945556640625,28.589021682739258,92.45738220214844,85.09103393554688,85.0242691040039,58.19148254394531,109.61000061035156,40.583221435546875
2017-01-03,194.99899291992188,120.88614654541016,44.40464401245117,28.931997299194336,92.85322570800781,85.0504379272461,85.0968246459961,58.38187026977539,110.47000122070312,40.73234176635742
2017-01-04,196.15902709960938,122.90215301513672,44.90915298461914,29.152481079101562,93.2102279663086,85.14783477783203,85.38705444335938,59.235042572021484,110.86000061035156,40.73234176635742
2017-01-05,196.00323486328125,121.48384094238281,45.29136276245117,29.470943450927734,94.66929626464844,85.6998062133789,85.84415435791016,59.42540740966797,112.58000183105469,40.86576461791992
2017-01-06,196.7044677734375,121.03783416748047,45.13846969604492,29.34845542907715,93.80005645751953,85.31018829345703,85.39437103271484,59.43246841430664,111.75,40.904991149902344
2017-01-09,196.05517578125,120.2439193725586,45.069679260253906,29.323959350585938,94.55292510986328,85.6348876953125,85.56119537353516,58.89657211303711,112.66999816894531,40.57537841796875
2017-01-10,196.05517578125,121.39461517333984,45.07733154296875,29.495445251464844,94.49077606201172,85.59430694580078,85.51041412353516,58.39596176147461,113.1500015258789,40.371334075927734
2017-01-11,196.6092071533203,121.60871887207031,45.31429672241211,29.846582412719727,94.80897521972656,85.69175720214844,85.6410140991211,58.036376953125,113.5,40.449806213378906
2017-01-12,196.1157684326172,120.67208099365234,45.383094787597656,29.97723388671875,94.59943389892578,85.74044036865234,85.6337661743164,58.332515716552734,113.91000366210938,40.41056823730469
2017-01-13,196.56591796875,121.5462417602539,45.55126190185547,29.952741622924805,94.14930725097656,85.55377197265625,85.4596176147461,58.247901916503906,114.20999908447266,40.434104919433594
2017-01-17,195.8733367919922,119.89604949951172,45.383094787597656,29.9364013671875,95.1349868774414,85.98397064208984,85.82966613769531,58.69915008544922,115.8499984741211,41.00702667236328
2017-01-18,196.3062286376953,120.28852844238281,45.253135681152344,29.773090362548828,93.91647338867188,85.37516021728516,85.26367950439453,58.79786682128906,114.87000274658203,41.14829635620117
2017-01-19,195.57901000976562,119.30730438232422,45.13846969604492,29.683258056640625,93.2723388671875,85.0504379272461,84.97345733642578,58.19853591918945,114.7699966430664,40.999183654785156
2017-01-20,196.29757690429688,119.92279052734375,45.398372650146484,29.740428924560547,93.0860824584961,85.09103393554688,85.12586212158203,58.62160110473633,115.05000305175781,41.26602554321289
2017-01-23,195.78680419921875,119.42325592041016,45.513038635253906,30.181385040283203,94.01736450195312,85.53750610351562,85.51764678955078,59.115177154541016,115.79000091552734,41.25031280517578
2017-01-24,197.04209899902344,121.25190734863281,45.62770080566406,30.36920166015625,93.3731689453125,85.21278381347656,85.26367950439453,59.1292724609375,115.2699966430664,41.52499771118164
2017-01-25,198.7476043701172,122.39366912841797,46.10163879394531,30.70400619506836,92.20128631591797,84.7906265258789,84.93718719482422,58.74148178100586,114.31999969482422,41.51716232299805
2017-01-26,198.53977966308594,121.90306091308594,45.918174743652344,30.57335090637207,92.51172637939453,84.904296875,85.03874969482422,58.6286506652832,113.26000213623047,41.33665084838867
2017-01-27,198.22813415527344,121.48384094238281,45.84173583984375,30.59785270690918,92.84542846679688,85.00984954833984,85.1403579711914,58.057525634765625,113.48999786376953,41.10905075073242
2017-01-30,196.99880981445312,119.78898620605469,45.513038635253906,30.434534072875977,92.56605529785156,84.98548889160156,84.99523162841797,57.66268539428711,113.97000122070312,41.077667236328125
2017-01-31,196.98147583007812,120.62745666503906,45.58183288574219,30.491689682006836,93.2102279663086,85.2777099609375,85.14762115478516,58.07866668701172,115.55000305175781,41.273868560791016
2017-02-01,197.05938720703125,120.55610656738281,45.76530075073242,30.50802230834961,92.63387298583984,85.11430358886719,85.0428695678711,57.38063049316406,115.19999694824219,40.952083587646484
2017-02-02,197.1892852783203,120.25281524658203,45.788230895996094,30.638683319091797,92.59500885009766,85.14681243896484,85.06466674804688,58.0645751953125,115.83999633789062,41.32879638671875
2017-02-03,198.54847717285156,122.09036254882812,45.9716796875,30.826492309570312,92.55609130859375,85.21187591552734,85.15924835205078,58.38187026977539,116.12999725341797,41.59564208984375
2017-02-06,198.19354248046875,121.17159271240234,45.64298629760742,30.753005981445312,93.11611938476562,85.61837768554688,85.42847442626953,58.28315353393555,117.69999694824219,41.368045806884766
2017-02-07,198.20217895507812,120.63642120361328,45.59712600708008,30.59785270690918,93.8005599975586,85.7728500366211,85.57394409179688,58.07866668701172,117.45999908447266,41.70552062988281
2017-02-08,198.46188354492188,120.42227172851562,45.67356872558594,30.785673141479492,95.0761489868164,86.12245178222656,85.87223052978516,58.5369758605957,118.19000244140625,41.878196716308594
2017-02-09,199.6392822265625,122.11715698242188,45.86466979980469,30.92448616027832,93.97942352294922,85.61026000976562,85.53031921386719,58.67802429199219,117.29000091552734,42.05084228515625
2017-02-10,200.42710876464844,123.04483032226562,45.9716796875,31.210294723510742,93.9250259399414,85.55335998535156,85.50847625732422,59.094024658203125,117.5999984741211,42.08223342895508
2017-02-13,201.51797485351562,123.36595916748047,46.15514373779297,31.30829620361328,93.62944030761719,85.42325592041016,85.47211456298828,59.115177154541016,116.80000305175781,42.08223342895508
2017-02-14,202.32308959960938,123.77630615234375,46.08635711669922,31.34096336364746,92.95277404785156,85.11430358886719,85.2684097290039,58.8049201965332,116.93000030517578,42.09008026123047
2017-02-15,203.37930297851562,124.5167236328125,46.26216125488281,31.594097137451172,92.5250244140625,84.95171356201172,85.20289611816406,58.607505798339844,117.44999694824219,42.474647521972656
2017-02-16,203.20616149902344,124.16879272460938,46.36919021606445,31.479778289794922,93.03054809570312,85.29322052001953,85.44298553466797,58.95298385620117,118.08000183105469,42.52958297729492
2017-02-17,203.52647399902344,124.08846282958984,46.24687576293945,31.349117279052734,93.58277893066406,85.52082824707031,85.6612777709961,59.0658073425293,117.68000030517578,42.741477966308594
2017-02-21,204.73849487304688,125.0608139038086,46.39976501464844,31.69209098815918,93.41944885253906,85.48014831542969,85.6976089477539,59.82025146484375,117.75,43.12604904174805
2017-02-22,204.55665588378906,124.50779724121094,46.39976501464844,31.79007339477539,93.57501220703125,85.61837768554688,85.76313018798828,59.622825622558594,117.91000366210938,43.13388442993164
2017-02-23,204.6951904296875,123.76740264892578,46.4991340637207,31.798246383666992,93.85501861572266,85.84603881835938,85.98136901855469,59.933067321777344,118.94000244140625,43.23593521118164
2017-02-24,204.9549560546875,123.67816925048828,46.16279602050781,31.422605514526367,94.897216796875,86.24441528320312,86.41790008544922,60.21513366699219,119.69999694824219,43.38503646850586
2017-02-27,205.27525329589844,124.88241577148438,46.193363189697266,31.324617385864258,94.3372573852539,85.93547821044922,86.2142105102539,60.532405853271484,119.12000274658203,43.188838958740234
2017-02-28,204.72119140625,122.95561981201172,46.12456512451172,31.022489547729492,94.687255859375,85.89479064941406,86.27239990234375,60.11640548706055,119.2300033569336,43.243770599365234
2017-03-01,207.58677673339844,125.20353698730469,46.60615539550781,31.504270553588867,93.1005859375,85.29645538330078,85.76246643066406,59.933067321777344,119.05999755859375,43.44783020019531
2017-03-02,206.27955627441406,123.76740264892578,46.30038833618164,30.948984146118164,92.76551818847656,85.05218505859375,85.63114929199219,59.608734130859375,117.58000183105469,43.439971923828125
2017-03-03,206.4093780517578,123.67816925048828,46.5755729675293,31.185802459716797,93.007080078125,85.13357543945312,85.71869659423828,59.376041412353516,117.51000213623047,43.275169372558594
2017-03-06,205.79476928710938,122.83074951171875,46.430328369140625,31.20212173461914,92.56297302246094,85.11731719970703,85.56549835205078,59.10812759399414,116.72000122070312,43.086814880371094
2017-03-07,205.18003845214844,122.02793884277344,46.269805908203125,31.234792709350586,92.28237915039062,84.99520874023438,85.14239501953125,58.826072692871094,115.77999877929688,43.03187561035156
2017-03-08,204.79910278320312,121.22509002685547,46.10163879394531,30.940820693969727,91.78365325927734,84.71027374267578,84.87976837158203,57.740238189697266,115.05999755859375,42.93769454956055
2017-03-09,205.0587921142578,120.74344635009766,46.2774543762207,30.69584083557129,91.05110168457031,84.47415161132812,84.42015838623047,56.87296676635742,114.47000122070312,43.00832748413086
2017-03-10,205.77740478515625,121.27865600585938,46.66730499267578,31.0388126373291,91.37064361572266,84.65325164794922,84.63169860839844,56.696693420410156,114.72000122070312,43.20452880859375
2017-03-13,205.8813018798828,121.5640640258789,46.91191482543945,31.47161293029785,90.79393768310547,84.44160461425781,84.34721374511719,56.83771896362305,114.73999786376953,43.23593521118164
2017-03-14,205.09344482421875,120.98429107666016,46.55263900756836,31.291954040527344,91.23033905029297,84.53113555908203,84.42015838623047,56.8236083984375,114.12000274658203,43.1103630065918
2017-03-15,206.8681640625,122.85750579833984,47.21767807006836,32.10854721069336,92.34471893310547,85.27197265625,85.14968872070312,57.972938537597656,116.25,43.43214797973633
2017-03-16,206.46133422851562,123.01812744140625,47.446998596191406,32.30453109741211,91.87712097167969,85.03585815429688,85.0256118774414,57.860103607177734,116.7300033569336,43.49491500854492
2017-03-17,206.0987091064453,123.50867462158203,47.56930923461914,32.24737548828125,92.45381927490234,85.26384735107422,85.22261047363281,58.12804412841797,116.98999786376953,43.37657928466797
2017-03-20,205.8726806640625,122.97351837158203,47.46992111206055,32.623016357421875,92.85124969482422,85.46739959716797,85.4195785522461,58.07866668701172,117.51000213623047,43.463356018066406
2017-03-21,203.22930908203125,119.50355529785156,47.25590133666992,32.263702392578125,93.62274169921875,85.75230407714844,85.63114929199219,57.82484817504883,118.54000091552734,43.423912048339844
2017-03-22,203.7075958251953,119.5302734375,47.26354217529297,32.418861389160156,93.99678802490234,85.91516876220703,85.8499984741211,57.79288864135742,118.83000183105469,43.33714294433594
2017-03-23,203.490234375,120.22606658935547,47.37055969238281,32.42702102661133,93.86430358886719,85.8255844116211,85.79163360595703,58.21902847290039,118.66999816894531,43.2424430847168
2017-03-24,203.3424072265625,120.31283569335938,47.50050735473633,32.5086784362793,94.19940948486328,85.87448120117188,85.87921905517578,58.15511703491211,118.86000061035156,43.155677795410156
2017-03-27,203.13372802734375,120.53652954101562,47.62281799316406,32.418861389160156,94.62799835205078,86.08614349365234,86.06153869628906,57.62953186035156,119.52999877929688,43.11622619628906
2017-03-28,204.61187744140625,121.47577667236328,47.85213851928711,32.5086784362793,93.99678802490234,85.79302978515625,85.87921905517578,57.87810516357422,119.04000091552734,43.19511795043945
2017-03-29,204.80316162109375,121.86943054199219,47.85213851928711,32.56584167480469,94.55786895751953,86.03731536865234,86.15640258789062,58.204833984375,119.33000183105469,43.27400588989258
2017-03-30,205.45530700683594,122.79084014892578,47.68396759033203,32.39435577392578,93.79417419433594,85.79302978515625,85.93022918701172,58.311363220214844,118.47000122070312,43.18723678588867
2017-03-31,204.97703552246094,122.98765563964844,47.615177154541016,32.165714263916016,94.06690216064453,85.96399688720703,86.01776123046875,58.659393310546875,118.72000122070312,43.060997009277344
2017-04-03,204.62057495117188,121.69050598144531,47.5463752746582,32.34535598754883,95.01575469970703,86.38712310791016,86.40400695800781,58.82984924316406,119.3499984741211,42.989994049072266
2017-04-04,204.75099182128906,121.54736328125,47.531097412109375,32.361698150634766,94.50032806396484,86.2648696899414,86.17724609375,58.82984924316406,119.62000274658203,43.11622619628906
2017-04-05,204.14236450195312,120.16973876953125,47.278831481933594,32.263702392578125,94.78926849365234,86.42794799804688,86.28699493408203,58.91508102416992,119.62000274658203,43.03732681274414
2017-04-06,204.71621704101562,121.28799438476562,47.286476135253906,32.20654296875,94.6487045288086,86.37086486816406,86.36741638183594,59.22758102416992,119.18000030517578,43.03732681274414
2017-04-07,204.50753784179688,121.23426055908203,47.25590133666992,32.14938735961914,94.26604461669922,86.10995483398438,86.15533447265625,59.312835693359375,119.45999908447266,43.155677795410156
2017-04-10,204.62924194335938,121.50265502929688,47.202388763427734,32.01873016357422,94.70335388183594,86.2648696899414,86.31623840332031,59.68213653564453,119.45999908447266,43.28190612792969
2017-04-11,204.38583374023438,122.46878814697266,47.424072265625,31.945232391357422,95.60143280029297,86.6644287109375,86.71857452392578,60.094078063964844,121.19000244140625,43.29768371582031
2017-04-12,203.490234375,120.80487823486328,47.3858528137207,32.10038757324219,96.12470245361328,86.93348693847656,87.00386047363281,59.987518310546875,122.0199966430664,43.463356018066406
2017-04-13,202.16859436035156,119.62403869628906,47.08008575439453,31.961570739746094,96.42143249511719,87.19437408447266,87.15017700195312,59.85261154174805,122.5999984741211,43.266117095947266
2017-04-17,203.95970153808594,121.02851104736328,47.37055969238281,32.29636764526367,96.12470245361328,87.05575561523438,86.98184204101562,60.577049255371094,122.23999786376953,43.573814392089844
2017-04-18,203.35110473632812,121.05535888671875,47.156517028808594,31.88806915283203,97.3819808959961,87.55313110351562,87.49392700195312,60.74040603637695,122.81999969482422,43.771053314208984
2017-04-19,202.97720336914062,121.47577667236328,46.965423583984375,31.69209098815918,96.85095977783203,87.3248519897461,87.23065185546875,60.65520095825195,121.7300033569336,43.60537338256836
2017-04-20,204.62924194335938,123.0234603881836,47.33998489379883,32.084049224853516,96.47608184814453,87.1291275024414,87.10626220703125,60.662296295166016,121.95999908447266,43.51858139038086
2017-04-21,203.9771270751953,122.7461166381836,47.37055969238281,32.084049224853516,96.47608184814453,87.169921875,87.10626220703125,60.44210433959961,122.30999755859375,43.39236068725586
2017-04-24,206.22047424316406,124.27580261230469,48.570682525634766,32.541343688964844,95.9997329711914,86.99048614501953,86.98924255371094,59.774478912353516,121.4800033569336,43.78683853149414
2017-04-25,207.4203643798828,125.48356628417969,48.914669036865234,32.827152252197266,94.84393310546875,86.5420913696289,86.64543151855469,60.0230598449707,120.25,43.96039962768555
2017-04-26,207.28993225097656,126.127685546875,48.7770881652832,32.70466613769531,95.36720275878906,86.77041625976562,86.85758972167969,59.57560729980469,120.83999633789062,43.60537338256836
2017-04-27,207.4638671875,126.0918960571289,48.82294464111328,32.66383743286133,95.33598327636719,86.8274917602539,86.93801879882812,59.41936492919922,120.38999938964844,43.55014419555664
2017-04-28,207.01165771484375,124.40111541748047,48.769432067871094,32.712825775146484,95.54680633544922,86.91716766357422,87.04041290283203,58.801448822021484,120.7699966430664,43.534358978271484
2017-05-01,207.53338623046875,125.11677551269531,48.96817398071289,32.90065383911133,94.75250244140625,86.72931671142578,86.77051544189453,59.149444580078125,119.66999816894531,43.368675231933594
2017-05-02,207.61166381835938,124.48162841796875,49.220436096191406,33.13745880126953,95.2376708984375,86.90898895263672,87.0272216796875,59.050018310546875,119.6500015258789,43.076778411865234
2017-05-03,207.35952758789062,123.71226501464844,49.121070861816406,32.91698455810547,95.30026245117188,86.72931671142578,86.98324584960938,58.26164245605469,117.9800033569336,43.11622619628906
2017-05-04,207.60301208496094,123.54231262207031,49.58735275268555,32.54951477050781,94.83074188232422,86.53337097167969,86.81452178955078,57.977542877197266,116.79000091552734,43.44757843017578
2017-05-05,208.42030334472656,124.33847045898438,50.137725830078125,32.81898880004883,94.91680145263672,86.54969787597656,86.84384155273438,58.52443313598633,117.01000213623047,43.5659294128418
2017-05-08,208.38552856445312,123.81957244873047,49.76315689086914,32.810813903808594,94.40029907226562,86.33737182617188,86.6898193359375,58.11250305175781,116.75,43.55014419555664
2017-05-09,208.19427490234375,123.76595306396484,49.640865325927734,33.2272834777832,94.39253234863281,86.2394027709961,86.70447540283203,57.799964904785156,116.05000305175781,43.39236068725586
2017-05-10,208.56814575195312,124.5353012084961,49.71730041503906,33.44776916503906,94.28297424316406,86.20674896240234,86.82182312011719,58.25452423095703,116.04000091552734,43.423912048339844
2017-05-11,208.14205932617188,123.66753387451172,49.59499740600586,33.52125930786133,94.28297424316406,86.27207946777344,86.86589050292969,57.96334457397461,116.5,43.48702621459961
2017-05-12,207.7942352294922,123.01448822021484,49.87017822265625,33.66008377075195,94.99508666992188,86.7130126953125,87.3059310913086,57.72896957397461,116.83000183105469,43.36079788208008
2017-05-15,208.9420166015625,123.9716567993164,50.122432708740234,34.003055572509766,94.73683166503906,86.65585327148438,87.29859924316406,57.89942169189453,117.13999938964844,43.502803802490234
2017-05-16,208.75070190429688,124.01639556884766,50.44349670410156,34.03572463989258,95.0889892578125,86.7701416015625,87.42332458496094,57.50878143310547,117.6500015258789,43.463356018066406
2017-05-17,205.0465850830078,120.67069244384766,49.87017822265625,33.4559326171875,96.4741439819336,87.46427917480469,87.95873260498047,57.7431640625,119.79000091552734,43.400245666503906
2017-05-18,205.8726806640625,121.10901641845703,49.954261779785156,32.90065383911133,96.58370208740234,87.4398193359375,87.94410705566406,58.06276321411133,118.80999755859375,43.431793212890625
2017-05-19,207.2117156982422,121.69050598144531,50.53522491455078,33.60292434692383,96.81061553955078,87.41529083251953,87.99542236328125,58.37528991699219,119.4000015258789,43.66849136352539
2017-05-22,208.26382446289062,122.51354217529297,50.596378326416016,33.63558578491211,96.5445785522461,87.3172607421875,87.92207336425781,58.60255813598633,119.9000015258789,43.91305923461914
2017-05-23,208.72467041015625,122.91608428955078,50.60401916503906,33.668251037597656,95.89500427246094,87.088623046875,87.65069580078125,58.65229034423828,119.13999938964844,43.96039962768555
2017-05-24,209.2115936279297,122.99658203125,50.63459396362305,33.79890060424805,96.43499755859375,87.26828002929688,87.7900390625,59.128135681152344,119.61000061035156,44.13395309448242
2017-05-25,210.21148681640625,123.0771255493164,50.63459396362305,33.96222686767578,96.46624755859375,87.3172607421875,87.82669830322266,59.13526916503906,119.4800033569336,44.41011047363281
2017-05-26,210.16806030273438,123.04133605957031,50.489356994628906,34.084720611572266,96.63064575195312,87.37447357177734,87.89271545410156,58.70908737182617,120.54000091552734,44.575782775878906
2017-05-30,209.9854278564453,122.07521057128906,50.435848236083984,33.90506362915039,97.10804748535156,87.59492492675781,88.09810638427734,58.33976364135742,120.13999938964844,44.559993743896484
2017-05-31,209.9333038330078,121.94993591308594,50.49700927734375,33.64374923706055,97.3505859375,87.63573455810547,88.2008056640625,58.37528991699219,120.62000274658203,44.68623352050781
2017-06-01,211.60264587402344,124.30272674560547,50.825687408447266,33.929561614990234,97.36082458496094,87.5899429321289,88.2198715209961,58.680702209472656,120.72000122070312,45.04915237426758
2017-06-02,212.3070068359375,125.10782623291016,51.38371276855469,34.101051330566406,98.51364135742188,87.97432708740234,88.63174438476562,59.284400939941406,121.61000061035156,45.183265686035156
2017-06-05,212.15048217773438,124.32955169677734,51.10088348388672,34.060218811035156,97.90184783935547,87.82711791992188,88.38169860839844,59.02870559692383,121.7300033569336,45.2306022644043
2017-06-06,211.47227478027344,124.21321105957031,50.95565414428711,34.07655334472656,98.4351577758789,88.10517120361328,88.63910675048828,58.74461364746094,123.0999984741211,45.12015151977539
2017-06-07,211.86355590820312,124.32955169677734,50.97093200683594,34.03572463989258,97.96465301513672,87.94160461425781,88.52875518798828,59.15655517578125,122.44999694824219,45.1043701171875
2017-06-08,211.96791076660156,126.02923583984375,50.87919998168945,34.2398681640625,97.70584869384766,87.80259704589844,88.37435913085938,59.01451110839844,121.6500015258789,44.765132904052734
2017-06-09,211.64620971679688,126.68231964111328,50.688106536865234,33.97856140136719,97.55683135986328,87.72080993652344,88.2861099243164,59.426448822021484,120.54000091552734,44.709896087646484
2017-06-12,211.60264587402344,126.47657012939453,50.49700927734375,33.79890060424805,97.52546691894531,87.70446014404297,88.30815124511719,59.95913314819336,120.36000061035156,44.70201873779297
2017-06-13,212.637451171875,127.12068176269531,50.8868522644043,33.96222686767578,97.54116821289062,87.73719024658203,88.40373229980469,60.094078063964844,120.4800033569336,44.77302169799805
2017-06-14,212.36790466308594,126.3691635131836,50.848628997802734,33.954063415527344,99.04685974121094,88.19515228271484,89.00679779052734,60.1793327331543,119.81999969482422,45.05704879760742
2017-06-15,211.95916748046875,125.72506713867188,50.321189880371094,33.60292434692383,98.89000701904297,88.03980255126953,88.79353332519531,60.48470687866211,119.31999969482422,44.954471588134766
2017-06-16,212.0054931640625,125.4119873046875,50.749263763427734,33.66008377075195,99.0860595703125,88.08882141113281,88.86707305908203,60.32846450805664,119.33999633789062,44.48222351074219
2017-06-19,213.77047729492188,126.34236907958984,50.95565414428711,33.99488830566406,98.94490051269531,87.8434829711914,88.75674438476562,60.33557891845703,118.43000030517578,44.696876525878906
2017-06-20,212.3287811279297,125.06310272216797,50.54550552368164,33.61915969848633,99.83106231689453,88.06430053710938,88.95535278320312,60.19350814819336,118.18000030517578,44.52198028564453
2017-06-21,212.27635192871094,124.75,50.483367919921875,33.69298553466797,100.03499603271484,88.05612182617188,88.9994125366211,60.072784423828125,118.5199966430664,44.394775390625
2017-06-22,212.18026733398438,125.22410583496094,50.47560119628906,33.865272521972656,100.25459289550781,88.13790893554688,89.07296752929688,60.129600524902344,118.91999816894531,44.10061264038086
2017-06-23,212.43368530273438,126.05608367919922,50.59988021850586,34.04574966430664,100.20748901367188,88.1624526977539,89.11711883544922,60.3382568359375,119.43000030517578,44.116512298583984
2017-06-26,212.5734100341797,126.2081527709961,50.685325622558594,34.37390899658203,100.58393096923828,88.2360610961914,89.27887725830078,60.768470764160156,118.36000061035156,44.291412353515625
2017-06-27,210.8608856201172,125.09886932373047,50.677555084228516,33.971923828125,99.50955963134766,87.80259704589844,88.87442016601562,60.22352981567383,118.80999755859375,43.90980529785156
2017-06-28,212.74815368652344,127.01323699951172,51.120330810546875,34.23444747924805,99.18016815185547,87.72080993652344,88.97002410888672,60.36695098876953,118.9000015258789,44.068809509277344
2017-06-29,210.8783416748047,126.26179504394531,50.61542510986328,33.799644470214844,98.348876953125,87.39369201660156,88.69792175292969,59.6785774230957,118.31999969482422,43.5997314453125
2017-06-30,211.27154541015625,126.06497955322266,50.64647674560547,33.95550537109375,98.1214599609375,87.18922424316406,88.6243896484375,59.6785774230957,118.0199966430664,43.67924118041992
2017-07-03,211.6298370361328,127.12068176269531,50.58433532714844,34.15240478515625,97.8055648803711,86.86900329589844,88.43266296386719,60.438629150390625,116.08999633789062,43.639495849609375
2017-07-05,212.1190948486328,126.6644058227539,50.58433532714844,34.086769104003906,97.82914733886719,86.93447875976562,88.58016204833984,59.58536911010742,116.5199966430664,43.60768508911133
2017-07-06,210.17942810058594,125.0103530883789,50.35908126831055,33.67658615112305,97.01970672607422,86.77069091796875,88.35154724121094,58.466800689697266,116.47000122070312,43.361244201660156
2017-07-07,211.54244995117188,126.22323608398438,50.366844177246094,33.74221420288086,96.4382095336914,86.63143157958984,88.27782440185547,58.796630859375,115.27999877929688,43.33736801147461
2017-07-10,211.7696075439453,125.67520904541016,50.49113082885742,34.06216812133789,96.57966613769531,86.7461166381836,88.42529296875,58.258872985839844,115.47000122070312,43.0352668762207
2017-07-11,211.6123046875,126.04354095458984,50.60764694213867,34.34109115600586,96.74468231201172,86.8607406616211,88.46219635009766,58.194332122802734,115.62000274658203,42.91600799560547
2017-07-12,213.20254516601562,127.01388549804688,51.01157760620117,35.00559616088867,97.41265869140625,87.11467742919922,88.85294342041016,58.91136169433594,116.02999877929688,43.154518127441406
2017-07-13,213.56082153320312,127.1217269897461,51.15917205810547,35.177879333496094,96.79969024658203,87.02460479736328,88.69812774658203,59.004573822021484,115.81999969482422,43.16246795654297
2017-07-14,214.55685424804688,127.33732604980469,51.516483306884766,35.62088394165039,96.9176025390625,87.1474380493164,88.90457916259766,59.5710334777832,116.7699966430664,43.50433349609375
2017-07-17,214.53062438964844,127.63380432128906,51.41551208496094,35.456809997558594,97.18474578857422,87.25394439697266,88.9857177734375,60.051414489746094,117.29000091552734,43.552024841308594
2017-07-18,214.6442413330078,127.30142974853516,51.46211242675781,35.56344985961914,98.03347778320312,87.57339477539062,89.36913299560547,59.92237091064453,118.11000061035156,43.552024841308594
2017-07-19,215.8063507080078,128.56822204589844,51.68738555908203,35.858795166015625,98.07275390625,87.57339477539062,89.3396224975586,60.37409210205078,118.08000183105469,43.7110481262207
2017-07-20,215.90240478515625,128.6580810546875,51.897117614746094,35.81778335571289,98.35566711425781,87.59793090820312,89.42070770263672,60.094486236572266,118.23999786376953,43.718994140625
2017-07-21,215.71023559570312,128.0740509033203,51.695152282714844,35.79316329956055,98.77214813232422,87.75350952148438,89.62722778320312,60.051414489746094,119.26000213623047,43.790557861328125
2017-07-24,215.6577911376953,128.2537384033203,51.555328369140625,35.899810791015625,98.3870849609375,87.69624328613281,89.52397918701172,59.936710357666016,119.30999755859375,43.64744567871094
2017-07-25,216.18202209472656,129.42173767089844,51.625240325927734,35.8095703125,97.1061782836914,87.20478057861328,88.99308776855469,60.01558303833008,118.91999816894531,43.94955062866211
2017-07-26,216.1907501220703,128.7030029296875,51.943729400634766,36.10490798950195,97.26334381103516,87.4832534790039,89.28800964355469,60.43147277832031,119.87999725341797,43.94160842895508
2017-07-27,215.9897918701172,127.8853988647461,51.827205657958984,35.90801239013672,96.78400421142578,87.34402465820312,89.06682586669922,60.50316619873047,119.79000091552734,44.37091827392578
2017-07-28,215.7364044189453,127.54402923583984,51.8815803527832,35.8916015625,97.357666015625,87.49143981933594,89.3027572631836,60.3382568359375,120.69000244140625,43.99725341796875
2017-07-31,215.6141357421875,127.13966369628906,51.990325927734375,35.9326171875,97.47549438476562,87.51602935791016,89.3027572631836,60.41712951660156,120.75,43.98135757446289
2017-08-01,216.0946502685547,127.38224792480469,52.277740478515625,36.039276123046875,98.15991973876953,87.73338317871094,89.62662506103516,60.68960189819336,120.6500015258789,43.933650970458984
2017-08-02,216.19949340820312,125.9897232055664,52.30104446411133,36.072086334228516,98.21504974365234,87.65135955810547,89.48609924316406,60.13749313354492,120.4000015258789,43.901859283447266
2017-08-03,215.78013610839844,125.3606948852539,52.33211898803711,35.92443084716797,99.23095703125,87.95486450195312,89.61178588867188,60.01558303833008,120.58999633789062,43.86210632324219
2017-08-04,216.17330932617188,125.97169494628906,52.40202713012695,36.0556755065918,98.38829040527344,87.71700286865234,89.2643051147461,60.21635818481445,119.6500015258789,43.74284744262695
2017-08-07,216.57516479492188,126.17833709716797,52.425323486328125,36.301795959472656,98.49852752685547,87.76618194580078,89.28648376464844,60.151824951171875,119.51000213623047,44.068809509277344
2017-08-08,216.04222106933594,125.78304290771484,52.14567947387695,36.309993743896484,98.14417266845703,87.6923828125,88.85771942138672,59.86502456665039,119.86000061035156,43.901859283447266
2017-08-09,216.03347778320312,124.69585418701172,52.06024169921875,35.98185729980469,98.67967224121094,87.79901885986328,88.94641876220703,59.66425323486328,121.30999755859375,43.97340774536133
2017-08-10,212.98410034179688,122.43179321289062,51.322288513183594,35.12865447998047,99.52237701416016,88.12714385986328,88.91680145263672,59.234039306640625,122.20999908447266,43.790557861328125
2017-08-11,213.29859924316406,122.6114273071289,51.229068756103516,35.210697174072266,99.56961059570312,88.22557830810547,89.07948303222656,58.868350982666016,122.79000091552734,43.82234573364258
2017-08-14,215.41311645507812,124.47126007080078,51.601932525634766,35.5716552734375,99.05769348144531,88.01232147216797,89.02035522460938,59.85067367553711,121.91999816894531,44.03701400756836
2017-08-15,215.3869171142578,123.4470443725586,51.5630989074707,35.61267852783203,98.64027404785156,87.74982452392578,88.91680145263672,59.671409606933594,120.9800033569336,44.25961685180664
2017-08-16,215.7626190185547,123.48295593261719,51.8582763671875,35.98185729980469,99.00260162353516,87.91390228271484,89.16818237304688,59.908042907714844,121.87000274658203,44.410682678222656
2017-08-17,212.39869689941406,121.22786712646484,51.27569580078125,35.52243423461914,99.74285888671875,88.22557830810547,89.25691986083984,59.53517532348633,122.48999786376953,44.00520706176758
2017-08-18,212.06671142578125,121.21885681152344,51.41551208496094,35.82597351074219,99.71922302246094,88.24199676513672,89.19781494140625,58.932861328125,122.30000305175781,43.885955810546875
2017-08-21,212.23268127441406,121.13805389404297,51.399959564208984,35.95724105834961,99.9634017944336,88.29945373535156,89.3234634399414,59.56386184692383,122.76000213623047,44.044960021972656
2017-08-22,214.45196533203125,122.4498062133789,51.648536682128906,36.35922622680664,99.5775146484375,88.12714385986328,89.23477172851562,59.39177322387695,122.20999908447266,44.05290603637695
2017-08-23,213.68310546875,122.2520980834961,51.65631103515625,36.5315055847168,100.25475311279297,88.43067932128906,89.57482147216797,60.00123977661133,122.66999816894531,43.92570877075195
2017-08-24,213.18505859375,122.62947082519531,51.539794921875,36.646358489990234,99.88460540771484,88.2912368774414,89.40477752685547,59.814815521240234,122.29000091552734,43.321475982666016
2017-08-25,213.68310546875,122.9798583984375,51.85049819946289,36.85965347290039,100.27054595947266,88.4388656616211,89.61178588867188,60.10163116455078,122.73999786376953,43.46458053588867
2017-08-28,213.69186401367188,123.5009765625,51.85049819946289,36.7283935546875,100.20748138427734,88.52091217041016,89.61178588867188,59.64272689819336,124.69000244140625,43.33736801147461
2017-08-29,213.93650817871094,123.52790069580078,51.640777587890625,36.66276168823242,100.53041076660156,88.72599029541016,89.67830657958984,59.57819366455078,124.41999816894531,43.48843765258789
2017-08-30,214.95004272460938,124.31853485107422,51.570865631103516,36.720191955566406,100.49890899658203,88.65216827392578,89.75225067138672,59.91519546508789,124.36000061035156,43.4804801940918
2017-08-31,216.24319458007812,125.54041290283203,51.96702575683594,36.777618408203125,100.79817962646484,88.7916259765625,89.90748596191406,60.259376525878906,125.81999969482422,43.49638748168945
2017-09-01,216.54898071289062,126.25021362304688,52.03693389892578,37.04833984375,100.02716827392578,88.53036499023438,89.55170440673828,60.46732711791992,126.05999755859375,43.703086853027344
2017-09-05,214.99368286132812,125.03731536865234,51.68738555908203,36.56432342529297,101.61334991455078,89.14653778076172,90.10765838623047,60.302398681640625,127.45999908447266,43.76668930053711
2017-09-06,215.7276611328125,125.2978515625,52.005855560302734,36.802223205566406,100.989990234375,88.93292999267578,89.7889175415039,60.460147857666016,126.80999755859375,43.94955062866211
2017-09-07,215.70147705078125,124.98336029052734,52.43309783935547,37.07295608520508,102.02374267578125,89.3190689086914,90.13732147216797,60.84733200073242,128.1300048828125,44.01314926147461
2017-09-08,215.44805908203125,125.08222961425781,52.440860748291016,36.826839447021484,101.80284118652344,89.25332641601562,89.87046813964844,60.897544860839844,127.97000122070312,43.798492431640625
2017-09-11,217.74603271484375,126.39393615722656,52.852569580078125,37.31907272338867,100.58744812011719,88.74397277832031,89.59619903564453,61.45682144165039,126.19000244140625,44.068809509277344
2017-09-12,218.4799346923828,127.16661071777344,53.015682220458984,37.27804183959961,100.05872344970703,88.53036499023438,89.49982452392578,60.73260498046875,126.55999755859375,44.164207458496094
2017-09-13,218.58482360839844,127.54402923583984,52.728267669677734,37.0811653137207,99.6641616821289,88.34963989257812,89.410888671875,60.574859619140625,125.61000061035156,44.18806457519531
2017-09-14,218.51487731933594,127.42717742919922,52.82148742675781,37.179603576660156,100.07452392578125,88.36605834960938,89.63325500488281,61.07680892944336,126.16000366210938,44.10061264038086
2017-09-15,218.80906677246094,127.9482650756836,52.86808395385742,37.40110778808594,100.11395263671875,88.47288513183594,89.70735931396484,61.1915283203125,125.52999877929688,44.17741012573242
2017-09-18,219.2744140625,128.8197784423828,52.93800354003906,37.53236389160156,99.53788757324219,88.12779235839844,89.6184310913086,60.8616943359375,124.36000061035156,44.241416931152344
2017-09-19,219.49395751953125,128.8197784423828,53.186580657958984,37.61440658569336,99.29322814941406,88.02922058105469,89.6703109741211,60.460147857666016,124.62000274658203,44.10541534423828
2017-09-20,219.57301330566406,129.23309326171875,53.070064544677734,37.4421272277832,99.36425018310547,87.85667419433594,89.55911254882812,60.295223236083984,123.62000274658203,43.681400299072266
2017-09-21,218.98468017578125,129.09828186035156,52.96131896972656,37.4421272277832,99.30899810791016,87.74169158935547,89.55911254882812,60.18052291870117,122.68000030517578,43.265384674072266
2017-09-22,219.02862548828125,129.6463623046875,53.12444305419922,37.22883224487305,99.59310913085938,87.89779663085938,89.6777114868164,59.75600814819336,123.23999786376953,43.13737869262695
2017-09-25,218.58078002929688,129.82608032226562,52.82148742675781,36.597137451171875,100.2165298461914,88.16065979003906,90.01133728027344,60.103702545166016,124.52999877929688,43.44938278198242
2017-09-26,218.71249389648438,130.23947143554688,52.704978942871094,36.49869155883789,100.03508758544922,88.08674621582031,89.9964599609375,60.20513153076172,123.13999938964844,43.55339050292969
2017-09-27,219.564208984375,132.7882080078125,52.74381637573242,36.367435455322266,98.52774810791016,87.6348876953125,89.64807891845703,59.66185760498047,121.9800033569336,43.21738815307617
2017-09-28,219.82766723632812,133.13946533203125,52.88363265991211,36.34281539916992,98.2357406616211,87.61847686767578,89.78150939941406,60.067501068115234,122.20999908447266,43.21738815307617
2017-09-29,220.60035705566406,133.4546356201172,53.19435501098633,36.761207580566406,98.45674133300781,87.51165771484375,89.86309051513672,60.1906623840332,121.58000183105469,43.18537902832031
2017-10-02,221.55751037597656,135.0937957763672,53.147743225097656,36.769412994384766,98.27645111083984,87.41211700439453,89.94700622558594,60.103702545166016,120.7699966430664,43.105377197265625
2017-10-03,222.0316619873047,135.39100646972656,53.32640838623047,37.351890563964844,98.37130737304688,87.53553771972656,90.147705078125,60.016807556152344,120.83000183105469,43.153377532958984
2017-10-04,222.29502868652344,134.95867919921875,53.22541427612305,37.34367752075195,98.37922668457031,87.51082611083984,90.09568786621094,60.3210334777832,121.16999816894531,43.28937911987305
2017-10-05,223.6121826171875,135.32797241210938,53.19435501098633,37.622615814208984,98.00755310058594,87.42029571533203,89.96932983398438,60.538352966308594,120.5199966430664,43.48139572143555
2017-10-06,223.3575439453125,135.13885498046875,53.1555061340332,37.43392562866211,97.73078918457031,87.3133773803711,89.89497375488281,60.34276580810547,121.08999633789062,43.04936981201172
2017-10-09,222.98875427246094,134.58045959472656,53.17103576660156,37.4093132019043,98.03923797607422,87.41211700439453,89.96932983398438,60.487667083740234,122.08000183105469,42.92937469482422
2017-10-10,223.57705688476562,134.96774291992188,53.67595672607422,37.77848434448242,98.1973648071289,87.44501495361328,90.02876281738281,60.66876983642578,122.4000015258789,43.30538558959961
2017-10-11,223.92825317382812,134.8686981201172,53.80801010131836,37.95075607299805,98.38715362548828,87.54373931884766,89.98418426513672,60.87158203125,122.79000091552734,43.39339828491211
2017-10-12,223.59466552734375,134.76956176757812,53.761390686035156,37.93435287475586,98.80625915527344,87.62599182128906,90.0064926147461,61.26276779174805,122.88999938964844,43.57740020751953
2017-10-13,223.86680603027344,134.5264129638672,54.04104995727539,38.27891159057617,99.51792907714844,87.92219543457031,90.36322784423828,61.42213821411133,123.81999969482422,43.65740203857422
2017-10-16,224.1654052734375,134.4093475341797,54.0022087097168,38.254295349121094,99.44680786132812,87.77411651611328,90.23689270019531,61.11789321899414,122.97000122070312,43.673397064208984
2017-10-17,224.3234405517578,134.0220489501953,53.86237716674805,38.05740737915039,99.57325744628906,87.74119567871094,90.2220458984375,61.190330505371094,122.12999725341797,43.513397216796875
2017-10-18,224.54296875,134.66151428222656,54.01774597167969,38.14765548706055,98.91693115234375,87.51903533935547,90.0882339477539,61.12514114379883,121.66999816894531,43.45738983154297
2017-10-19,224.60443115234375,134.45437622070312,53.93229293823242,37.81129837036133,99.09091186523438,87.60958099365234,90.2220458984375,60.94403839111328,122.38999938964844,43.22537612915039
2017-10-20,225.76348876953125,135.07582092285156,53.86237716674805,37.95075607299805,98.03923797607422,87.24750518798828,89.97677612304688,60.5963134765625,121.61000061035156,43.12138748168945
2017-10-23,224.8853759765625,134.06710815429688,53.74586486816406,37.647220611572266,98.2131576538086,87.329833984375,90.06591796875,60.36451721191406,121.80000305175781,43.08937454223633
2017-10-24,225.280517578125,134.34625244140625,53.83131790161133,37.647220611572266,97.60432434082031,87.0665283203125,89.84300994873047,60.00233840942383,121.33000183105469,42.93737030029297
2017-10-25,224.1654052734375,133.69778442382812,53.621585845947266,37.565185546875,97.13772583007812,86.92665100097656,89.60515594482422,59.82844543457031,121.3499984741211,42.8173713684082
2017-10-26,224.4551239013672,133.97698974609375,53.61381530761719,37.31086730957031,96.8134765625,86.81143188476562,89.59769439697266,59.335872650146484,120.33000183105469,42.84937286376953
2017-10-27,226.2903289794922,134.90464782714844,53.73809051513672,37.85231399536133,97.45401763916016,87.09122467041016,89.8652572631836,59.6038932800293,120.9000015258789,42.48134994506836
2017-10-30,225.4473876953125,133.48165893554688,53.86237716674805,37.61440658569336,98.38715362548828,87.40388488769531,90.16255950927734,59.553199768066406,121.12999725341797,42.12135314941406
2017-10-31,225.798583984375,134.42733764648438,54.08765411376953,37.96717071533203,98.41878509521484,87.34627532958984,90.03623962402344,59.54594421386719,120.66999816894531,42.47335433959961
2017-11-01,226.09713745117188,133.5357666015625,54.142032623291016,38.164058685302734,98.85700225830078,87.39900970458984,90.17855072021484,59.83570861816406,121.11000061035156,42.60936737060547
2017-11-02,226.18496704101562,133.93202209472656,54.30515670776367,38.21328353881836,99.29283905029297,87.51435089111328,90.16365814208984,60.34276580810547,121.19000244140625,42.5053596496582
2017-11-03,226.94003295898438,133.84193420410156,54.2197151184082,38.01639175415039,99.5622787475586,87.65444946289062,90.26797485351562,60.1906623840332,120.62000274658203,42.51335906982422
2017-11-06,227.29135131835938,133.99502563476562,54.297386169433594,38.4429931640625,99.9346694946289,87.76158905029297,90.29035186767578,60.5963134765625,121.6500015258789,42.05734634399414
2017-11-07,227.13330078125,132.3919677734375,54.095420837402344,38.19688415527344,100.35472106933594,87.79454803466797,90.21582794189453,61.08891677856445,121.20999908447266,42.52936935424805
2017-11-08,227.5196075439453,132.5720672607422,54.27408981323242,38.37735366821289,100.13279724121094,87.68742370605469,90.09658813476562,61.39314270019531,121.62999725341797,42.99338150024414
2017-11-09,226.69427490234375,132.1036834716797,53.9633674621582,38.13945007324219,99.8475112915039,87.65444946289062,89.85812377929688,61.458351135253906,122.12999725341797,42.985382080078125
2017-11-10,226.6240234375,132.0047149658203,53.81577682495117,37.97537612915039,98.3418960571289,87.20947265625,89.34391784667969,61.5235481262207,121.12999725341797,43.42538833618164
2017-11-13,226.83473205566406,132.04061889648438,53.59050750732422,37.893341064453125,98.54791259765625,87.16825866699219,89.35882568359375,61.83506393432617,121.30999755859375,43.673397064208984
2017-11-14,226.30792236328125,131.68043518066406,53.55167770385742,37.639007568359375,99.21356964111328,87.2918701171875,89.38117218017578,61.70466995239258,121.55999755859375,43.82539749145508
2017-11-15,225.17520141601562,131.1580810546875,53.29532241821289,37.4421272277832,100.29132080078125,87.60499572753906,89.76122283935547,61.08167266845703,121.41000366210938,43.36138153076172
2017-11-16,227.08938598632812,133.08543395996094,53.72256851196289,38.22148895263672,99.41963195800781,87.38252258300781,89.65692901611328,61.588741302490234,121.4000015258789,43.96141052246094
2017-11-17,226.4220428466797,133.69778442382812,53.52836990356445,38.41017150878906,100.15653991699219,87.49791717529297,89.76869201660156,61.320709228515625,122.86000061035156,43.80940628051758
2017-11-20,226.8084259033203,134.67051696777344,53.64488983154297,38.60707473754883,100.1169662475586,87.3578109741211,89.76869201660156,61.13962936401367,121.30999755859375,43.76140213012695
2017-11-21,228.2922821044922,136.07546997070312,54.0488166809082,39.1239013671875,100.43395233154297,87.3742904663086,90.06676483154297,61.59600067138672,121.51000213623047,43.905399322509766
2017-11-22,228.0903778076172,135.89535522460938,54.1964111328125,39.222347259521484,100.75882720947266,87.65444946289062,90.41703033447266,61.458351135253906,122.62999725341797,43.849422454833984
2017-11-24,228.61721801757812,135.9494171142578,54.63916778564453,39.14030456542969,100.48148345947266,87.58031463623047,90.31269073486328,61.53804016113281,122.31999969482422,43.8173942565918
2017-11-27,228.50311279296875,135.53506469726562,54.31291961669922,38.56604766845703,100.33882141113281,87.63798522949219,90.26055145263672,61.248268127441406,122.83000183105469,43.84140396118164
2017-11-28,230.82119750976562,137.66958618164062,54.623634338378906,38.853179931640625,100.47355651855469,87.65444946289062,90.38720703125,61.0164680480957,122.80999755859375,44.20140838623047
2017-11-29,230.6807861328125,138.12890625,54.406131744384766,38.23788833618164,99.48302459716797,87.3742904663086,90.02949523925781,61.0382194519043,122.04000091552734,44.433433532714844
2017-11-30,232.70034790039062,138.38107299804688,54.46051788330078,37.81950378417969,99.15019989013672,87.10237121582031,89.92517852783203,61.13237762451172,121.0999984741211,44.84143829345703
2017-12-01,232.21739196777344,137.813720703125,54.243003845214844,37.606201171875,100.48817443847656,87.42418670654297,90.2031478881836,61.277244567871094,121.58999633789062,44.953426361083984
2017-12-04,231.93638610839844,137.3003387451172,54.0488166809082,37.68002700805664,100.53582763671875,87.38294982910156,90.34512329101562,60.9730110168457,121.18000030517578,45.377437591552734
2017-12-05,231.1022491455078,135.93136596679688,53.93229293823242,37.65542221069336,101.03605651855469,87.4489974975586,90.51695251464844,60.46592330932617,120.31999969482422,45.30544662475586
2017-12-06,231.14613342285156,135.29193115234375,53.823543548583984,37.14678955078125,101.38545227050781,87.63055419921875,90.68883514404297,60.4079704284668,120.06999969482422,45.59346008300781
2017-12-07,231.87489318847656,136.2375946044922,53.9633674621582,37.2534294128418,100.59139251708984,87.47372436523438,90.5094985961914,60.56011199951172,118.48999786376953,45.153446197509766
2017-12-08,233.1393585205078,136.36370849609375,54.25076675415039,37.688236236572266,100.59931182861328,87.40772247314453,90.39739990234375,60.87158203125,118.4800033569336,45.2734489440918
2017-12-11,233.84185791015625,136.3096466064453,54.390586853027344,37.87692642211914,100.39285278320312,87.34993743896484,90.46466064453125,60.86434555053711,118.01000213623047,45.26544952392578
2017-12-12,234.25454711914062,135.88638305664062,54.46051788330078,37.622615814208984,100.35317993164062,87.27564239501953,90.39739990234375,61.161338806152344,118.1500015258789,45.2734489440918
2017-12-13,234.22825622558594,136.69688415527344,54.67023849487305,38.073822021484375,101.10755157470703,87.63055419921875,90.71123504638672,61.26276779174805,119.16999816894531,45.529457092285156
2017-12-14,233.2710418701172,135.18382263183594,54.36729049682617,37.79489517211914,101.53634643554688,87.59751892089844,90.87562561035156,61.248268127441406,118.93000030517578,45.32945251464844
2017-12-15,235.21365356445312,137.11123657226562,54.351776123046875,37.87692642211914,101.91751861572266,87.5810546875,91.0026626586914,61.6322021484375,119.18000030517578,45.843666076660156
2017-12-18,236.70513916015625,138.96653747558594,54.996498107910156,38.30352783203125,100.98844909667969,87.38294982910156,90.7336654663086,62.03786849975586,119.7300033569336,45.81947326660156
2017-12-19,235.79611206054688,137.86770629882812,54.79475402832031,38.10114669799805,99.67825317382812,86.98681640625,90.27040100097656,60.71946716308594,119.81999969482422,45.87590789794922
2017-12-20,235.67257690429688,138.13790893554688,54.70053482055664,38.151119232177734,98.57449340820312,86.7309799194336,90.03128814697266,60.016807556152344,120.13999938964844,45.79529571533203
2017-12-21,236.157958984375,138.74270629882812,54.896785736083984,38.400962829589844,99.14903259277344,86.79215240478516,90.27388763427734,59.78433609008789,120.30999755859375,45.763057708740234
2017-12-22,236.09620666503906,138.48951721191406,55.03810501098633,38.72576141357422,99.2842788696289,86.82520294189453,90.34131622314453,60.1963005065918,120.94000244140625,45.83560562133789
2017-12-26,235.81381225585938,138.57095336914062,55.022396087646484,38.692447662353516,99.57872009277344,86.85826873779297,90.46109008789062,60.497886657714844,121.7699966430664,45.940372467041016
2017-12-27,235.92855834960938,138.43536376953125,55.12445831298828,38.79238510131836,100.87577056884766,87.23023986816406,90.96277618408203,60.696529388427734,122.2300033569336,45.93232345581055
2017-12-28,236.41390991210938,138.97776794433594,55.155853271484375,39.05887985229492,100.78823852539062,87.12274932861328,90.90286254882812,61.02019119262695,122.8499984741211,45.85978317260742
2017-12-29,235.52243041992188,137.82965087890625,55.195098876953125,39.24209213256836,100.94738006591797,87.2633056640625,91.02268981933594,61.04225158691406,123.6500015258789,45.851715087890625
2018-01-02,237.20822143554688,139.1314239501953,55.60331726074219,39.98330307006836,99.85723876953125,86.97394561767578,90.41615295410156,60.81421661376953,125.1500015258789,45.56962585449219
2018-01-03,238.70860290527344,139.27610778808594,55.87022018432617,40.36640548706055,100.33465576171875,87.06490325927734,90.58088684082031,60.63766098022461,124.81999969482422,45.553497314453125
2018-01-04,239.7147216796875,139.64671325683594,56.482540130615234,40.56626892089844,100.31876373291016,87.02356719970703,90.55093383789062,59.593055725097656,125.45999908447266,45.682472229003906
2018-01-05,241.3121795654297,139.93601989746094,56.79655838012695,40.91606140136719,100.03228759765625,86.91612243652344,90.52098846435547,59.62250900268555,125.33000183105469,45.88396453857422
2018-01-08,241.7534637451172,140.1530303955078,56.7808723449707,40.91606140136719,99.96861267089844,86.87477111816406,90.51351928710938,59.931461334228516,125.30999755859375,45.996803283691406
2018-01-09,242.30068969726562,139.96319580078125,56.84366226196289,40.84942626953125,98.63179779052734,86.46146392822266,90.18402099609375,59.15904998779297,124.7300033569336,45.93232345581055
2018-01-10,241.9300537109375,139.9812774658203,56.73374557495117,40.59126281738281,98.51242065429688,86.43670654296875,90.24390411376953,58.49699020385742,125.02999877929688,45.706634521484375
2018-01-11,243.6951141357422,142.38600158691406,57.12624740600586,40.841102600097656,98.91824340820312,86.49454498291016,90.46109008789062,58.29837417602539,125.44000244140625,45.64216995239258
2018-01-12,245.28369140625,142.9826202392578,57.69933319091797,41.232521057128906,99.0853500366211,86.43670654296875,90.47606658935547,57.827579498291016,126.95999908447266,45.65829086303711
2018-01-16,244.4453582763672,141.156494140625,57.64439010620117,41.07428741455078,99.49913787841797,86.4780044555664,90.55847930908203,57.937904357910156,127.16999816894531,45.86783218383789
2018-01-17,246.7752227783203,142.49449157714844,57.94268035888672,41.61561584472656,99.3638916015625,86.28791046142578,90.31135559082031,58.34249496459961,126.13999938964844,46.391719818115234
2018-01-18,246.36056518554688,141.51809692382812,57.87203598022461,41.66558074951172,98.44080352783203,86.01515197753906,89.95938873291016,57.5921745300293,125.86000061035156,46.254703521728516
2018-01-19,247.48135375976562,143.38040161132812,58.19390869140625,42.00703811645508,97.92359924316406,85.7919692993164,89.68231964111328,57.9011344909668,126.41999816894531,46.770530700683594
2018-01-22,249.49354553222656,144.14886474609375,58.492210388183594,42.24855422973633,98.0190658569336,85.7589111328125,89.60000610351562,58.4307861328125,126.6500015258789,47.125144958496094
2018-01-23,250.0231170654297,144.60995483398438,58.680606842041016,42.448429107666016,98.44080352783203,86.00686645507812,89.9893569946289,59.23997116088867,127.27999877929688,46.97201919555664
2018-01-24,249.92604064941406,143.7149200439453,58.78266525268555,42.806541442871094,97.90769958496094,85.84152221679688,89.92942810058594,58.931007385253906,128.8300018310547,47.0687370300293
2018-01-25,250.03199768066406,143.76913452148438,58.55500411987305,42.781551361083984,98.71135711669922,86.03163146972656,90.38618469238281,58.82801818847656,127.97000122070312,47.09292221069336
2018-01-26,252.9268341064453,144.2844696044922,59.0731315612793,43.37284469604492,98.34530639648438,85.77542877197266,90.26641082763672,58.62203598022461,128.07000732421875,47.3185920715332
2018-01-29,251.2499237060547,143.47080993652344,58.531471252441406,42.714935302734375,97.66100311279297,85.56051635742188,90.02679443359375,57.83493423461914,127.3499984741211,47.133216857910156
2018-01-30,248.6728515625,142.0967254638672,58.044742584228516,42.131961822509766,97.08806610107422,85.36211395263672,89.71981811523438,57.41560363769531,126.80000305175781,46.818885803222656
2018-01-31,248.79638671875,141.3554229736328,57.96623992919922,42.49838638305664,97.66100311279297,85.38693237304688,89.90697479248047,58.44550323486328,127.6500015258789,46.60127639770508
2018-02-01,248.5139617919922,141.79830932617188,58.131103515625,41.92375183105469,96.24559783935547,84.94649505615234,89.50980377197266,57.18758010864258,128.07000732421875,46.3997802734375
2018-02-02,243.10389709472656,139.0681610107422,56.95356369018555,40.84942626953125,95.35252380371094,84.6318588256836,89.05182647705078,56.702056884765625,126.38999938964844,45.513214111328125
2018-02-05,232.93661499023438,133.72528076171875,54.567081451416016,39.416996002197266,96.25359344482422,85.3272933959961,89.10437774658203,55.01747512817383,126.70999908447266,43.860965728759766
2018-02-06,237.52601623535156,135.32545471191406,55.64257049560547,40.699520111083984,95.65554809570312,84.9547348022461,88.92415618896484,55.024837493896484,125.37999725341797,44.34455871582031
2018-02-07,236.23745727539062,135.46107482910156,55.05379104614258,39.416996002197266,94.74650573730469,84.70633697509766,88.67644500732422,54.7894401550293,124.79000091552734,44.15111541748047
2018-02-08,227.3764190673828,131.4832763671875,53.61720657348633,38.051177978515625,94.64283752441406,84.78086853027344,88.29353332519531,53.215187072753906,124.9800033569336,43.200069427490234
2018-02-09,230.7919464111328,132.68563842773438,53.8448600769043,38.65913391113281,94.04481506347656,84.6318588256836,88.00821685791016,54.54667663574219,124.7699966430664,43.288734436035156
2018-02-12,234.18099975585938,133.94229125976562,54.66914367675781,39.267093658447266,94.45941925048828,84.60699462890625,88.00821685791016,54.56874465942383,125.37000274658203,43.73200988769531
2018-02-13,234.76348876953125,134.23158264160156,54.50428009033203,39.5669059753418,94.882080078125,84.74775695800781,87.97822570800781,54.951263427734375,126.08000183105469,43.93350601196289
2018-02-14,237.93197631835938,136.6453399658203,55.46986389160156,40.557945251464844,93.82950592041016,84.23443603515625,87.65534210205078,54.554046630859375,128.22999572753906,43.90932083129883
2018-02-15,240.96795654296875,138.1370086669922,55.815277099609375,41.39075469970703,94.1484375,84.25926208496094,88.06827545166016,55.08367156982422,128.3800048828125,44.63470458984375
2018-02-16,241.0385284423828,138.62521362304688,56.06648254394531,41.257511138916016,94.65880584716797,84.45793151855469,88.33106231689453,55.38529968261719,127.95999908447266,44.81201171875
2018-02-20,239.52943420410156,137.4861602783203,55.54052734375,40.691192626953125,94.24415588378906,84.36690521240234,87.9556884765625,54.730594635009766,126.23999786376953,43.79648971557617
2018-02-21,238.33786010742188,137.6307830810547,55.27360153198242,40.65787887573242,93.08792877197266,84.11851501464844,87.47515869140625,53.64921188354492,125.66000366210938,43.27260971069336
2018-02-22,238.6468505859375,137.41378784179688,55.56406021118164,40.68286895751953,93.36698913574219,84.23443603515625,87.59527587890625,54.25979232788086,126.30000305175781,43.38545227050781
2018-02-23,242.4505615234375,139.20379638671875,56.0036735534668,41.40740966796875,94.19633483886719,84.55734252929688,88.00069427490234,55.127845764160156,126.13999938964844,43.8045539855957
2018-02-26,245.26605224609375,140.11688232421875,56.52964782714844,41.790504455566406,94.22819519042969,84.65669250488281,88.11333465576172,55.28231430053711,126.44999694824219,44.078590393066406
2018-02-27,242.2035675048828,138.100830078125,55.689674377441406,40.57460403442383,94.09263610839844,84.39171600341797,87.73041534423828,53.99496841430664,125.12999725341797,43.49828338623047
2018-02-28,239.7500457763672,135.92210388183594,55.16370391845703,39.99163055419922,94.69068908691406,84.59044647216797,87.89561462402344,53.95818328857422,125.0,43.046939849853516
2018-03-01,236.26385498046875,135.560546875,54.23736572265625,39.91668701171875,95.33712005615234,84.95447540283203,87.80524444580078,54.00967788696289,124.72000122070312,42.950218200683594
2018-03-02,237.4818115234375,137.73020935058594,54.49642562866211,40.08324432373047,94.56204986572266,84.6393814086914,87.52669525146484,53.98759460449219,125.38999938964844,43.31291580200195
2018-03-05,240.2266082763672,138.959716796875,54.78688430786133,40.141536712646484,94.30638122558594,84.53156280517578,87.49657440185547,54.598175048828125,125.18000030517578,43.69171142578125
2018-03-06,240.83555603027344,140.46035766601562,55.1087532043457,40.51631164550781,94.39427947998047,84.52327728271484,87.57184600830078,54.85564422607422,126.52999877929688,43.72394943237305
2018-03-07,240.74732971191406,141.69895935058594,55.09304428100586,40.557945251464844,94.29035949707031,84.52327728271484,87.5417251586914,55.19401931762695,125.72000122070312,43.32902145385742
2018-03-08,241.91233825683594,141.40963745117188,55.21080780029297,40.56626892089844,94.83374786376953,84.69741821289062,87.71490478515625,55.29701614379883,125.41999816894531,43.72394943237305
2018-03-09,246.12217712402344,143.66973876953125,55.56406021118164,41.432395935058594,94.21048736572266,84.51496124267578,87.40618896484375,55.59862518310547,125.54000091552734,44.006046295166016
2018-03-12,245.813232421875,143.9228515625,55.62686538696289,41.5323371887207,94.75382232666016,84.71397399902344,87.5191650390625,55.84137725830078,125.54000091552734,43.925437927246094
2018-03-13,244.22462463378906,143.2538604736328,55.25790023803711,41.15756607055664,95.23320770263672,84.85497283935547,87.52669525146484,55.892879486083984,125.77999877929688,43.89320755004883
2018-03-14,242.97132873535156,142.5758819580078,55.391357421875,41.22419357299805,96.0721664428711,85.02084350585938,87.72242736816406,55.94438552856445,125.69999694824219,43.44992446899414
2018-03-15,242.70664978027344,141.8616485595703,55.35995101928711,41.07428741455078,96.0721664428711,84.98764038085938,87.81280517578125,55.929649353027344,124.9000015258789,43.143653869628906
2018-03-16,242.9698028564453,142.65721130371094,55.320716857910156,40.9826774597168,95.72860717773438,84.88814544677734,87.91065216064453,56.31952667236328,124.5999984741211,43.1590576171875
2018-03-19,239.68235778808594,141.28302001953125,54.87324523925781,40.541290283203125,95.42497253417969,84.80524444580078,87.61698913574219,55.83402633666992,124.87000274658203,42.737586975097656
2018-03-20,240.08993530273438,141.24693298339844,54.865386962890625,40.99101257324219,95.04144287109375,84.6393814086914,87.30834197998047,55.64277648925781,124.30999755859375,42.61602020263672
2018-03-21,239.6292266845703,142.069580078125,54.95175552368164,41.232521057128906,95.14532470703125,84.69741821289062,87.25563049316406,55.230804443359375,126.4800033569336,42.08918762207031
2018-03-22,233.63914489746094,138.9542999267578,53.93121337890625,39.85837936401367,96.0881576538086,85.04569244384766,87.40618896484375,54.90713119506836,125.9800033569336,41.740684509277344
2018-03-23,228.6592254638672,135.96409606933594,53.334590911865234,39.05055236816406,96.01625061035156,85.16179656982422,87.12761688232422,53.928749084472656,127.61000061035156,41.22196960449219
2018-03-26,234.9150848388672,138.93618774414062,54.292327880859375,40.31643295288086,95.64868927001953,84.9295883178711,87.4363021850586,54.54228973388672,128.27999877929688,41.81362533569336
2018-03-27,230.9187774658203,136.24501037597656,53.891971588134766,39.583560943603516,96.6714096069336,85.4105453491211,87.7525634765625,54.750267028808594,127.48999786376953,41.789310455322266
2018-03-28,230.23643493652344,136.19972229003906,54.20597457885742,39.38367462158203,96.9271011352539,85.39397430419922,87.98595428466797,56.12440490722656,125.7300033569336,42.36477279663086
2018-03-29,233.1783447265625,137.57699584960938,54.70053482055664,40.208160400390625,97.39849853515625,85.56813049316406,88.3849868774414,56.05756378173828,125.79000091552734,42.656551361083984
2018-04-02,228.14527893066406,134.22433471679688,53.94690704345703,39.483619689941406,97.59072875976562,85.65533447265625,88.3374252319336,55.299922943115234,127.26000213623047,41.61100387573242
2018-04-03,231.06942749023438,136.14537048339844,54.292327880859375,39.875038146972656,96.8380355834961,85.3812255859375,88.10335540771484,55.767879486083984,126.30000305175781,42.16214370727539
2018-04-04,233.54165649414062,137.87603759765625,54.48073196411133,39.891700744628906,96.63785552978516,85.33138275146484,88.10335540771484,56.354671478271484,126.44999694824219,42.81864929199219
2018-04-05,235.38478088378906,139.01773071289062,54.84184646606445,39.99163055419922,95.91719055175781,85.11540222167969,88.13355255126953,56.332393646240234,125.80000305175781,42.92401885986328
2018-04-06,230.13900756835938,136.24501037597656,54.48073196411133,39.20879364013672,96.96611785888672,85.48921203613281,88.39784240722656,55.909000396728516,126.38999938964844,42.48633575439453
2018-04-09,231.27322387695312,136.40811157226562,54.92821502685547,39.25043487548828,97.12628936767578,85.50579833984375,88.44312286376953,55.73073196411133,126.81999969482422,42.462032318115234
2018-04-10,234.95054626464844,138.9814910888672,55.5169677734375,40.0166130065918,96.9500961303711,85.3563232421875,88.46578979492188,55.67130661010742,127.12000274658203,42.559288024902344
2018-04-11,233.71890258789062,139.28053283691406,55.30500793457031,40.03327941894531,97.2944564819336,85.43936920166016,88.52623748779297,55.7901611328125,128.11000061035156,42.47822570800781
2018-04-12,235.6416778564453,140.23194885253906,55.5169677734375,40.0166130065918,96.58179473876953,85.13201141357422,88.28457641601562,55.16621780395508,126.62000274658203,42.41341018676758
2018-04-13,234.95054626464844,139.49798583984375,55.57191848754883,39.61686706542969,96.80596160888672,85.20677185058594,88.31477355957031,55.455902099609375,127.44999694824219,42.62412643432617
2018-04-16,236.8822479248047,140.78468322753906,55.658267974853516,39.666831970214844,96.8380355834961,85.16527557373047,88.32234954833984,55.797584533691406,127.62999725341797,43.08611297607422
2018-04-17,239.41651916503906,142.3160400390625,55.90947723388672,39.750118255615234,97.10222625732422,85.215087890625,88.32990264892578,56.451236724853516,127.75,43.183372497558594
2018-04-18,239.5937957763672,142.6966094970703,56.19994354248047,40.09156799316406,96.3255386352539,84.8828125,87.8768539428711,56.332393646240234,127.8499984741211,42.859153747558594
2018-04-19,238.26458740234375,141.7089385986328,55.987972259521484,39.85837936401367,95.54090118408203,84.65025329589844,87.54459381103516,55.51532745361328,127.5999984741211,41.61911392211914
2018-04-20,236.2442169189453,140.94778442382812,55.776023864746094,39.358699798583984,94.85224914550781,84.36783599853516,87.18970489501953,55.0028076171875,126.62999725341797,40.922080993652344
2018-04-23,236.2089080810547,140.73941040039062,55.70536804199219,39.042232513427734,94.87625122070312,84.2847671508789,87.15196228027344,54.95823669433594,125.62000274658203,40.873451232910156
2018-04-24,233.0277557373047,139.93289184570312,55.477718353271484,38.8590087890625,94.44387817382812,84.18510437011719,86.89525604248047,55.16621780395508,126.2300033569336,40.61409378051758
2018-04-25,233.6036834716797,139.72451782226562,55.38351058959961,38.55918884277344,93.81133270263672,84.0023422241211,86.62337493896484,55.062232971191406,125.41000366210938,40.68703079223633
2018-04-26,235.97848510742188,140.3678436279297,55.658267974853516,39.117183685302734,94.46790313720703,84.24320220947266,86.88011169433594,55.78272247314453,124.97000122070312,40.9301872253418
2018-04-27,236.199951171875,140.16851806640625,55.71322250366211,39.358699798583984,95.19656372070312,84.3844223022461,87.07644653320312,56.74091720581055,125.5,41.149024963378906
2018-04-30,234.3834991455078,138.92713928222656,55.532657623291016,39.07554244995117,95.36470031738281,84.47584533691406,87.00091552734375,56.51807403564453,124.58999633789062,40.88966369628906
2018-05-01,234.79994201660156,139.6067657470703,55.336402893066406,38.883995056152344,95.0212631225586,84.343505859375,86.76542663574219,57.030601501464844,123.70999908447266,40.533050537109375
2018-05-02,233.2227020263672,140.1322784423828,55.31285858154297,38.57585906982422,94.91694641113281,84.3601303100586,86.69725799560547,56.82261657714844,123.6500015258789,39.73875045776367
2018-05-03,232.708740234375,139.37112426757812,55.485572814941406,38.492576599121094,95.34226989746094,84.57650756835938,86.71241760253906,56.78548049926758,124.27999877929688,39.6982421875
2018-05-04,235.721435546875,141.1108856201172,55.68182373046875,38.667457580566406,95.4866943359375,84.58482360839844,86.83358001708984,57.409423828125,124.54000091552734,40.27367401123047
2018-05-07,236.51893615722656,142.30699157714844,55.689674377441406,38.44259262084961,95.33419036865234,84.54322814941406,86.7351303100586,57.795650482177734,124.56999969482422,40.02242660522461
2018-05-08,236.51893615722656,143.01382446289062,55.69751739501953,38.65913391113281,95.2459716796875,84.40178680419922,86.70484924316406,57.505977630615234,124.58999633789062,39.860328674316406
2018-05-09,238.80511474609375,143.78395080566406,55.83097457885742,38.73408889770508,94.67619323730469,84.2103500366211,86.6896743774414,57.89223098754883,124.33000183105469,39.917057037353516
2018-05-10,241.03810119628906,144.5541534423828,56.19208526611328,39.54191589355469,95.43853759765625,84.38509368896484,87.12890625,58.34532165527344,125.18000030517578,40.15211486816406
2018-05-11,241.773681640625,144.8350830078125,56.341243743896484,39.47529220581055,95.67930603027344,84.3934097290039,87.28034210205078,58.14476013183594,125.0,40.15211486816406
2018-05-14,241.88873291015625,144.2823028564453,56.443302154541016,39.52526092529297,95.17375183105469,84.2103500366211,87.12132263183594,57.6471061706543,124.48999786376953,40.135887145996094
2018-05-15,240.22291564941406,144.30955505371094,56.03508377075195,38.7090950012207,94.09039306640625,83.74432373046875,86.46253204345703,56.711204528808594,122.4800033569336,39.98189926147461
2018-05-16,241.23301696777344,145.813720703125,56.11359786987305,39.29207229614258,93.72925567626953,83.5695571899414,86.34894561767578,56.540367126464844,122.29000091552734,40.26556396484375
2018-05-17,241.0292510986328,146.48422241210938,56.19994354248047,38.692447662353516,93.25576782226562,83.51962280273438,86.182373046875,56.25811767578125,122.36000061035156,40.403358459472656
2018-05-18,240.4266815185547,146.67449951171875,55.99583053588867,38.36765670776367,94.05829620361328,83.8441390991211,86.53824615478516,56.332393646240234,122.41000366210938,40.15211486816406
2018-05-21,242.234375,147.64405822753906,56.349090576171875,38.60083770751953,94.10639190673828,83.90245819091797,86.59127044677734,57.000885009765625,122.4800033569336,40.32231140136719
2018-05-22,241.5608367919922,146.5748291015625,56.2784423828125,38.73408889770508,93.96195220947266,83.86912536621094,86.50040435791016,57.082584381103516,122.41000366210938,40.249359130859375
2018-05-23,242.22547912597656,146.76512145996094,55.658267974853516,38.71743392944336,94.64408874511719,84.25191497802734,86.8714599609375,57.654544830322266,122.54000091552734,40.395263671875
2018-05-24,241.7292938232422,146.81947326660156,55.485572814941406,38.50922775268555,95.39837646484375,84.46835327148438,87.11376953125,57.53569793701172,123.58999633789062,40.362823486328125
2018-05-25,241.15322875976562,146.55670166015625,55.12445831298828,38.667457580566406,95.99225616455078,84.80121612548828,87.3711929321289,57.73624801635742,123.20999908447266,40.42767333984375
2018-05-29,238.37977600097656,146.3573455810547,54.00186538696289,37.76802062988281,98.0947036743164,85.71666717529297,87.83318328857422,58.01105880737305,123.19000244140625,40.33852005004883
2018-05-30,241.5608367919922,148.6770782470703,54.826133728027344,38.067832946777344,97.43669128417969,85.35044860839844,87.49237823486328,58.79842758178711,123.37000274658203,40.905860900878906
2018-05-31,240.08114624023438,147.4900360107422,54.48073196411133,38.051177978515625,97.27619934082031,85.30883026123047,87.45451354980469,58.5978889465332,123.0999984741211,40.249359130859375
2018-06-01,242.43812561035156,148.45957946777344,54.95175552368164,38.58418273925781,96.76220703125,84.99365234375,87.28668975830078,58.85783386230469,122.48999786376953,40.249359130859375
2018-06-04,243.590087890625,149.24789428710938,55.11660385131836,38.97560119628906,96.06243133544922,84.6934814453125,87.089111328125,59.37034225463867,122.37000274658203,40.58167266845703
2018-06-05,243.76722717285156,150.17213439941406,55.030250549316406,38.67578887939453,96.2876968383789,84.91026306152344,87.14990997314453,59.214378356933594,122.8499984741211,40.395263671875
2018-06-06,245.80540466308594,151.25953674316406,55.52481460571289,39.25875473022461,95.50747680664062,84.56838989257812,86.83087158203125,59.35550308227539,122.91999816894531,40.443885803222656
2018-06-07,245.77882385253906,150.43492126464844,55.21080780029297,38.65913391113281,96.43244171142578,84.92697143554688,87.11953735351562,59.35550308227539,122.86000061035156,40.69514083862305
2018-06-08,246.50538635253906,150.8879852294922,55.27360153198242,38.58418273925781,96.14286041259766,84.81021118164062,86.97520446777344,59.57090759277344,123.01000213623047,41.197654724121094
2018-06-11,246.83314514160156,151.11453247070312,55.62686538696289,38.58418273925781,95.96591186523438,84.726806640625,86.89167022705078,59.48177719116211,123.2300033569336,41.538063049316406
2018-06-12,247.15225219726562,151.8031768798828,55.27360153198242,38.48423385620117,95.99005126953125,84.67679595947266,86.89927673339844,59.83829879760742,122.81999969482422,41.61911392211914
2018-06-13,246.36355590820312,151.2051239013672,55.35211181640625,38.226070404052734,95.94182586669922,84.57674407958984,86.81573486328125,58.672142028808594,123.19000244140625,41.48942565917969
2018-06-14,246.9839324951172,152.01158142089844,55.23435974121094,37.967899322509766,96.73812103271484,84.84358978271484,87.21070098876953,59.229225158691406,123.37999725341797,41.56237030029297
2018-06-15,246.66879272460938,152.05686950683594,54.95175552368164,37.66808319091797,96.82657623291016,84.91026306152344,87.089111328125,59.19207000732422,121.33999633789062,42.0965461730957
2018-06-18,246.1614532470703,152.77276611328125,54.559226989746094,37.21003723144531,96.73812103271484,84.95195770263672,86.99800109863281,59.208580017089844,121.11000061035156,41.48396682739258
2018-06-19,245.21792602539062,152.78184509277344,54.058040618896484,36.79929733276367,97.30116271972656,85.17711639404297,87.04359436035156,59.14860916137695,120.80000305175781,41.70448684692383
2018-06-20,245.63629150390625,154.01416015625,54.09808349609375,36.95857620239258,96.44854736328125,84.90196228027344,86.55741882324219,59.80833053588867,120.26000213623047,41.74533462524414
2018-06-21,244.09640502929688,152.57342529296875,53.713775634765625,36.43885040283203,96.95529174804688,85.1270523071289,86.48905181884766,60.093196868896484,120.05000305175781,41.82701110839844
2018-06-22,244.54151916503906,152.06594848632812,54.28221893310547,36.81605911254883,96.94722747802734,85.14376068115234,86.59540557861328,60.56547546386719,120.33999633789062,42.1700553894043
2018-06-25,241.2126007080078,149.5832061767578,53.529632568359375,36.32149124145508,97.16441345214844,85.26046752929688,86.51184844970703,60.40803146362305,119.88999938964844,42.38241195678711
2018-06-26,241.7466278076172,150.4530792236328,53.625701904296875,36.178985595703125,97.30116271972656,85.30215454101562,86.8005142211914,60.60295867919922,119.26000213623047,42.202728271484375
2018-06-27,239.7439422607422,148.04275512695312,53.121315002441406,35.48324203491211,98.21810150146484,85.6273422241211,87.09669494628906,60.370548248291016,118.58000183105469,42.11288070678711
2018-06-28,241.11471557617188,148.495849609375,53.32146453857422,35.78500747680664,98.24224090576172,85.54399871826172,86.98283386230469,60.91031265258789,118.22000122070312,42.11288070678711
2018-06-29,241.46176147460938,148.39614868164062,53.61769485473633,36.32149124145508,97.9043960571289,85.47727966308594,87.02839660644531,61.060237884521484,118.6500015258789,42.08837890625
2018-07-02,241.97799682617188,149.42005920410156,53.12932205200195,35.961055755615234,97.82778930664062,85.41876983642578,87.03978729248047,60.72290802001953,117.45999908447266,41.843353271484375
2018-07-03,241.12356567382812,150.0157470703125,53.28943634033203,35.9861946105957,98.35182189941406,85.635986328125,87.35978698730469,61.180213928222656,118.6500015258789,41.941368103027344
2018-07-05,243.090576171875,151.7253875732422,53.8178596496582,35.893985748291016,98.63398742675781,85.64437866210938,87.63410186767578,61.90740203857422,119.05000305175781,42.52127456665039
2018-07-06,245.14675903320312,153.00767517089844,54.106082916259766,36.388545989990234,98.9564437866211,85.71954345703125,87.7560043334961,62.237220764160156,118.86000061035156,42.65195083618164
2018-07-09,247.3541259765625,153.97164916992188,54.626487731933594,37.042388916015625,98.319580078125,85.5023422241211,87.81696319580078,61.74243927001953,119.1500015258789,42.48859405517578
2018-07-10,248.24423217773438,153.2714080810547,54.60245895385742,36.95857620239258,98.31150817871094,85.43553161621094,87.71791076660156,61.869873046875,118.93000030517578,42.9949951171875
2018-07-11,246.4284210205078,151.97096252441406,53.689762115478516,36.237667083740234,98.69039916992188,85.61090850830078,87.8931655883789,61.66748046875,117.63999938964844,42.85613250732422
2018-07-12,248.66258239746094,152.7075958251953,54.106082916259766,36.73223876953125,98.682373046875,85.57754516601562,88.08361053466797,61.85490036010742,118.12999725341797,42.79896926879883
2018-07-13,248.8583221435547,152.2529296875,54.27421188354492,36.757389068603516,98.93224334716797,85.71954345703125,88.15216827392578,61.66748046875,117.61000061035156,43.07667541503906
2018-07-16,248.63584899902344,151.66177368164062,54.25019836425781,36.55620193481445,98.52112579345703,85.57754516601562,88.00745391845703,61.33762741088867,117.55000305175781,42.87248229980469
2018-07-17,249.64166259765625,152.33473205566406,54.34626007080078,36.8244514465332,98.33568572998047,85.52741241455078,87.94647216796875,60.93280029296875,116.27999877929688,43.24003601074219
2018-07-18,250.16676330566406,152.76211547851562,54.35427474975586,36.782527923583984,97.94065856933594,85.46052551269531,87.93126678466797,60.662925720214844,116.30999755859375,42.88881301879883
2018-07-19,249.2233123779297,153.84432983398438,54.2421875,36.329872131347656,98.5614013671875,85.6944808959961,88.06838989257812,61.3751335144043,115.80999755859375,42.913333892822266
2018-07-20,248.9385223388672,153.2168426513672,54.49838638305664,36.84959411621094,97.3521728515625,85.39376068115234,87.80935668945312,60.78287124633789,116.55999755859375,43.1746826171875
2018-07-23,249.40135192871094,153.4077911376953,54.49838638305664,36.60649871826172,96.1510009765625,84.9760513305664,87.45885467529297,60.65542984008789,116.0,42.905147552490234
2018-07-24,250.65628051757812,151.7709197998047,54.81863784790039,37.14298629760742,96.48153686523438,85.03453063964844,87.7331771850586,60.34806442260742,116.04000091552734,42.986839294433594
2018-07-25,252.79257202148438,152.32565307617188,55.226951599121094,37.74652862548828,96.32838439941406,84.9760513305664,87.84741973876953,60.827850341796875,116.68000030517578,43.313541412353516
2018-07-26,252.19615173339844,153.1440887451172,54.978759765625,37.327396392822266,96.14291381835938,84.88417053222656,87.93126678466797,61.0302734375,115.7699966430664,43.542236328125
2018-07-27,250.4872283935547,150.28855895996094,55.08283996582031,37.461517333984375,96.30418395996094,85.01780700683594,88.04547882080078,60.3780632019043,115.83000183105469,43.59941101074219
2018-07-30,249.17892456054688,149.3245849609375,55.07483673095703,37.4028434753418,95.97369384765625,84.90922546386719,87.92362213134766,60.41553497314453,115.6500015258789,43.5504035949707
2018-07-31,250.40708923339844,150.84324645996094,55.14689254760742,37.60401153564453,96.49765014648438,85.02616882324219,88.19789123535156,61.42760467529297,115.98999786376953,43.754600524902344
2018-08-01,249.9886932373047,150.74322509765625,54.866668701171875,37.26871871948242,95.71150970458984,84.82528686523438,87.88692474365234,61.86239242553711,115.13999938964844,43.387046813964844
2018-08-02,251.35060119628906,151.84365844726562,54.50639343261719,36.774147033691406,95.8488540649414,84.92575073242188,87.993896484375,61.6150016784668,114.5199966430664,43.82810592651367
2018-08-03,252.42762756347656,151.31622314453125,54.538421630859375,37.05915069580078,96.3255386352539,85.14334869384766,88.26898956298828,62.28221130371094,114.91999816894531,44.34267807006836
2018-08-06,253.3533172607422,152.16195678710938,54.30624008178711,36.774147033691406,96.38211822509766,85.18519592285156,88.35302734375,62.19975280761719,114.33000183105469,44.38351058959961
2018-08-07,254.18997192382812,152.5256805419922,54.73056411743164,37.1513557434082,95.88116455078125,85.00944519042969,88.07793426513672,62.087284088134766,114.58999633789062,44.113975524902344
2018-08-08,254.0831756591797,152.38931274414062,54.682533264160156,37.1010627746582,95.97813415527344,85.08479309082031,87.94041442871094,61.72745895385742,114.91000366210938,43.77909851074219
2018-08-09,253.736083984375,152.7803192138672,54.522403717041016,36.992103576660156,96.7861099243164,85.31912994384766,88.00914001464844,61.75743865966797,114.73999786376953,43.64841842651367
2018-08-10,252.03598022460938,152.35287475585938,53.433563232421875,36.204139709472656,97.48902893066406,85.68743133544922,88.15437316894531,61.2851676940918,114.69000244140625,43.48505783081055
2018-08-13,251.09249877929688,151.4617156982422,53.24140548706055,35.60898208618164,97.28703308105469,85.66232299804688,88.13143157958984,61.165191650390625,112.95999908447266,43.48505783081055
2018-08-14,252.69456481933594,152.9622039794922,53.2333984375,35.82693099975586,97.06885528564453,85.57861328125,88.24604034423828,61.465065002441406,113.06999969482422,43.787261962890625
2018-08-15,250.8076934814453,151.04339599609375,52.464805603027344,34.795867919921875,97.63443756103516,85.78788757324219,88.42942810058594,61.9373664855957,111.19000244140625,43.96696090698242
2018-08-16,252.8370361328125,152.44383239746094,52.83309555053711,35.013824462890625,97.62638854980469,85.76276397705078,88.5440902709961,62.43962478637695,111.0999984741211,44.59587478637695
2018-08-17,253.7271728515625,153.0986328125,53.14533996582031,35.38264846801758,97.74758911132812,85.7962646484375,88.62049102783203,63.01687240600586,112.12999725341797,44.938926696777344
2018-08-20,254.27015686035156,153.52606201171875,53.433563232421875,35.54192352294922,98.40200805664062,86.0640869140625,88.8497543334961,63.061851501464844,112.69000244140625,44.914424896240234
2018-08-21,254.8665008544922,155.29031372070312,53.76181411743164,35.99457931518555,98.07073974609375,85.94694519042969,88.62812805175781,62.67952346801758,113.0199966430664,44.59587478637695
2018-08-22,254.7151336669922,155.67218017578125,53.969974517822266,36.279571533203125,98.45855712890625,86.10595703125,88.62049102783203,62.32719421386719,113.2699966430664,44.31816864013672
2018-08-23,254.37686157226562,155.19935607910156,53.58567810058594,35.69280242919922,98.61210632324219,86.0975570678711,88.65106201171875,62.16975402832031,112.19999694824219,44.211997985839844
2018-08-24,255.90786743164062,156.04507446289062,53.897911071777344,36.35502243041992,98.80598449707031,86.12266540527344,88.82681274414062,62.53709411621094,114.16000366210938,44.154815673828125
2018-08-27,257.9283142089844,156.27247619628906,54.61848831176758,36.87474822998047,98.24039459228516,85.93017578125,88.68929290771484,62.31220245361328,114.58999633789062,44.1793098449707
2018-08-28,258.0528869628906,156.41798400878906,54.570438385009766,36.74061965942383,97.65058135986328,85.73766326904297,88.35302734375,63.151824951171875,113.68000030517578,44.03230667114258
2018-08-29,259.4414978027344,156.87265014648438,54.866668701171875,36.96694564819336,97.77986145019531,85.71251678466797,88.26132202148438,63.16682434082031,114.19999694824219,44.081302642822266
2018-08-30,258.3912048339844,156.7453155517578,54.34626007080078,36.00295639038086,97.98994445800781,85.87159729003906,88.34537506103516,62.76198959350586,113.63999938964844,43.94245147705078
2018-08-31,258.400146484375,157.3455352783203,53.9139289855957,36.187381744384766,97.76373291015625,85.88832092285156,88.21549224853516,63.0093994140625,113.51000213623047,43.92610168457031
2018-09-04,257.955078125,156.6453094482422,53.45757293701172,35.48324203491211,97.19849395751953,85.69203186035156,88.05296325683594,62.259708404541016,112.93000030517578,43.86894607543945
2018-09-05,257.26068115234375,156.2269744873047,52.969200134277344,34.97190856933594,96.9393539428711,85.68368530273438,87.99932098388672,62.61956787109375,113.31999969482422,44.37534713745117
2018-09-06,256.48638916015625,155.1720428466797,52.8090705871582,35.005435943603516,97.295654296875,85.85983276367188,88.24461364746094,62.79948806762695,113.54000091552734,44.497867584228516
2018-09-07,255.9879150390625,155.0902099609375,52.38474655151367,34.82939910888672,96.46969604492188,85.47399139404297,87.876708984375,62.11729049682617,113.2300033569336,44.408023834228516
2018-09-10,256.4330139160156,155.28118896484375,52.704994201660156,34.48572540283203,96.82597351074219,85.52432250976562,88.16795349121094,62.3946533203125,113.1500015258789,44.563209533691406
2018-09-11,257.2785949707031,155.53582763671875,52.753028869628906,34.5611572265625,96.08910369873047,85.21401977539062,87.96869659423828,62.387168884277344,113.22000122070312,44.399845123291016
2018-09-12,257.3409118652344,155.16297912597656,52.977195739746094,34.73720169067383,96.3158187866211,85.31464385986328,88.14495086669922,62.417144775390625,114.16999816894531,44.914424896240234
2018-09-13,258.8629455566406,155.19935607910156,53.369510650634766,35.20661926269531,96.4615707397461,85.30625915527344,88.32891082763672,62.724491119384766,113.76000213623047,44.84906768798828
2018-09-14,258.9075012207031,155.85414123535156,53.4495735168457,35.17308807373047,96.00004577636719,85.14692687988281,88.22161865234375,62.32719421386719,113.0199966430664,44.726558685302734
2018-09-17,257.53668212890625,154.19900512695312,53.49760818481445,34.85455322265625,96.00004577636719,85.16362762451172,88.16795349121094,62.529598236083984,113.61000061035156,44.889915466308594
2018-09-18,258.9341735839844,154.8446807861328,54.058040618896484,35.189857482910156,94.99591064453125,84.8114013671875,87.80770111083984,62.229736328125,113.44000244140625,44.70205307006836
2018-09-19,259.21002197265625,154.28082275390625,54.25019836425781,35.67604064941406,94.42901611328125,84.6688003540039,87.67742156982422,61.502559661865234,113.87999725341797,44.6203727722168
2018-09-20,261.3106384277344,155.70864868164062,54.92271423339844,36.070011138916016,94.86628723144531,84.67717742919922,87.90734100341797,62.07978820800781,114.2699966430664,45.183956146240234
2018-09-21,261.07183837890625,154.96290588378906,54.946739196777344,36.237667083740234,94.82583618164062,84.71075439453125,87.92272186279297,62.05732345581055,113.48999786376953,45.25633239746094
2018-09-24,260.2045593261719,154.3899383544922,54.69854736328125,35.82693099975586,94.58289337158203,84.61849975585938,87.7234115600586,60.94287872314453,113.47000122070312,44.56538772583008
2018-09-25,259.9631652832031,154.62640380859375,54.97074890136719,35.969425201416016,94.48572540283203,84.53462219238281,87.7234115600586,60.95049285888672,113.6500015258789,44.30218505859375
2018-09-26,259.1853332519531,153.2130889892578,54.99477767944336,36.04486846923828,95.14973449707031,84.8114013671875,88.03760528564453,60.22073745727539,113.05000305175781,44.351539611816406
2018-09-27,259.9095153808594,153.2222137451172,54.8826789855957,36.22090530395508,95.21453857421875,84.8114013671875,88.15261840820312,60.50960922241211,112.05000305175781,44.29395294189453
2018-09-28,259.9363708496094,153.68722534179688,54.43433380126953,35.97780990600586,94.96348571777344,84.85334014892578,88.09131622314453,61.33058547973633,112.76000213623047,44.35976791381836
2018-10-01,260.8393859863281,151.66299438476562,54.49838638305664,35.9861946105957,94.26631164550781,84.63818359375,87.9698486328125,60.76044464111328,112.56999969482422,44.32686233520508
2018-10-02,260.6875,150.0216827392578,54.218170166015625,35.533538818359375,94.8425521850586,84.85669708251953,88.04669952392578,60.62362289428711,113.87000274658203,44.58184814453125
2018-10-03,260.83050537109375,151.33474731445312,54.12208557128906,35.240142822265625,93.19505310058594,84.22635650634766,87.53157806396484,59.97747802734375,113.41999816894531,44.10477828979492
2018-10-04,258.7918701171875,149.21018981933594,53.48960876464844,34.359981536865234,92.53765106201172,84.0079116821289,87.17024230957031,59.475772857666016,113.4800033569336,43.99783706665039
2018-10-05,257.3434753417969,147.86070251464844,53.16935729980469,34.23423385620117,91.74227142333984,83.80615997314453,86.83196258544922,59.44536590576172,113.80000305175781,43.95671463012695
2018-10-08,257.3434753417969,147.5507049560547,52.91315460205078,34.284542083740234,91.43392181396484,83.83979797363281,86.73970031738281,60.30436325073242,112.54000091552734,44.56538772583008
2018-10-09,256.9679260253906,146.97628784179688,52.77704620361328,34.158790588378906,92.359130859375,83.9994888305664,86.9857406616211,60.38798904418945,112.5999984741211,44.466697692871094
2018-10-10,248.83152770996094,142.75453186035156,51.65616989135742,33.1445198059082,92.10749053955078,84.04150390625,86.74740600585938,59.490966796875,112.87999725341797,43.93204116821289
2018-10-11,243.35061645507812,140.0281982421875,50.93561553955078,32.80921173095703,93.22744750976562,84.38607788085938,87.1087417602539,57.7881965637207,115.77999877929688,42.846282958984375
2018-10-12,246.7303924560547,140.05552673339844,51.11975860595703,33.77321243286133,92.90283966064453,84.28524017333984,87.1241226196289,57.636165618896484,115.2300033569336,43.08481216430664
2018-10-15,245.34446716308594,140.57528686523438,50.99966812133789,33.41275405883789,92.86229705810547,84.33565521240234,86.96268463134766,58.023834228515625,116.0,43.3480224609375
2018-10-16,250.7091064453125,144.651123046875,51.872344970703125,34.25101852416992,93.07329559326172,84.32725524902344,87.18562316894531,59.21730041503906,115.80000305175781,43.833343505859375
2018-10-17,250.75390625,144.0310821533203,51.57612228393555,33.831878662109375,92.52141571044922,84.08354187011719,86.75506591796875,58.98925018310547,115.79000091552734,44.038970947265625
2018-10-18,247.13272094726562,141.3320770263672,50.743473052978516,32.943336486816406,92.48894500732422,84.23479461669922,86.75506591796875,58.87522506713867,115.91999816894531,43.98139190673828
2018-10-19,246.99855041503906,139.8367156982422,51.03168869018555,33.253482818603516,92.28608703613281,84.13392639160156,86.64745330810547,59.384559631347656,116.01000213623047,44.984893798828125
2018-10-22,245.8899688720703,139.53582763671875,50.80751037597656,33.61393356323242,92.16429901123047,84.1507568359375,86.53977966308594,58.55595779418945,115.70999908447266,44.64764404296875
2018-10-23,244.63807678222656,138.28662109375,50.32714080810547,33.24509811401367,92.45645904541016,84.36924743652344,86.6628646850586,58.814422607421875,116.38999938964844,44.84505844116211
2018-10-24,237.22593688964844,133.0801544189453,48.902034759521484,32.17213821411133,93.15446472167969,84.8231201171875,86.78582763671875,59.36933135986328,116.66000366210938,45.03424835205078
2018-10-25,241.48191833496094,135.96148681640625,49.518516540527344,32.79244613647461,92.76488494873047,84.62140655517578,86.67820739746094,60.12952423095703,116.4000015258789,45.14118194580078
2018-10-26,237.23484802246094,134.47515869140625,49.1822509765625,32.41523361206055,93.3248519897461,84.99957275390625,86.82427978515625,58.6851806640625,116.7699966430664,44.27751159667969
2018-10-29,235.9204864501953,133.73663330078125,49.046138763427734,31.85360336303711,93.11386108398438,84.99116516113281,86.72433471679688,59.43015670776367,116.30999755859375,44.78749084472656
2018-10-30,239.41648864746094,136.5267791748047,49.63860321044922,32.47391128540039,92.65125274658203,84.80624389648438,86.53211975097656,60.2435302734375,115.80000305175781,45.67583465576172
2018-10-31,241.9736785888672,136.80030822753906,50.00688934326172,32.82597351074219,92.18054962158203,84.59617614746094,86.28612518310547,59.536590576171875,115.1500015258789,45.24810791015625
2018-11-01,244.54879760742188,139.9552459716797,50.64738464355469,33.99953079223633,92.26596069335938,84.66860961914062,86.54759216308594,59.81785202026367,116.62999725341797,45.56890106201172
2018-11-02,243.1002655029297,140.42022705078125,50.719444274902344,34.21747970581055,91.11882781982422,84.19697570800781,86.20047760009766,59.32373809814453,116.6500015258789,45.330360412597656
2018-11-05,244.44142150878906,140.3108673095703,50.719444274902344,34.30968475341797,91.4767837524414,84.24748992919922,86.35472869873047,60.20553970336914,116.37000274658203,45.89792251586914
2018-11-06,245.98828125,141.0038299560547,50.9276123046875,34.25101852416992,91.41987609863281,84.15484619140625,86.50131225585938,60.50960922241211,116.04000091552734,46.177589416503906
2018-11-07,251.25454711914062,143.52960205078125,51.60813522338867,34.89646530151367,91.54187774658203,84.15484619140625,86.7249984741211,61.23175048828125,116.02999877929688,46.4407958984375
2018-11-08,250.79864501953125,143.14654541015625,51.10374069213867,33.99114990234375,91.53374481201172,84.03693389892578,86.4704360961914,61.27736282348633,115.77999877929688,46.46547317504883
2018-11-09,248.34864807128906,140.49322509765625,50.76747512817383,33.36246109008789,92.2171630859375,84.36540985107422,86.53215026855469,61.269752502441406,114.4800033569336,46.736915588378906
2018-11-12,243.70823669433594,137.71218872070312,49.93483352661133,32.893035888671875,92.81913757324219,84.61807250976562,86.52444458007812,61.39140701293945,113.66000366210938,46.490142822265625
2018-11-13,243.2522430419922,137.2744903564453,50.15101623535156,33.2702522277832,92.76226043701172,84.6854248046875,86.4087142944336,61.33058547973633,113.69999694824219,46.383216857910156
2018-11-14,241.58914184570312,136.27145385742188,50.191043853759766,33.471439361572266,92.81913757324219,84.8623046875,86.17733764648438,61.17857360839844,114.63999938964844,46.070648193359375
2018-11-15,244.11056518554688,138.21368408203125,50.351158142089844,34.21747970581055,92.77853393554688,84.9212646484375,86.01536560058594,60.76044464111328,114.7699966430664,45.99662780761719
2018-11-16,244.7454376220703,138.54188537597656,50.40720748901367,34.284542083740234,93.31544494628906,85.18235778808594,86.18504333496094,61.41419982910156,115.62000274658203,46.11178207397461
2018-11-19,240.60569763183594,135.73350524902344,49.96686553955078,33.82349395751953,93.57575225830078,85.30870819091797,86.10020446777344,61.497833251953125,115.66999816894531,46.037757873535156
2018-11-20,236.1529998779297,133.11656188964844,49.10218811035156,33.09422302246094,93.60832977294922,85.29183959960938,85.89190673828125,60.86688995361328,115.66999816894531,45.272796630859375
2018-11-21,236.95770263671875,134.97666931152344,49.79072952270508,33.706146240234375,93.57575225830078,85.2750244140625,86.07705688476562,60.92011260986328,115.86000061035156,44.91086196899414
2018-11-23,235.37515258789062,134.84906005859375,49.462467193603516,33.312171936035156,93.67341613769531,85.32551574707031,86.11563873291016,60.7984733581543,115.7699966430664,45.067142486572266
2018-11-26,239.17506408691406,136.59971618652344,50.20704650878906,33.72290802001953,93.46189880371094,85.25818634033203,86.1541976928711,60.91249084472656,115.63999938964844,45.124732971191406
2018-11-27,239.97979736328125,135.46908569335938,50.01490020751953,33.957618713378906,93.56766510009766,85.34242248535156,86.04621887207031,61.17096710205078,114.94999694824219,45.52777099609375
2018-11-28,245.5054168701172,138.81546020507812,50.72745895385742,34.770729064941406,93.112060546875,85.33393096923828,86.2776107788086,61.71828842163086,115.37999725341797,45.906150817871094
2018-11-29,244.9689483642578,138.44163513183594,50.47126388549805,34.46894836425781,93.47816467285156,85.55294036865234,86.03077697753906,61.73349380493164,115.73999786376953,45.98017501831055
2018-11-30,246.46205139160156,139.1619415283203,50.25508499145508,34.435420989990234,93.82801055908203,85.72139739990234,85.9767837524414,62.31880569458008,115.54000091552734,46.27629089355469
2018-12-03,249.72560119628906,140.49322509765625,50.91960144042969,35.13117599487305,94.49422454833984,85.90873718261719,86.29634857177734,62.65327072143555,116.41000366210938,46.317420959472656
2018-12-04,241.6339111328125,134.51165771484375,49.59857177734375,34.385128021240234,96.0761947631836,86.305419921875,86.31185150146484,61.72587585449219,117.12000274658203,45.53600311279297
2018-12-06,241.26727294921875,134.2198944091797,49.134220123291016,34.066593170166016,96.3779296875,86.52487182617188,86.57489776611328,63.2537956237793,117.13999938964844,45.585357666015625
2018-12-07,235.6611785888672,131.3203125,48.6378288269043,33.42951202392578,96.55731964111328,86.77806091308594,86.5826416015625,62.42524719238281,118.08999633789062,45.009578704833984
2018-12-10,236.1082305908203,130.93736267089844,48.261531829833984,33.077457427978516,96.95687103271484,86.82867431640625,86.84578704833984,62.022335052490234,117.68000030517578,45.009578704833984
2018-12-11,236.16195678710938,130.80056762695312,48.41365051269531,33.32892608642578,96.94056701660156,86.60926818847656,87.00053405761719,62.05274200439453,117.54000091552734,45.37971115112305
2018-12-12,237.35105895996094,132.0497283935547,49.12620162963867,33.87379837036133,96.50836181640625,86.3729476928711,87.09341430664062,61.09494400024414,117.79000091552734,45.32213592529297
2018-12-13,237.27061462402344,130.18055725097656,49.03814697265625,33.86540985107422,96.28005981445312,86.423583984375,87.32553100585938,61.44800567626953,117.52999877929688,45.601802825927734
2018-12-14,232.88949584960938,128.21099853515625,48.40564727783203,33.387611389160156,96.6143569946289,86.55860900878906,87.23265838623047,61.27110290527344,117.05999755859375,44.82861328125
2018-12-17,228.32058715820312,125.35565948486328,48.0213508605957,33.077457427978516,97.17707824707031,86.8117904663086,87.32553100585938,58.96332550048828,117.87000274658203,43.79220962524414
2018-12-18,228.0701904296875,125.20014190673828,48.06018829345703,33.30207443237305,97.75902557373047,87.02581024169922,87.6375961303711,59.5710334777832,118.1500015258789,43.27401351928711
2018-12-19,224.6547088623047,122.59276580810547,47.59891891479492,32.749027252197266,99.05049133300781,87.3302001953125,87.56771850585938,58.91716384887695,117.43000030517578,42.85451889038086
2018-12-20,220.99774169921875,120.57089233398438,47.40471649169922,33.0042839050293,98.69082641601562,87.22029876708984,87.28052520751953,58.03251647949219,119.23999786376953,42.08953857421875
2018-12-21,216.46958923339844,117.44203186035156,46.57930374145508,32.77455520629883,98.67449188232422,87.29641723632812,87.19512939453125,57.22482681274414,118.72000122070312,41.652923583984375
2018-12-24,210.74984741210938,115.16402435302734,46.03711700439453,32.46824645996094,99.16492462158203,87.51632690429688,86.9933090209961,55.18628692626953,120.0199966430664,40.4493293762207
2018-12-26,221.3979949951172,120.69898223876953,47.10529327392578,33.114891052246094,98.1023178100586,87.10189056396484,86.92346954345703,57.03248977661133,119.66000366210938,41.578224182128906
2018-12-27,223.09776306152344,121.20215606689453,47.24287033081055,33.07234573364258,98.11866760253906,87.32176971435547,86.92346954345703,57.024803161621094,120.56999969482422,41.976654052734375
2018-12-28,222.80996704101562,121.5498275756836,47.49372863769531,33.38716506958008,98.94424438476562,87.79541015625,87.3348388671875,57.209434509277344,121.05999755859375,41.976654052734375
2018-12-31,224.7615203857422,122.50126647949219,47.56656265258789,33.2340087890625,99.32022094726562,88.1252212524414,87.57548522949219,57.36328125,121.25,42.150970458984375
2019-01-02,224.9952850341797,123.19658660888672,47.46945571899414,33.319095611572266,99.84334564208984,88.31126403808594,87.84716033935547,56.11708450317383,121.33000183105469,41.901947021484375
2019-01-03,219.62631225585938,120.99173736572266,47.04056167602539,32.714996337890625,100.9795150756836,89.01323699951172,87.885986328125,56.509403228759766,122.43000030517578,41.661224365234375
2019-01-04,226.9828643798828,125.51119232177734,48.480995178222656,33.77003860473633,99.8106689453125,88.29436492919922,87.8316650390625,57.170963287353516,121.44000244140625,42.54940414428711
2019-01-07,228.77256774902344,127.7069091796875,48.66710662841797,33.846622467041016,99.51636505126953,88.04911041259766,87.83943939208984,57.73250961303711,121.86000061035156,42.491294860839844
2019-01-08,230.9219207763672,129.66470336914062,48.982704162597656,33.9742431640625,99.25482940673828,87.8292236328125,88.0334701538086,58.92486572265625,121.52999877929688,42.88142395019531
2019-01-09,232.0010986328125,130.73513793945312,49.53298568725586,34.57834243774414,99.0995101928711,87.87998962402344,88.36724853515625,58.840248107910156,122.30999755859375,42.482994079589844
2019-01-10,232.8195343017578,131.4121551513672,49.727210998535156,34.82508850097656,98.46197509765625,87.83768463134766,88.13441467285156,59.640281677246094,121.58999633789062,42.73200988769531
2019-01-11,232.909423828125,131.44873046875,49.3873291015625,34.6549186706543,98.84612274169922,88.09986877441406,88.29739379882812,59.80949783325195,121.80000305175781,42.856536865234375
2019-01-14,231.48855590820312,130.1404266357422,49.160743713378906,34.365631103515625,98.47831726074219,88.04911041259766,88.06452941894531,59.60950469970703,122.08999633789062,42.64900207519531
2019-01-15,234.14157104492188,131.23831176757812,49.41970443725586,34.60387420654297,98.11866760253906,87.96453094482422,88.11883544921875,60.1787223815918,121.87999725341797,43.07234191894531
2019-01-16,234.70809936523438,132.21722412109375,49.557273864746094,35.02928924560547,98.2167739868164,87.91380310058594,88.28960418701172,60.60184860229492,122.2699966430664,42.83993148803711
2019-01-17,236.48883056640625,133.4157257080078,49.735294342041016,35.182437896728516,98.2413101196289,87.75310516357422,88.46817016601562,60.894161224365234,122.11000061035156,43.022552490234375
2019-01-18,239.63645935058594,134.78797912597656,50.23701858520508,35.35261535644531,97.72633361816406,87.4739990234375,88.62340545654297,61.101844787597656,121.0199966430664,43.537193298339844
2019-01-22,236.39881896972656,132.65634155273438,49.46015930175781,34.74000930786133,98.38842010498047,87.77848052978516,88.77091979980469,60.9172248840332,121.44999694824219,43.138755798339844
2019-01-23,236.89353942871094,132.29043579101562,49.68674087524414,35.09735870361328,98.34752655029297,87.73616790771484,88.99602508544922,60.92493438720703,121.27999877929688,43.65339660644531
2019-01-24,237.01939392089844,133.08636474609375,49.74339294433594,35.43769454956055,98.99324798583984,88.01526641845703,89.2289047241211,61.13261032104492,121.08999633789062,43.11385726928711
2019-01-25,239.0249786376953,134.7971649169922,50.30984878540039,35.90566635131836,98.51918029785156,87.81234741210938,89.3065185546875,61.89419937133789,122.86000061035156,42.93953323364258
2019-01-28,237.20826721191406,134.0744171142578,50.03471374511719,35.53129577636719,98.42108917236328,87.83768463134766,89.291015625,62.50189208984375,123.29000091552734,43.12215042114258
2019-01-29,236.89353942871094,133.75421142578125,50.148006439208984,35.59084701538086,98.91968536376953,88.09139251708984,89.48507690429688,62.99421691894531,123.9800033569336,43.22175979614258
2019-01-30,240.6437530517578,135.21800231933594,50.69827651977539,36.36511993408203,98.84612274169922,88.29436492919922,89.896484375,63.50191116333008,124.69000244140625,43.51228332519531
2019-01-31,242.757080078125,136.3707275390625,50.722557067871094,36.671417236328125,99.69622802734375,88.70034790039062,90.52519989013672,64.16348266601562,124.75,44.31745529174805
2019-02-01,242.8740692138672,136.48048400878906,50.70637130737305,36.38212966918945,99.0941162109375,88.22573852539062,90.30952453613281,63.75578308105469,124.5,44.17633819580078
2019-02-04,244.58277893066406,138.10902404785156,50.892494201660156,36.44169235229492,98.6517105102539,88.0307846069336,90.18494415283203,64.23272705078125,123.95999908447266,44.45857238769531
2019-02-05,245.6080322265625,138.25535583496094,51.28902816772461,36.94369888305664,99.10226440429688,88.18335723876953,90.55087280273438,64.60197448730469,124.27999877929688,44.46687316894531
2019-02-06,245.2843475341797,138.08154296875,51.03007125854492,36.44169235229492,99.15141296386719,88.25116729736328,90.37960815429688,64.17888641357422,123.44000244140625,44.47517395019531
2019-02-07,242.94606018066406,136.9470977783203,50.350318908691406,36.075836181640625,99.80680847167969,88.53929138183594,90.3640365600586,64.70965576171875,123.73999786376953,44.44196319580078
2019-02-08,243.24281311035156,137.09347534179688,50.18846893310547,35.87162399291992,100.23283386230469,88.65795135498047,90.58981323242188,64.70965576171875,124.20999908447266,44.649478912353516
2019-02-11,243.37770080566406,138.23707580566406,50.13991165161133,35.75251388549805,99.83956146240234,88.52232360839844,90.38738250732422,64.88658142089844,123.5999984741211,44.76569366455078
2019-02-12,246.5074462890625,139.96615600585938,50.722557067871094,36.050296783447266,99.5856704711914,88.40369415283203,90.51194763183594,64.47888946533203,123.86000061035156,45.114315032958984
2019-02-13,247.3077850341797,140.35955810546875,50.730655670166016,35.79505157470703,99.20880126953125,88.18335723876953,90.27838134765625,64.80966186523438,123.37000274658203,45.197330474853516
2019-02-14,246.75926208496094,140.6797637939453,50.746829986572266,35.863121032714844,99.77405548095703,88.59861755371094,90.37960815429688,65.01732635498047,124.05999755859375,44.69097900390625
2019-02-15,249.44821166992188,142.9211883544922,51.48323059082031,35.812076568603516,99.92970275878906,88.51387786865234,90.4886245727539,65.45584106445312,124.80000305175781,45.114315032958984
2019-02-19,249.87994384765625,143.31459045410156,51.67744827270508,36.09284591674805,100.18364715576172,88.66641235351562,90.54312896728516,65.44046020507812,126.69999694824219,45.34674072265625
2019-02-20,250.3834991455078,143.99159240722656,51.82311248779297,36.297054290771484,99.89696502685547,88.6494369506836,90.46525573730469,65.03273010253906,126.4800033569336,45.26373291015625
2019-02-21,249.49325561523438,143.4427032470703,51.717918395996094,36.2204704284668,99.00399017333984,88.3867416381836,90.20830535888672,65.09427642822266,125.05000305175781,45.396541595458984
2019-02-22,251.04005432128906,144.68692016601562,51.88785171508789,36.62037658691406,99.59381866455078,88.6494369506836,90.61318969726562,65.4789047241211,125.5,45.18073654174805
2019-02-25,251.38172912597656,144.7235107421875,52.041603088378906,37.028778076171875,99.29887390136719,88.51387786865234,90.58204650878906,64.96351623535156,125.37000274658203,44.93171310424805
2019-02-26,251.20191955566406,143.7262725830078,52.2924690246582,36.901145935058594,99.79045104980469,88.7765884399414,90.72220611572266,64.76350402832031,125.58000183105469,44.95661163330078
2019-02-27,251.09397888183594,143.92759704589844,52.082069396972656,36.58633804321289,98.65988159179688,88.46300506591797,90.46525573730469,64.44042205810547,124.69000244140625,44.89019775390625
2019-02-28,250.62632751464844,143.43356323242188,52.009239196777344,36.109867095947266,98.3239974975586,88.23417663574219,90.34071350097656,64.60966491699219,123.98999786376953,45.10601806640625
2019-03-01,252.19110107421875,144.76927185058594,52.2924690246582,36.15240478515625,97.41525268554688,87.94468688964844,90.18292236328125,64.4096450805664,121.87999725341797,45.023006439208984
2019-03-04,251.27394104003906,143.46096801757812,52.09824752807617,36.203460693359375,98.17869567871094,88.21634674072266,90.38593292236328,64.70196533203125,121.55999755859375,44.948307037353516
2019-03-05,250.9320831298828,142.7931671142578,52.14680099487305,36.56081008911133,98.3839340209961,88.26730346679688,90.4172134399414,64.8788833618164,121.72000122070312,44.91510009765625
2019-03-06,249.41226196289062,139.99366760253906,52.017330169677734,36.35661315917969,98.74518585205078,88.51356506347656,90.50311279296875,64.5788803100586,121.61000061035156,44.84869384765625
2019-03-07,247.32583618164062,138.76771545410156,51.35375213623047,35.68444061279297,99.38553619384766,88.81076049804688,90.79991912841797,64.44042205810547,121.51000213623047,44.558170318603516
2019-03-08,246.83106994628906,138.7310791015625,51.361846923828125,35.4291877746582,99.80422973632812,88.93814849853516,90.91703033447266,64.5096664428711,122.83999633789062,44.583072662353516
2019-03-11,250.41046142578125,141.15548706054688,51.806922912597656,36.09284591674805,99.50865173339844,88.87019348144531,91.01859283447266,65.45584106445312,122.23999786376953,45.16413497924805
2019-03-12,251.35476684570312,141.22869873046875,51.77456283569336,36.280033111572266,100.2064437866211,89.11642456054688,91.26847839355469,65.75582885742188,122.9800033569336,45.18073654174805
2019-03-13,253.0185546875,141.78675842285156,52.21962356567383,36.32257843017578,100.01766204833984,89.08250427246094,91.12012481689453,66.07894897460938,123.83999633789062,45.43804168701172
2019-03-14,252.85662841796875,141.21038818359375,52.2115364074707,36.12688064575195,99.29521179199219,88.95511627197266,90.94050598144531,66.17894744873047,122.41000366210938,45.396541595458984
2019-03-15,254.1058807373047,141.58551025390625,52.77800750732422,36.65440368652344,99.95196533203125,89.23532104492188,91.26847839355469,65.9712142944336,122.97000122070312,45.653602600097656
2019-03-18,255.0272979736328,142.49118041992188,52.96413040161133,37.062808990478516,99.89453125,89.11642456054688,91.22167205810547,65.64045715332031,123.04000091552734,45.720375061035156
2019-03-19,255.0904998779297,141.76846313476562,53.069332122802734,37.079837799072266,99.6728515625,89.0570068359375,91.23727416992188,65.44046020507812,123.37999725341797,45.686981201171875
2019-03-20,254.32269287109375,140.5869598388672,53.093605041503906,37.13938522338867,100.71546936035156,89.6769027709961,91.85429382324219,65.64045715332031,124.18000030517578,45.495025634765625
2019-03-21,257.1951904296875,142.43080139160156,53.06123352050781,37.1904411315918,100.9371109008789,89.63438415527344,92.02606201171875,66.80973052978516,123.68000030517578,46.0291862487793
2019-03-22,252.24513244628906,137.24795532226562,52.041603088378906,36.101356506347656,102.50519561767578,90.29672241210938,92.58840942382812,66.3250732421875,123.97000122070312,45.970767974853516
2019-03-25,252.0554656982422,137.85337829589844,52.11443328857422,36.186439514160156,102.66932678222656,90.52600860595703,92.77584838867188,66.40972137451172,124.91999816894531,46.062557220458984
2019-03-26,253.934326171875,139.30276489257812,52.373382568359375,36.297054290771484,102.59548950195312,90.4495620727539,92.81490325927734,66.94048309326172,124.30000305175781,46.454837799072266
2019-03-27,252.60643005371094,138.76153564453125,52.39766311645508,35.90566635131836,103.53959655761719,90.71282958984375,92.93988800048828,66.7481918334961,123.6500015258789,46.296268463134766
2019-03-28,253.5640106201172,139.99990844726562,52.268192291259766,36.14390563964844,103.90081024169922,90.7212905883789,93.05702209472656,67.39586639404297,121.9000015258789,46.521610260009766
2019-03-29,255.16275024414062,140.4310302734375,52.48668670654297,36.518272399902344,103.80229187011719,90.57694244384766,92.98674011230469,67.33387756347656,122.01000213623047,46.830413818359375
2019-04-01,258.1888122558594,141.9629364013672,53.15834426879883,37.12237548828125,102.32789611816406,89.95410919189453,92.64046478271484,67.295166015625,121.52999877929688,46.67184829711914
2019-04-02,258.3153381347656,141.59603881835938,53.174530029296875,37.00325393676758,102.51712799072266,90.10726928710938,92.7658462524414,67.76773834228516,121.9800033569336,46.28791427612305
2019-04-03,258.7218933105469,142.32986450195312,53.58723068237305,37.258506774902344,101.62854766845703,89.82648468017578,92.56996154785156,67.69026947021484,121.80000305175781,46.062557220458984
2019-04-04,259.4082336425781,143.0270233154297,53.47393798828125,37.48823928833008,101.91647338867188,89.9200668334961,92.71880340576172,67.58182525634766,122.11000061035156,46.23784255981445
2019-04-05,260.66387939453125,144.36630249023438,53.61151123046875,37.777523040771484,102.04815673828125,89.96261596679688,92.86764526367188,68.0544204711914,121.9800033569336,46.39640426635742
2019-04-08,260.86260986328125,144.1278076171875,53.64388656616211,37.777523040771484,101.6861572265625,89.81796264648438,92.73448181152344,67.6747817993164,122.51000213623047,46.58837890625
2019-04-09,259.5256652832031,142.36656188964844,53.30400085449219,37.700950622558594,102.00700378417969,89.9796371459961,92.93030548095703,67.31838989257812,123.1500015258789,46.529964447021484
2019-04-10,260.4109191894531,144.3020782470703,53.506317138671875,37.87962341308594,102.25382995605469,90.19234466552734,93.38465118408203,67.93819427490234,123.52999877929688,46.66350173950195
2019-04-11,260.33868408203125,144.11862182617188,53.39302062988281,37.471221923828125,101.65319061279297,89.9881362915039,93.29067993164062,67.89170837402344,121.94999694824219,46.75530242919922
2019-04-12,262.1000671386719,144.64151000976562,53.7652702331543,37.74349594116211,100.92916870117188,89.57122802734375,93.2358169555664,68.21711730957031,121.83000183105469,46.90553283691406
2019-04-15,261.92852783203125,144.1736602783203,53.7895393371582,37.54780197143555,101.18421173095703,89.6903076171875,93.0870132446289,67.86847686767578,121.5999984741211,47.18095779418945
2019-04-16,262.1000671386719,144.51304626464844,53.82999801635742,37.828575134277344,100.55070495605469,89.3840560913086,92.8284912109375,66.33445739746094,120.51000213623047,47.189308166503906
2019-04-17,261.45880126953125,143.192138671875,53.983760833740234,37.93917465209961,100.5918197631836,89.40105438232422,92.81282806396484,65.73014831542969,120.27999877929688,47.423004150390625
2019-04-18,261.97369384765625,142.77020263671875,53.951377868652344,37.91365051269531,101.11845397949219,89.61376953125,92.89116668701172,66.23374938964844,120.37000274658203,47.464725494384766
2019-04-22,262.199462890625,142.39410400390625,53.862361907958984,37.66691207885742,100.63299560546875,89.48613739013672,92.74232482910156,65.50547790527344,120.37000274658203,47.481414794921875
2019-04-23,264.55706787109375,144.54058837890625,53.96757888793945,37.75199508666992,100.8469009399414,89.64777374267578,93.12616729736328,66.3731918334961,120.12000274658203,47.33119201660156
2019-04-24,263.9699401855469,144.99005126953125,53.5953254699707,37.24148941040039,101.66967010498047,89.9881362915039,93.43949127197266,66.86129760742188,120.47000122070312,47.43134689331055
2019-04-25,263.807373046875,143.78843688964844,53.554866790771484,37.1904411315918,101.52156066894531,89.87751007080078,93.39252471923828,66.72181701660156,120.56999969482422,47.13088607788086
2019-04-26,265.03582763671875,145.18267822265625,53.773353576660156,37.3350830078125,101.86714935302734,90.11578369140625,93.72151947021484,67.2486801147461,121.37000274658203,47.55653762817383
2019-04-29,265.45135498046875,145.87982177734375,53.991859436035156,37.411659240722656,101.2171401977539,89.92858123779297,93.35332489013672,66.59013366699219,120.83000183105469,47.61494827270508
2019-04-30,265.5867919921875,145.20103454589844,54.024227142333984,37.377628326416016,101.7354965209961,90.10726928710938,93.39252471923828,67.22543334960938,121.19999694824219,48.16579818725586
2019-05-01,263.59051513671875,143.82508850097656,53.71671676635742,37.096839904785156,102.15518951416016,90.06632995605469,93.3626480102539,67.27965545654297,120.4000015258789,47.5732307434082
2019-05-02,263.02142333984375,144.49468994140625,53.63578414916992,37.18193054199219,101.6686782836914,89.81056213378906,93.02477264404297,67.34939575195312,119.94000244140625,47.55653762817383
2019-05-03,265.5958557128906,147.25584411621094,54.2103385925293,37.62437438964844,101.95729064941406,89.92992401123047,93.44120788574219,67.92271423339844,120.6500015258789,47.9154167175293
2019-05-06,264.5028991699219,147.42091369628906,53.5953254699707,36.850101470947266,102.23760986328125,90.1601333618164,93.56694030761719,67.70577239990234,120.80999755859375,47.84029769897461
2019-05-07,260.08575439453125,144.50389099121094,52.656620025634766,36.12688064575195,103.0208969116211,90.4670639038086,93.55905151367188,66.48167419433594,121.20999908447266,47.36458206176758
2019-05-08,259.7243957519531,143.7975616455078,52.72135543823242,36.075836181640625,102.5756607055664,90.29654693603516,93.24475860595703,66.41192626953125,120.91000366210938,47.356231689453125
2019-05-09,258.9385681152344,143.2747344970703,52.478580474853516,35.50576400756836,102.99616241455078,90.5352783203125,93.33120727539062,66.5823745727539,121.19999694824219,47.25606918334961
2019-05-10,260.2393798828125,143.6691131591797,52.86701965332031,35.718482971191406,102.85598754882812,90.47560119628906,93.38619995117188,67.295166015625,121.43000030517578,47.83196258544922
2019-05-13,253.6994171142578,139.09176635742188,51.63698959350586,34.52729415893555,103.66401672363281,90.92742919921875,93.44120788574219,67.22543334960938,122.66999816894531,47.381256103515625
2019-05-14,255.99378967285156,140.84381103515625,52.1548957824707,35.01227569580078,103.35887908935547,90.84220886230469,93.57478332519531,67.4733657836914,122.45999908447266,47.60661315917969
2019-05-15,257.493408203125,141.302490234375,52.34101486206055,35.080345153808594,103.99382019042969,91.13206481933594,93.83404541015625,67.93045043945312,122.38999938964844,47.98218536376953
2019-05-16,259.8779296875,142.18312072753906,52.76181411743164,34.91017150878906,103.64750671386719,90.95304870605469,93.68474578857422,68.20162963867188,121.51000213623047,48.35776138305664
2019-05-17,258.1978759765625,140.2017059326172,52.413848876953125,34.280555725097656,103.87833404541016,90.99567413330078,93.6926498413086,68.0699234008789,120.6500015258789,48.19919204711914
2019-05-20,256.49066162109375,139.22930908203125,52.203453063964844,34.13589859008789,103.66401672363281,90.84220886230469,93.4726333618164,67.08597564697266,120.63999938964844,48.082340240478516
2019-05-21,258.80303955078125,141.10067749023438,52.551422119140625,34.5698356628418,103.49909973144531,90.7398681640625,93.5512466430664,67.65928649902344,120.36000061035156,47.98218536376953
2019-05-22,258.00811767578125,139.91729736328125,52.34101486206055,34.39966583251953,104.09272766113281,91.0126953125,93.66907501220703,67.8607177734375,120.23999786376953,48.19919204711914
2019-05-23,254.85568237304688,137.03695678710938,51.86357116699219,33.957218170166016,105.26353454589844,91.56689453125,93.87334442138672,68.01568603515625,121.16999816894531,48.1825065612793
2019-05-24,255.43377685546875,138.32119750976562,52.42194366455078,33.99126052856445,105.35419464111328,91.54134368896484,94.06977844238281,68.224853515625,121.30000305175781,48.00722885131836
2019-05-28,253.05813598632812,137.22044372558594,51.91212463378906,34.110382080078125,106.11273193359375,91.9420394897461,94.13265228271484,67.55082702636719,120.83000183105469,47.22269058227539
2019-05-29,251.3599395751953,136.0738067626953,51.580345153808594,34.331600189208984,106.4343032836914,91.90790557861328,94.17193603515625,66.65213012695312,120.87000274658203,46.880496978759766
2019-05-30,252.04644775390625,135.69772338867188,51.77456283569336,34.51878356933594,107.34949493408203,92.24042510986328,94.71405029296875,66.9310302734375,121.69000244140625,47.08080291748047
2019-05-31,248.65005493164062,133.7988739013672,51.30520248413086,34.63790512084961,108.69342803955078,92.8542709350586,94.93403625488281,67.31838989257812,123.33000183105469,46.41311264038086
2019-06-03,248.01773071289062,134.2666778564453,51.60462188720703,34.95271301269531,109.42046356201172,93.301025390625,95.2264404296875,67.48110961914062,125.11000061035156,46.99734878540039
2019-06-04,253.40133666992188,137.7433624267578,52.19536209106445,35.02928924560547,108.17292785644531,92.95934295654297,95.25792694091797,67.17893981933594,125.1500015258789,47.423004150390625
2019-06-05,255.59634399414062,137.7708282470703,52.179176330566406,34.748504638671875,107.5615234375,92.95934295654297,95.19485473632812,68.58124542236328,125.47000122070312,47.96548843383789
2019-06-06,257.2584533691406,137.41310119628906,52.38956832885742,34.765533447265625,107.9085464477539,92.94225311279297,95.37610626220703,68.71294403076172,125.87999725341797,48.466270446777344
2019-06-07,259.8328857421875,138.3854217529297,53.053138732910156,35.037803649902344,108.84214782714844,93.30960083007812,95.80174255371094,68.9686050415039,126.58999633789062,48.933658599853516
2019-06-10,261.02520751953125,139.2018280029297,53.19879913330078,35.403663635253906,107.81768035888672,92.84835052490234,95.45494079589844,68.74394226074219,125.33000183105469,48.950340270996094
2019-06-11,260.9620056152344,138.78903198242188,53.46584701538086,35.80356216430664,107.88372802734375,92.84835052490234,95.54164123535156,68.92987060546875,125.18000030517578,49.10892105102539
2019-06-12,260.5012512207031,138.94497680664062,53.069332122802734,35.42068099975586,107.96637725830078,93.08749389648438,95.68350219726562,69.16231536865234,125.83000183105469,49.184051513671875
2019-06-13,261.57623291015625,140.41270446777344,53.117881774902344,35.361122131347656,108.3381576538086,93.3181381225586,95.92782592773438,69.45671844482422,126.5999984741211,49.292545318603516
2019-06-14,261.2871398925781,139.18345642089844,52.729461669921875,34.9697265625,108.61080932617188,93.38648223876953,95.96721649169922,69.49546813964844,126.55999755859375,49.31757736206055
2019-06-17,261.3865051269531,140.1436309814453,52.76747512817383,35.107765197753906,108.80082702636719,93.36936950683594,96.01449584960938,70.23922729492188,126.4800033569336,49.175697326660156
2019-06-18,264.1235656738281,141.77294921875,53.47016143798828,35.95652389526367,109.34608459472656,93.54876708984375,96.65286254882812,70.16949462890625,127.12000274658203,48.908607482910156
2019-06-19,264.7196350097656,142.27928161621094,53.80084228515625,36.256591796875,109.50309753417969,93.8050765991211,97.2676010131836,70.54911804199219,127.88999938964844,49.10892105102539
2019-06-20,267.2489013671875,142.95126342773438,54.27204895019531,36.78813934326172,109.79222869873047,93.95880889892578,97.79557800292969,70.905517578125,131.11000061035156,49.54293441772461
2019-06-21,266.8604431152344,141.71774291992188,54.040584564208984,36.66810989379883,108.58600616455078,93.57445526123047,97.44096374511719,69.90608215332031,131.97999572753906,49.382293701171875
2019-06-24,266.5336608886719,139.996337890625,54.15632247924805,36.616668701171875,109.39566802978516,93.89900207519531,97.6852798461914,69.66588592529297,133.94000244140625,49.508445739746094
2019-06-25,263.9195251464844,139.14019775390625,53.83390426635742,36.239444732666016,109.73438262939453,94.04423522949219,97.3936767578125,68.63548278808594,134.1999969482422,49.48321533203125
2019-06-26,263.65631103515625,138.8180694580078,53.9000358581543,36.58237075805664,109.03215026855469,93.65984344482422,97.19668579101562,67.26416015625,132.97000122070312,48.776790618896484
2019-06-27,264.5911865234375,141.42318725585938,54.032310485839844,36.83958053588867,109.80048370361328,93.94171142578125,97.76409912109375,68.13007354736328,132.83999633789062,48.86929702758789
2019-06-28,265.9526672363281,143.14463806152344,54.33818435668945,36.78813934326172,109.72615051269531,93.98445129394531,98.01628875732422,68.3647232055664,133.1999969482422,48.83566665649414
2019-07-01,268.3671569824219,143.6968994140625,54.594459533691406,37.22537612915039,109.46954345703125,93.86631774902344,98.20203399658203,68.33344268798828,130.6199951171875,49.1300048828125
2019-07-02,269.0660705566406,142.82241821289062,54.75152587890625,37.131072998046875,110.31385040283203,94.20012664794922,98.47076416015625,69.52236938476562,133.41000366210938,49.55891036987305
2019-07-03,271.21722412109375,143.84420776367188,55.123538970947266,37.06248474121094,111.10037994384766,94.37976837158203,98.73945617675781,70.35153198242188,133.6300048828125,50.172813415527344
2019-07-05,270.9087219238281,144.2308349609375,54.70192337036133,36.8052864074707,109.62678527832031,93.78075408935547,97.87004852294922,70.1012191772461,132.13999938964844,49.954166412353516
2019-07-08,269.42010498046875,142.85922241210938,54.38779067993164,36.58237075805664,109.77580261230469,93.68663787841797,97.7357406616211,70.35153198242188,131.2899932861328,50.021446228027344
2019-07-09,269.7559509277344,143.05250549316406,54.15632247924805,36.47092819213867,109.73441314697266,93.62675476074219,97.53021240234375,70.58619689941406,131.75,49.72710037231445
2019-07-10,271.0447998046875,143.3011016845703,54.34645080566406,36.77957534790039,109.13013458251953,93.67809295654297,97.75148010253906,70.99292755126953,133.8300018310547,50.04666519165039
2019-07-11,271.6802062988281,142.6014404296875,54.32992172241211,36.710975646972656,107.67317962646484,93.21600341796875,97.17454528808594,70.06996154785156,132.6999969482422,50.172813415527344
2019-07-12,272.8965759277344,143.7061309814453,54.39604949951172,36.7366943359375,107.79737854003906,93.3187026977539,97.2694320678711,69.97606658935547,133.52999877929688,50.31578826904297
2019-07-15,272.9873352050781,142.95126342773438,54.44565200805664,36.87386703491211,108.41820526123047,93.5155258178711,97.43538665771484,69.92131805419922,133.52999877929688,50.43352127075195
2019-07-16,272.10687255859375,142.9052734375,54.222442626953125,36.82242965698242,108.09534454345703,93.31012725830078,97.22987365722656,69.7570571899414,132.39999389648438,50.45034408569336
2019-07-17,270.25506591796875,141.88343811035156,54.148048400878906,36.710975646972656,109.26258087158203,93.74658203125,97.74360656738281,69.52236938476562,134.5800018310547,50.3914680480957
2019-07-18,271.24444580078125,142.41741943359375,54.31338119506836,36.93388366699219,109.27084350585938,93.97761535644531,97.97281646728516,69.52236938476562,136.47999572753906,50.727867126464844
2019-07-19,269.7378234863281,141.5980682373047,54.15632247924805,36.74526596069336,109.01425170898438,93.80645751953125,97.8226547241211,68.38818359375,134.47000122070312,50.40829086303711
2019-07-22,270.4003601074219,141.46920776367188,54.21419143676758,36.753849029541016,109.22116088867188,93.8492431640625,98.12299346923828,68.32563018798828,134.4499969482422,50.113948822021484
2019-07-23,272.3337707519531,142.408203125,54.553123474121094,36.79670333862305,108.62515258789062,93.69515991210938,98.17832946777344,69.0999984741211,133.69000244140625,50.475582122802734
2019-07-24,273.6136169433594,144.7647247314453,54.594459533691406,36.856727600097656,109.09700775146484,93.83210754394531,98.4549331665039,69.1547622680664,134.3699951171875,50.13917922973633
2019-07-25,272.3066101074219,143.01571655273438,54.040584564208984,36.53093719482422,108.57548522949219,93.66956329345703,98.13880920410156,68.74800872802734,133.4199981689453,50.206443786621094
2019-07-26,274.13104248046875,144.7095184326172,54.148048400878906,36.608097076416016,108.83209991455078,93.65245056152344,98.27313995361328,69.06089782714844,133.63999938964844,50.76991271972656
2019-07-29,273.63177490234375,143.74288940429688,54.26378631591797,36.53950881958008,108.86522674560547,93.73802947998047,98.20989227294922,69.24861907958984,134.52999877929688,50.86241149902344
2019-07-30,272.9599914550781,145.2986602783203,53.63550567626953,36.256591796875,109.13013458251953,93.78075408935547,98.17832946777344,69.8039779663086,134.97999572753906,51.01380157470703
2019-07-31,269.9737854003906,144.120361328125,53.280025482177734,35.81077575683594,110.00759887695312,94.02041625976562,98.26526641845703,69.53020477294922,133.2100067138672,49.97939682006836
2019-08-01,267.6229553222656,142.0307159423828,53.1312141418457,35.107765197753906,112.19239044189453,95.08683013916016,99.06417083740234,69.53020477294922,136.41000366210938,49.80278778076172
2019-08-02,265.60784912109375,140.45657348632812,52.660011291503906,34.76483154296875,113.22920227050781,95.28398132324219,99.16719818115234,69.86656951904297,135.88999938964844,49.811187744140625
2019-08-05,257.62017822265625,136.240478515625,51.34557342529297,33.47882843017578,115.18673706054688,96.10693359375,99.23851013183594,68.48987579345703,137.7899932861328,48.51609420776367
2019-08-06,261.232666015625,137.49246215820312,51.69278335571289,33.95893859863281,116.1074447631836,96.26126861572266,99.85676574707031,69.24861907958984,138.91000366210938,48.953392028808594
2019-08-07,261.3870849609375,137.45559692382812,51.89119338989258,34.113258361816406,116.1489028930664,96.26126861572266,99.84090423583984,69.92131805419922,141.02000427246094,49.5252571105957
2019-08-08,266.5154724121094,140.41978454589844,52.395477294921875,34.53335189819336,116.39776611328125,96.2697982788086,100.11035919189453,71.1493911743164,141.72999572753906,50.16440963745117
2019-08-09,264.7001037597656,138.65235900878906,52.03172302246094,34.18183898925781,116.16548156738281,96.12413024902344,99.8171157836914,71.06333923339844,141.25999450683594,49.886878967285156
2019-08-12,261.4779052734375,136.85728454589844,51.618385314941406,33.77032470703125,118.58750915527344,96.73273468017578,100.4432144165039,70.87561798095703,142.6300048828125,49.55050277709961
2019-08-13,265.54425048828125,138.3301544189453,52.10613250732422,34.19899368286133,118.1810531616211,96.38986206054688,100.3640365600586,70.97727966308594,141.77999877929688,50.113948822021484
2019-08-14,257.6927185058594,134.46388244628906,50.675960540771484,33.21305847167969,120.84368896484375,97.0328140258789,100.65726470947266,69.89785766601562,142.75,49.323421478271484
2019-08-15,258.3735046386719,133.92994689941406,50.84956741333008,33.435970306396484,122.18736267089844,97.65001678466797,101.14865112304688,70.59402465820312,143.6999969482422,50.06349182128906
2019-08-16,262.1857604980469,136.82044982910156,51.4613151550293,33.89892578125,121.20863342285156,97.3928451538086,101.33089447021484,71.32146453857422,142.77999877929688,50.63534927368164
2019-08-19,265.3445739746094,138.20127868652344,51.77545928955078,34.03609848022461,119.47502136230469,96.9299087524414,100.99806213378906,71.83770751953125,141.11000061035156,51.139949798583984
2019-08-20,263.3113098144531,137.2991485595703,51.601844787597656,34.10468292236328,120.71095275878906,97.35857391357422,101.58452606201172,71.32927703857422,142.2100067138672,50.58489990234375
2019-08-21,265.4534912109375,138.4314422607422,51.96559143066406,34.43047332763672,119.90635681152344,97.10138702392578,101.76686096191406,71.62651824951172,141.75999450683594,50.71944808959961
2019-08-22,265.3717956542969,138.10922241210938,51.86638641357422,33.98466110229492,119.110107421875,96.8870620727539,101.39434814453125,71.95504760742188,141.39999389648438,50.98857116699219
2019-08-23,258.55499267578125,133.8747100830078,51.22157287597656,33.47882843017578,121.06761169433594,97.53857421875,101.76686096191406,70.94599914550781,144.1699981689453,50.13917922973633
2019-08-26,261.4142761230469,135.34759521484375,51.643184661865234,33.658870697021484,120.57820129394531,97.44429016113281,101.77481079101562,71.49356079101562,144.19000244140625,50.761505126953125
2019-08-27,260.3885498046875,133.3407745361328,51.601844787597656,33.71888732910156,122.43620300292969,97.86432647705078,102.32166290283203,71.29017639160156,145.57000732421875,50.6185302734375
2019-08-28,262.2220764160156,134.8965301513672,51.601844787597656,33.813194274902344,122.59381866455078,97.89861297607422,102.32166290283203,71.52483367919922,145.16000366210938,51.10630416870117
2019-08-29,265.5714111328125,137.2623291015625,52.04825973510742,34.19041442871094,122.12933349609375,97.71005249023438,102.09977722167969,72.08018493652344,144.1199951171875,51.13154220581055
2019-08-30,265.4534912109375,137.0137939453125,52.25493621826172,34.45619583129883,122.16252899169922,97.73574829101562,102.08384704589844,72.13494110107422,143.75,51.06426239013672
2019-09-03,263.9013366699219,135.00694274902344,52.155723571777344,34.24185562133789,122.32035827636719,97.95038604736328,101.98772430419922,72.85458374023438,145.75,51.35860061645508
2019-09-04,266.896728515625,136.09320068359375,52.891483306884766,34.81627655029297,122.50314331054688,98.10496520996094,102.178466796875,73.4646987915039,146.66000366210938,51.821136474609375
2019-09-05,270.3277893066406,138.6247100830078,53.17255783081055,35.21063995361328,120.28459930419922,97.31501007080078,101.431396484375,72.93280792236328,143.13999938964844,51.50157165527344
2019-09-06,270.53656005859375,137.98951721191406,53.34615707397461,35.36496353149414,121.14047241210938,97.37506866455078,101.79696655273438,73.09705352783203,141.9199981689453,51.66975402832031
2019-09-09,270.6726379394531,139.83984375,53.503231048583984,35.47641372680664,118.9883041381836,96.77403259277344,101.04994201660156,72.74507904052734,141.38999938964844,51.55202102661133
2019-09-10,270.6091613769531,141.6256866455078,53.59416580200195,35.50214385986328,116.90275573730469,96.06986236572266,100.1995620727539,71.99414825439453,140.17999267578125,51.23244857788086
2019-09-11,272.53350830078125,144.52537536621094,53.89177322387695,35.75076675415039,116.69499206542969,95.97545623779297,100.12010192871094,72.07237243652344,141.02999877929688,51.41746520996094
2019-09-12,273.4775085449219,144.56222534179688,54.20591354370117,36.00796890258789,115.93058013916016,95.7607421875,99.98503112792969,72.45565795898438,141.32000732421875,51.62771224975586
2019-09-13,273.29595947265625,144.81076049804688,54.51179504394531,36.21372604370117,113.45438385009766,94.88488006591797,99.08692169189453,71.68126678466797,140.14999389648438,51.333370208740234
2019-09-16,272.4518127441406,145.35391235351562,54.02404022216797,35.93080520629883,114.90019226074219,95.29707336425781,99.58763122558594,72.30706024169922,141.32000732421875,50.83718490600586
2019-09-17,273.1415710449219,144.9764862060547,54.20591354370117,35.93080520629883,115.52338409423828,95.54606628417969,99.84194946289062,73.08927154541016,141.60000610351562,51.11471939086914
2019-09-18,273.3050231933594,144.08352661132812,54.1397819519043,35.78506088256836,116.01363372802734,95.5804443359375,100.08833312988281,72.83895874023438,140.7100067138672,51.19881057739258
2019-09-19,273.28680419921875,143.3839111328125,54.32164764404297,35.639305114746094,116.36264038085938,95.62336730957031,100.37443542480469,73.09705352783203,141.27999877929688,51.190406799316406
2019-09-20,271.9956359863281,143.08013916015625,54.19764709472656,35.673606872558594,117.89984893798828,96.17292785644531,101.0658187866211,73.09705352783203,142.9499969482422,51.02798080444336
2019-09-23,271.93170166015625,142.9696807861328,54.05711364746094,35.7078971862793,117.87488555908203,96.31029510498047,100.99431610107422,73.21438598632812,143.75,51.23100280761719
2019-09-24,269.79803466796875,140.81173706054688,53.850440979003906,35.33067321777344,119.29582214355469,96.79116821289062,101.31219482421875,73.05196380615234,144.50999450683594,51.442501068115234
2019-09-25,271.39373779296875,142.35447692871094,53.69336700439453,35.30495071411133,117.55087280273438,96.15577697753906,100.739990234375,73.19389343261719,141.8300018310547,51.4763298034668
2019-09-26,270.828369140625,140.7655792236328,53.89177322387695,35.29637908935547,118.30697631835938,96.36183166503906,100.95458221435547,73.80891418457031,141.7899932861328,51.76396179199219
2019-09-27,269.369384765625,139.6385498046875,53.70989990234375,34.84199142456055,118.59783172607422,96.49925231933594,100.97842407226562,73.39889526367188,141.05999755859375,51.704742431640625
2019-09-30,270.61871337890625,139.8048095703125,53.9083137512207,35.03917694091797,118.88865661621094,96.57649230957031,101.31219482421875,73.52505493164062,138.8699951171875,51.95852279663086
2019-10-01,267.39971923828125,137.06121826171875,53.37922286987305,34.79055404663086,119.24656677246094,96.8439712524414,101.42853546142578,72.83120727539062,139.6300048828125,51.82317352294922
2019-10-02,262.67620849609375,136.0265350341797,52.288002014160156,34.524776458740234,119.53787994384766,97.17933654785156,101.3886947631836,72.52368927001953,141.25999450683594,50.78265380859375
2019-10-03,264.8282470703125,136.479248046875,52.63521194458008,34.9705924987793,120.6282730102539,97.68675994873047,101.787109375,73.2254409790039,141.89999389648438,51.1379508972168
2019-10-04,268.4119567871094,137.77249145507812,53.04854965209961,35.124916076660156,121.51895141601562,97.8759536743164,102.20943450927734,73.66697692871094,141.89999389648438,51.94161605834961
2019-10-07,267.2538146972656,137.53228759765625,52.9824104309082,34.83341979980469,120.5117416381836,97.54915618896484,101.69149780273438,73.50929260253906,140.69000244140625,51.518638610839844
2019-10-08,263.1047058105469,135.29678344726562,52.48640060424805,34.58478546142578,120.83639526367188,97.75556945800781,101.60384368896484,73.12293243408203,141.9199981689453,51.02798080444336
2019-10-09,265.6033020019531,135.91571044921875,52.86669158935547,34.850563049316406,120.15389251708984,97.50616455078125,101.64366912841797,73.2648696899414,142.0500030517578,51.4171257019043
2019-10-10,267.39971923828125,136.46075439453125,53.23869323730469,35.21063995361328,118.3642578125,96.8955307006836,101.04605102539062,73.38314056396484,140.80999755859375,51.518638610839844
2019-10-11,270.1717529296875,138.77020263671875,54.18938446044922,35.77648162841797,116.89925384521484,96.23339080810547,100.86278533935547,73.35159301757812,140.02999877929688,51.4678840637207
2019-10-14,269.87103271484375,138.2620849609375,53.9661750793457,35.62216567993164,117.74829864501953,96.49999237060547,101.19744110107422,73.38314056396484,140.58999633789062,51.214088439941406
2019-10-15,272.54278564453125,139.8509979248047,54.594459533691406,35.939369201660156,116.32494354248047,96.03559112548828,100.92652130126953,73.47776794433594,139.61000061035156,50.994140625
2019-10-16,272.1050109863281,139.99879455566406,54.67713165283203,36.04225158691406,116.46642303466797,96.2247543334961,101.03807067871094,73.4856185913086,140.41000366210938,51.04489517211914
2019-10-17,272.9074401855469,141.65237426757812,54.80940246582031,36.1794319152832,116.18340301513672,96.19036102294922,101.1814956665039,73.96660614013672,140.61000061035156,51.28176498413086
2019-10-18,271.71295166015625,140.97801208496094,54.78459167480469,35.990814208984375,116.18340301513672,96.27635192871094,101.30901336669922,74.53429412841797,140.4600067138672,51.3832893371582
2019-10-21,273.554931640625,142.29898071289062,55.08220291137695,36.31660461425781,115.30940246582031,95.92375946044922,101.07795715332031,75.10200500488281,139.7899932861328,51.55247116088867
2019-10-22,272.661376953125,142.45608520507812,54.94993591308594,36.34231948852539,115.98367309570312,96.14737701416016,101.2531967163086,74.88121795654297,140.1999969482422,51.56938552856445
2019-10-23,273.4546203613281,142.63156127929688,55.24755096435547,36.35089874267578,116.10016632080078,96.18177032470703,101.30901336669922,75.04681396484375,140.52999877929688,51.8062629699707
2019-10-24,273.90142822265625,142.4283447265625,55.346736907958984,36.35089874267578,115.86707305908203,96.16455078125,101.53211975097656,74.85758209228516,141.52999877929688,51.98390579223633
2019-10-25,275.0231018066406,143.18582153320312,55.40462112426758,36.608097076416016,115.30108642578125,95.95820617675781,101.35680389404297,74.21890258789062,141.86000061035156,51.67936325073242
2019-10-28,276.5732421875,144.4237060546875,55.65261459350586,36.82242965698242,114.25230407714844,95.5969467163086,101.05402374267578,73.76947784423828,140.63999938964844,51.57784652709961
2019-10-29,276.4911804199219,144.8948211669922,55.63608932495117,36.63381576538086,114.32720947265625,95.68295288085938,100.79107666015625,74.21890258789062,140.25,51.57784652709961
2019-10-30,277.3392639160156,144.4144744873047,55.86756134033203,36.79670333862305,116.00028991699219,96.14737701416016,101.14967346191406,74.48700714111328,141.02000427246094,51.81471252441406
2019-10-31,276.6005554199219,143.60153198242188,55.73528289794922,36.505210876464844,117.56510925292969,96.7579345703125,101.76323699951172,74.35295867919922,142.42999267578125,51.73857879638672
2019-11-01,279.1629638671875,146.049560546875,56.231300354003906,37.05390548706055,117.20325469970703,96.57539367675781,101.86308288574219,74.33716583251953,142.55999755859375,51.73011779785156
2019-11-04,280.2845764160156,146.83477783203125,56.52064895629883,37.42256164550781,115.66067504882812,96.08447265625,101.3836898803711,73.8167953491211,142.14999389648438,51.23100280761719
2019-11-05,279.9745788574219,147.01954650878906,56.413177490234375,37.63689422607422,114.35992431640625,95.56766510009766,100.80042266845703,72.5631103515625,139.85000610351562,51.40019607543945
2019-11-06,280.0384216308594,146.16966247558594,56.388370513916016,37.51686477661133,115.0519790649414,95.84326934814453,101.36770629882812,72.7208023071289,140.4499969482422,51.61168670654297
2019-11-07,281.023193359375,146.5576629638672,56.561981201171875,37.79121398925781,112.9674301147461,95.07673645019531,100.57672119140625,71.99542236328125,138.27000427246094,51.434043884277344
2019-11-08,281.7162780761719,146.9548797607422,56.528907775878906,37.448280334472656,112.49211120605469,94.94754028320312,100.4408950805664,71.82195281982422,137.38999938964844,51.40019607543945
2019-11-11,281.1783142089844,146.67774963378906,56.45450973510742,37.18250274658203,112.56719207763672,95.05093383789062,100.47284698486328,71.97965240478516,137.05999755859375,51.324058532714844
2019-11-12,281.77093505859375,146.72390747070312,56.47931671142578,36.94245529174805,113.08411407470703,95.093994140625,100.5687255859375,71.43560028076172,137.42999267578125,51.49325942993164
2019-11-13,281.86224365234375,146.09576416015625,56.28089904785156,36.65953063964844,113.81790161132812,95.35235595703125,100.80842590332031,72.09004211425781,137.97999572753906,51.88239288330078
2019-11-14,282.27252197265625,146.049560546875,56.12382888793945,36.68525314331055,114.99359130859375,95.83465576171875,101.33576965332031,72.64984893798828,138.55999755859375,51.865478515625
2019-11-15,284.3150329589844,146.80709838867188,56.47931671142578,36.97675323486328,114.86852264404297,95.75717163085938,101.35175323486328,73.04409790039062,138.2100067138672,51.88239288330078
2019-11-18,284.52484130859375,146.43756103515625,56.54543685913086,36.91673278808594,115.07698822021484,95.92083740234375,101.46357727050781,73.39889526367188,138.6199951171875,52.153106689453125
2019-11-19,284.44281005859375,146.98260498046875,56.471038818359375,36.993896484375,116.03590393066406,96.10169219970703,101.66332244873047,73.52505493164062,138.69000244140625,52.08541488647461
2019-11-20,283.385009765625,146.4283447265625,56.11555480957031,36.83100891113281,117.23664855957031,96.45480346679688,101.80716705322266,73.4856185913086,138.75999450683594,52.203857421875
2019-11-21,282.9290771484375,145.7078094482422,56.04115676879883,36.753849029541016,116.50284576416016,96.21363830566406,101.5674819946289,72.45272064208984,138.0,51.94161605834961
2019-11-22,283.5582580566406,146.16038513183594,56.19823455810547,36.753849029541016,116.65291595458984,96.19642639160156,101.84709167480469,72.18465423583984,137.74000549316406,51.857017517089844
2019-11-25,285.7558898925781,149.26426696777344,56.64463806152344,37.12248992919922,116.99478912353516,96.23948669433594,102.19869232177734,72.41331481933594,137.0800018310547,51.91623306274414
2019-11-26,286.4033508300781,149.36595153808594,56.61158752441406,37.01104736328125,117.67858123779297,96.42033386230469,102.46234893798828,73.37523651123047,137.74000549316406,52.339202880859375
2019-11-27,287.67999267578125,150.41903686523438,56.7603759765625,37.05390548706055,117.33671569824219,96.17057800292969,102.45433044433594,73.72216796875,137.00999450683594,52.46609115600586
2019-11-29,286.613037109375,149.4398651123047,56.36357116699219,36.47092819213867,117.08650970458984,96.09309387207031,102.24658966064453,73.38314056396484,137.86000061035156,52.44919204711914
2019-12-02,284.1783447265625,147.98023986816406,56.07423400878906,36.462345123291016,115.525390625,95.7480697631836,101.80277252197266,72.27139282226562,137.7899932861328,52.56761169433594
2019-12-03,282.27252197265625,147.50917053222656,55.86756134033203,36.27373504638672,117.94770812988281,96.6019515991211,102.58790588378906,72.73657989501953,139.11000061035156,52.4830207824707
2019-12-04,284.01416015625,148.5252685546875,56.38010025024414,36.54808807373047,116.76996612548828,96.23107147216797,102.45171356201172,73.03620910644531,138.9199981689453,52.82986831665039
2019-12-05,284.52484130859375,148.673095703125,56.27263641357422,36.710975646972656,116.2020034790039,96.0068130493164,102.33953094482422,73.07560729980469,139.0,52.81294250488281
2019-12-06,287.1236572265625,150.4097900390625,56.785194396972656,36.92530822753906,115.55882263183594,95.71355438232422,102.283447265625,73.2254409790039,137.6199951171875,53.015968322753906
2019-12-09,286.2209167480469,150.1234588623047,56.48756790161133,36.77957534790039,115.80944061279297,95.7911605834961,102.2674331665039,73.36737060546875,137.5800018310547,53.05827331542969
2019-12-10,285.9018249511719,150.21578979492188,56.51237869262695,36.90816879272461,115.81780242919922,95.67906188964844,102.2674331665039,72.94161224365234,137.97000122070312,52.88908004760742
2019-12-11,286.71337890625,150.16964721679688,56.809974670410156,37.448280334472656,116.72822570800781,96.0758285522461,102.66801452636719,72.20042419433594,138.9199981689453,52.9652214050293
2019-12-12,289.1846008300781,151.462890625,57.19025421142578,38.099849700927734,114.80709838867188,95.3167953491211,102.19534301757812,71.22272491455078,138.42999267578125,52.92292022705078
2019-12-13,289.35784912109375,150.88092041015625,57.58706283569336,38.08271026611328,116.13516235351562,95.87742614746094,102.86030578613281,71.23848724365234,139.0500030517578,53.10902404785156
2019-12-16,291.3456726074219,151.9444122314453,58.20235824584961,38.40582275390625,115.0910415649414,95.42892456054688,102.6279525756836,71.75099182128906,139.0399932861328,53.295135498046875
2019-12-17,291.40948486328125,152.7046356201172,57.86796951293945,38.75607681274414,114.9323959350586,95.43755340576172,102.5478286743164,71.07291412353516,139.00999450683594,53.210548400878906
2019-12-18,291.42779541015625,153.00140380859375,57.792720794677734,38.96623611450195,113.9885482788086,95.17877960205078,102.47574615478516,71.93917083740234,139.02000427246094,53.12595748901367
2019-12-19,292.6223449707031,153.65965270996094,57.792720794677734,38.983741760253906,114.17089080810547,95.25308227539062,102.57697296142578,72.57672119140625,139.3800048828125,53.41356658935547
2019-12-20,293.9052734375,153.88217163085938,57.83452606201172,39.06256103515625,114.32148742675781,95.25308227539062,102.54483032226562,72.9751968383789,139.52000427246094,53.81698226928711
2019-12-23,294.3542175292969,154.18812561035156,57.926490783691406,39.115089416503906,114.15419006347656,95.16671752929688,102.593017578125,72.60859680175781,139.9499969482422,53.58671188354492
2019-12-24,294.3634338378906,154.54043579101562,57.86796951293945,39.027523040771484,114.48045349121094,95.33080291748047,102.69743347167969,72.79986572265625,141.27000427246094,53.65493392944336
2019-12-26,295.9304504394531,154.54043579101562,58.11875915527344,39.307735443115234,114.75650787353516,95.4690170288086,102.88217163085938,73.1186294555664,142.3800048828125,53.706111907958984
2019-12-27,295.8569641113281,153.78021240234375,58.219085693359375,39.465354919433594,114.88204956054688,95.60719299316406,103.02674102783203,73.3497314453125,142.3300018310547,53.94491958618164
2019-12-30,294.2259521484375,153.39076232910156,57.78437042236328,39.202659606933594,114.46375274658203,95.54676055908203,103.2115249633789,73.42147064208984,142.6300048828125,53.663475036621094
2019-12-31,294.9407958984375,153.60401916503906,58.051883697509766,39.290218353271484,113.34268951416016,95.2012939453125,102.78581237792969,73.94744110107422,142.89999389648438,53.71464538574219
2020-01-02,297.698974609375,153.70603942871094,58.637081146240234,40.08706283569336,114.6226806640625,95.64175415039062,103.00264739990234,73.07878112792969,143.9499969482422,53.28818893432617
2020-01-03,295.44476318359375,153.1033935546875,57.909759521484375,39.3427619934082,116.38784790039062,96.28096008300781,103.35610961914062,73.53302764892578,145.86000061035156,53.202919006347656
2020-01-06,296.5718994140625,153.3073272705078,58.13548278808594,39.24644088745117,115.72700500488281,96.17728424072266,103.01067352294922,73.6207046508789,147.38999938964844,53.31378173828125
2020-01-07,295.7380065917969,152.79739379882812,57.97664260864258,39.22016906738281,115.15811157226562,96.03910827636719,102.74565124511719,72.79986572265625,147.97000122070312,52.90439224243164
2020-01-08,297.31414794921875,153.270263671875,58.14384460449219,39.44782638549805,114.39681243896484,95.81453704833984,102.60104370117188,73.02300262451172,146.86000061035156,53.10055923461914
2020-01-09,299.330078125,153.45565795898438,58.27760314941406,39.710533142089844,114.79835510253906,95.88362884521484,103.09102630615234,72.98316192626953,146.02999877929688,53.475833892822266
2020-01-10,298.46868896484375,152.8808135986328,58.06025314331055,39.920684814453125,115.81902313232422,96.09090423583984,103.38018798828125,73.54100799560547,146.91000366210938,53.44172286987305
2020-01-13,300.5213623046875,153.87290954589844,58.3612060546875,40.542396545410156,115.46765899658203,95.97864532470703,103.13119506835938,74.42560577392578,145.82000732421875,53.791404724121094
2020-01-14,300.0632019042969,154.43849182128906,58.419734954833984,40.314735412597656,116.06158447265625,96.16864776611328,103.25975036621094,74.14666748046875,145.69000244140625,53.80846405029297
2020-01-15,300.7413330078125,155.18023681640625,58.419734954833984,39.99949645996094,116.83128356933594,96.4105224609375,103.48461151123047,74.81607055664062,146.5399932861328,54.192256927490234
2020-01-16,303.24298095703125,157.18289184570312,58.66215133666992,40.25343322753906,116.46319580078125,96.21183013916016,103.62921142578125,75.41380310058594,146.30999755859375,54.33724594116211
2020-01-17,304.1868591308594,156.7564239501953,58.837730407714844,40.48109436035156,115.46765899658203,96.13410949707031,103.6131820678711,75.48550415039062,146.5800018310547,54.43107604980469
2020-01-21,303.5912170410156,155.45835876464844,58.36955642700195,39.45659637451172,116.68077850341797,96.51416015625,104.1112060546875,76.20274353027344,146.74000549316406,54.61869812011719
2020-01-22,303.6277770996094,155.3563995361328,58.486602783203125,39.780582427978516,117.09062957763672,96.53143310546875,104.16744232177734,75.6927261352539,146.7899932861328,54.66133499145508
2020-01-23,303.9760437011719,155.25437927246094,58.34449005126953,39.36902618408203,117.91051483154297,96.77326202392578,104.30396270751953,76.33027648925781,147.1199951171875,54.61016845703125
2020-01-24,301.27276611328125,153.3444366455078,58.093685150146484,39.05379867553711,118.8642578125,97.11876678466797,104.48065948486328,76.06730651855469,147.97999572753906,54.23489761352539
2020-01-27,296.443603515625,151.601318359375,56.88984680175781,37.70530700683594,120.71316528320312,97.77520751953125,104.68148803710938,75.7007064819336,148.99000549316406,54.0643196105957
2020-01-28,299.55010986328125,152.86233520507812,57.42488479614258,38.02053451538086,119.76776885986328,97.44693756103516,104.62529754638672,76.00353240966797,147.66000366210938,54.132568359375
2020-01-29,299.3026428222656,151.99070739746094,57.4332389831543,38.204429626464844,120.93900299072266,97.91339874267578,104.9626235961914,75.72459411621094,148.4600067138672,53.8596305847168
2020-01-30,300.2739562988281,151.99070739746094,57.38308334350586,37.635250091552734,120.95567321777344,98.00840759277344,105.0268783569336,75.7803955078125,148.47000122070312,54.499290466308594
2020-01-31,294.8216857910156,148.83839416503906,56.4133186340332,36.873443603515625,122.06002807617188,98.5007553100586,105.3000259399414,74.85596466064453,149.3300018310547,53.88521957397461
2020-02-03,297.01171875,150.4979705810547,56.547080993652344,37.284996032714844,121.96115112304688,98.41686248779297,105.21707916259766,75.1030044555664,148.36000061035156,53.88521957397461
2020-02-04,301.53851318359375,152.76959228515625,57.49176025390625,38.248199462890625,120.3187026977539,97.84599304199219,104.9593734741211,75.87602996826172,146.42999267578125,54.20930862426758
2020-02-05,305.0207214355469,155.1245574951172,58.04351806640625,38.46712112426758,119.00308990478516,97.42220306396484,104.89495849609375,75.92383575439453,146.61000061035156,54.6442756652832
2020-02-06,306.0470275878906,154.7722625732422,58.20235824584961,38.50214767456055,119.53937530517578,97.49137115478516,104.84661102294922,76.17887115478516,147.39999389648438,54.73809814453125
2020-02-07,304.4159851074219,152.87155151367188,57.650596618652344,37.96799850463867,121.03105163574219,97.9584732055664,105.24928283691406,76.16291809082031,147.7899932861328,54.806331634521484
2020-02-10,306.68841552734375,153.73382568359375,57.76765441894531,38.17814636230469,121.36621856689453,98.14875793457031,105.4988784790039,77.0156478881836,148.1699981689453,55.0366096496582
2020-02-11,307.2199401855469,154.80007934570312,58.16055679321289,38.67726135253906,120.75446319580078,97.91524505615234,105.34593963623047,77.59739685058594,147.66000366210938,54.831912994384766
2020-02-12,309.1993713378906,155.86631774902344,58.3612060546875,39.202659606933594,120.14277648925781,97.66436004638672,105.2975845336914,78.05963134765625,147.5399932861328,54.806331634521484
2020-02-13,308.8694763183594,156.2742919921875,57.951568603515625,38.68603515625,120.60362243652344,97.75086975097656,105.22509765625,78.52981567382812,148.3800048828125,55.130428314208984
2020-02-14,309.3643493652344,155.6715850830078,57.85124206542969,38.70354080200195,121.13159942626953,97.9930419921875,105.48282623291016,79.34268951416016,149.0,55.258365631103516
2020-02-18,308.5670166015625,155.33782958984375,57.483402252197266,38.44960403442383,121.96115112304688,98.14875793457031,105.68413543701172,79.25502014160156,150.91000366210938,55.06218719482422
2020-02-19,310.0423278808594,156.13519287109375,57.67567443847656,38.72980880737305,121.95275115966797,98.13140869140625,105.53917694091797,78.1871337890625,151.7899932861328,55.002498626708984
2020-02-20,308.7686767578125,156.51531982421875,57.33292770385742,38.12561798095703,122.90806579589844,98.41686248779297,105.89352416992188,79.1195297241211,152.41000366210938,55.04513931274414
2020-02-21,305.5888671875,154.9298858642578,57.06539535522461,37.906700134277344,124.05615234375,98.814697265625,106.10293579101562,79.35064697265625,154.6999969482422,55.13896179199219
2020-02-24,295.453857421875,150.26622009277344,54.783119201660156,36.488155364990234,125.90813446044922,99.58445739746094,106.11903381347656,78.26679992675781,156.08999633789062,53.8681640625
2020-02-25,286.5010986328125,144.9257354736328,53.8802375793457,36.199188232421875,126.57852172851562,99.86119842529297,106.22372436523438,76.14697265625,153.3000030517578,52.89585876464844
2020-02-26,285.44720458984375,143.24754333496094,53.94712448120117,36.488155364990234,125.90813446044922,99.80931854248047,105.82913970947266,75.32613372802734,153.97000122070312,52.59736633300781
2020-02-27,272.6272888183594,138.20375061035156,52.35036087036133,35.61251449584961,127.27406311035156,100.29366302490234,105.26541900634766,71.31758880615234,154.0,50.456626892089844
2020-02-28,271.48175048828125,135.67257690429688,52.032684326171875,35.481163024902344,130.1483154296875,101.41802978515625,106.44917297363281,69.59619903564453,148.3800048828125,49.45874786376953
2020-03-02,283.2388000488281,140.03025817871094,52.70148468017578,36.251731872558594,129.1907958984375,101.34876251220703,106.34342193603516,72.5687484741211,149.1999969482422,52.10268783569336
2020-03-03,275.12896728515625,137.17459106445312,52.275123596191406,36.00654983520508,131.1964569091797,102.52642822265625,107.55462646484375,72.40139770507812,153.88999938964844,51.39479064941406
2020-03-04,286.6935119628906,141.07798767089844,53.83843994140625,36.64576721191406,129.80337524414062,102.30130767822266,107.70809173583984,75.13487243652344,154.16000366210938,53.91933822631836
2020-03-05,277.163330078125,136.59051513671875,52.408878326416016,35.87520217895508,133.0344696044922,103.21049499511719,107.66767120361328,73.52505493164062,157.49000549316406,52.90439224243164
2020-03-06,272.5815124511719,133.8831329345703,51.623043060302734,35.13966369628906,139.95814514160156,104.25827026367188,108.41864776611328,72.25794982910156,157.5500030517578,52.486480712890625
2020-03-09,251.29437255859375,120.86570739746094,47.618587493896484,32.74039840698242,143.75146484375,105.19352722167969,105.78631591796875,66.68738555908203,157.80999755859375,50.20075607299805
2020-03-10,264.2976379394531,124.6392822265625,49.37419509887695,34.40412139892578,136.38294982910156,103.26250457763672,103.40426635742188,69.50484466552734,154.47999572753906,51.64213180541992
2020-03-11,251.41342163085938,116.71199035644531,46.85783767700195,32.80168914794922,131.36436462402344,102.23204040527344,100.00479888916016,65.32846069335938,153.92999267578125,49.10907745361328
2020-03-12,227.35890197753906,103.81504821777344,41.70806884765625,29.518016815185547,132.178466796875,102.28398895263672,95.23271179199219,58.71046447753906,147.7899932861328,44.49496078491211
2020-03-13,246.79505920410156,110.76884460449219,44.23279571533203,31.645837783813477,129.1907958984375,101.6172103881836,99.35881805419922,63.8345832824707,143.27999877929688,48.281761169433594
2020-03-16,219.78976440429688,96.07320404052734,39.6682243347168,27.69667625427246,137.55787658691406,104.30158996582031,97.94578552246094,52.51816177368164,141.63999938964844,45.00669479370117
2020-03-17,231.6566925048828,100.47725677490234,41.59939193725586,29.605579376220703,128.38507080078125,101.68643188476562,93.93268585205078,55.554073333740234,143.55999755859375,48.80202865600586
2020-03-18,219.92718505859375,92.68904876708984,39.216796875,27.048696517944336,121.14263153076172,100.27501678466797,89.23320007324219,50.26933670043945,140.6999969482422,47.54829788208008
2020-03-19,220.39453125,96.30501556396484,39.82706832885742,27.258852005004883,124.44078063964844,100.60407257080078,84.82441711425781,50.44602966308594,138.0399932861328,45.96192169189453
2020-03-20,210.89683532714844,94.01490020751953,39.33383560180664,27.460250854492188,133.79811096191406,103.16722106933594,86.1890640258789,47.93215560913086,140.11000061035156,42.9853630065918
2020-03-23,205.50462341308594,92.62416076660156,38.874027252197266,26.803516387939453,139.3118896484375,104.38819885253906,92.55997467041016,45.70742416381836,146.3000030517578,41.71329116821289
2020-03-24,224.12396240234375,101.09848022460938,42.16787338256836,28.817502975463867,136.71864318847656,103.67813110351562,94.45751953125,49.81956100463867,153.39999389648438,43.84055709838867
2020-03-25,227.4791259765625,102.35499572753906,43.538917541503906,29.833250045776367,136.40814208984375,103.73873901367188,98.97933959960938,52.502098083496094,151.3000030517578,43.720462799072266
2020-03-26,240.76161193847656,108.72135162353516,45.486793518066406,30.96283531188965,137.07948303222656,103.98982238769531,99.06010437011719,56.20463943481445,153.24000549316406,46.1136360168457
2020-03-27,233.5903778076172,104.76564025878906,44.19099044799805,29.20278549194336,140.7385711669922,104.76055908203125,98.85823059082031,56.26084899902344,152.25,45.899200439453125
2020-03-30,241.17640686035156,107.07392120361328,45.08551788330078,29.684391021728516,139.58050537109375,105.00300598144531,100.06134796142578,57.489681243896484,152.9199981689453,47.69193649291992
2020-03-31,237.58154296875,106.5340576171875,44.69259262084961,29.88578987121582,138.44747924804688,105.19352722167969,99.73031616210938,56.1002311706543,148.0500030517578,46.72265625
2020-04-01,226.88922119140625,99.27421569824219,42.711273193359375,28.607345581054688,140.38722229003906,105.62177276611328,98.28128051757812,52.41375732421875,149.4499969482422,45.933509826660156
2020-04-02,232.1248016357422,100.21424865722656,43.547271728515625,29.570556640625,141.2781219482422,105.63911437988281,98.54033660888672,52.5904426574707,151.89999389648438,47.1086540222168
2020-04-03,228.76962280273438,97.37545776367188,42.552433013916016,29.010147094726562,141.6142120361328,105.7171401977539,98.03032684326172,51.82744216918945,152.64999389648438,47.47749710083008
2020-04-06,244.1351318359375,104.83079528808594,44.809635162353516,30.595056533813477,141.24447631835938,105.24034881591797,99.96504974365234,55.666507720947266,156.8800048828125,49.2445068359375
2020-04-07,244.38406372070312,105.10071563720703,45.06043243408203,30.752681732177734,139.76519775390625,104.77214050292969,100.11882781982422,56.180538177490234,156.0399932861328,48.678367614746094
2020-04-08,252.58770751953125,109.89408111572266,45.42827224731445,31.067913055419922,138.7483367919922,104.64210510253906,101.92402648925781,60.01158142089844,154.64999389648438,49.398902893066406
2020-04-09,256.431396484375,115.15286254882812,46.4565544128418,30.954071044921875,139.00048828125,104.86753845214844,106.71625518798828,63.376773834228516,158.69000244140625,49.862083435058594
2020-04-13,254.0901641845703,112.03483581542969,46.01347351074219,30.99785804748535,137.7314453125,104.64210510253906,105.68011474609375,60.7103157043457,161.41000366210938,49.493247985839844
2020-04-14,261.5839538574219,114.30586242675781,46.832759857177734,31.707130432128906,137.69786071777344,104.78084564208984,105.16203308105469,62.41300582885742,162.67999267578125,51.59477996826172
2020-04-15,256.0257873535156,109.64280700683594,45.3697509765625,30.892780303955078,141.3453369140625,105.7171401977539,105.86629486083984,59.93930435180664,161.85000610351562,50.779903411865234
2020-04-16,257.2608642578125,108.81440734863281,45.39482879638672,31.05914878845215,142.95059204101562,105.8298568725586,105.3401107788086,59.2566032409668,161.7100067138672,51.114437103271484
2020-04-17,264.21099853515625,113.6077880859375,46.59867477416992,31.75091552734375,141.0343780517578,105.55241394042969,105.68821716308594,61.1279411315918,158.57000732421875,51.894996643066406
2020-04-20,259.5561218261719,112.26752471923828,45.90480041503906,31.34811782836914,142.16893005371094,105.8298568725586,105.08917236328125,58.85503005981445,159.6999969482422,50.8742561340332
2020-04-21,251.67515563964844,109.5869369506836,45.010276794433594,30.481231689453125,143.95909118652344,106.12464141845703,104.71678924560547,57.786842346191406,158.61000061035156,49.79346466064453
2020-04-22,257.2608642578125,110.91792297363281,45.77103042602539,31.31308937072754,142.48829650878906,105.795166015625,104.78154754638672,58.67031478881836,161.72999572753906,50.27382278442383
2020-04-23,257.2424621582031,112.00691223144531,45.6289176940918,31.199256896972656,143.2447509765625,105.86454010009766,105.22676849365234,58.180381774902344,163.33999633789062,49.827781677246094
2020-04-24,260.82818603515625,113.9335708618164,46.15559387207031,31.155479431152344,143.5808868408203,105.89051818847656,105.15390014648438,58.42934799194336,162.63999938964844,50.359588623046875
2020-04-27,264.5888977050781,118.44772338867188,46.765872955322266,31.78594207763672,140.9082794189453,105.32703399658203,104.3039779663086,60.42921829223633,161.55999755859375,50.50541305541992
2020-04-28,263.3721923828125,120.16961669921875,47.117000579833984,31.84723663330078,142.53033447265625,105.78649139404297,104.58727264404297,60.92716979980469,160.83999633789062,50.78847122192383
2020-04-29,270.26690673828125,126.07990264892578,48.29575729370117,32.77541732788086,141.79074096679688,105.73450469970703,105.27536010742188,61.84275436401367,161.72999572753906,50.57404327392578
2020-04-30,267.7505187988281,121.2865219116211,47.29255676269531,32.083656311035156,140.13511657714844,105.48307037353516,104.56299591064453,61.1279411315918,158.8000030517578,49.973594665527344
2020-05-01,260.66229248046875,116.47451782226562,46.264278411865234,30.927804946899414,141.33514404296875,105.62887573242188,104.1491470336914,59.063865661621094,159.77999877929688,49.42462921142578
2020-05-04,261.38116455078125,116.97712707519531,46.24755096435547,31.26055335998535,140.6702880859375,105.64620208740234,104.31140899658203,58.774715423583984,160.33999633789062,49.398902893066406
2020-05-05,263.7961730957031,117.87997436523438,46.331153869628906,31.43568229675293,139.7698211669922,105.56812286376953,104.17346954345703,59.063865661621094,161.02000427246094,49.44178771972656
2020-05-06,262.0080261230469,117.01435089111328,46.03019332885742,31.339359283447266,137.51454162597656,105.17756652832031,103.0049057006836,58.00370407104492,158.9499969482422,48.90138626098633
2020-05-07,265.1695861816406,118.6152572631836,46.72407531738281,31.593299865722656,139.8119354248047,105.8198013305664,103.28085327148438,58.83095169067383,161.38999938964844,48.7641487121582
2020-05-08,269.55706787109375,123.194580078125,47.51828384399414,32.2587890625,137.9942169189453,105.47261810302734,102.78581237792969,60.228431701660156,160.4199981689453,49.85352325439453
2020-05-11,269.6124267578125,122.58023834228516,47.47648239135742,32.04863739013672,136.91709899902344,105.17756652832031,101.88501739501953,59.35299301147461,159.4199981689453,49.78489303588867
2020-05-12,264.23870849609375,118.17778778076172,46.87455368041992,31.926044464111328,138.32235717773438,105.52471923828125,102.86692810058594,56.65439224243164,160.0399932861328,49.364593505859375
2020-05-13,259.5653076171875,114.22209930419922,46.515071868896484,31.864742279052734,139.29013061523438,105.7416763305664,103.1022720336914,55.281009674072266,161.5800018310547,48.91854476928711
2020-05-14,262.6716003417969,114.59439849853516,46.07199478149414,31.987340927124023,140.6534423828125,105.9065933227539,103.954345703125,55.4737663269043,163.00999450683594,48.7984504699707
2020-05-15,263.8791809082031,116.41866302490234,46.113792419433594,31.549516677856445,140.2915802001953,105.83715057373047,104.31954193115234,55.25693130493164,163.92999267578125,49.22733688354492
2020-05-18,271.9169006347656,123.49239349365234,47.97807693481445,32.7841796875,137.2115936279297,105.186279296875,104.91194152832031,58.525753021240234,162.69000244140625,50.007904052734375
2020-05-19,269.1238708496094,121.0538330078125,47.31763458251953,32.521484375,137.72496032714844,105.48131561279297,104.99308776855469,57.7386589050293,164.25999450683594,49.0900993347168
2020-05-20,273.69586181640625,124.72098541259766,48.30411911010742,32.95054244995117,138.13726806640625,105.50735473632812,106.14545440673828,58.25266647338867,164.64999389648438,49.673377990722656
2020-05-21,271.80621337890625,124.94437408447266,47.743995666503906,32.57402420043945,138.48236083984375,105.57678985595703,106.06430053710938,58.300846099853516,162.25,49.12440490722656
2020-05-22,272.3223876953125,125.54934692382812,47.610233306884766,31.899776458740234,139.31539916992188,105.77640533447266,106.06430053710938,59.08795928955078,163.2100067138672,49.29596710205078
2020-05-26,275.677490234375,129.17002868652344,48.97291564941406,32.60028839111328,137.44723510742188,105.49869537353516,105.91822814941406,61.296627044677734,160.88999938964844,49.56187057495117
2020-05-27,279.7793273925781,133.18154907226562,49.56648635864258,32.70536804199219,137.1947479248047,105.58550262451172,106.35643768310547,62.51741409301758,161.17999267578125,50.30813217163086
2020-05-28,279.26312255859375,130.02627563476562,50.03464126586914,32.47770309448242,136.68984985351562,105.4900131225586,106.44568634033203,62.8145751953125,161.72000122070312,50.75415802001953
2020-05-29,280.5075378417969,129.28170776367188,49.85907745361328,33.03811264038086,137.66598510742188,105.82847595214844,107.1355209350586,62.1881103515625,162.91000366210938,50.805625915527344
2020-06-01,281.6412658691406,130.5195770263672,50.9709587097168,33.7999267578125,136.7391357421875,105.78677368164062,107.08829498291016,63.625762939453125,163.66000366210938,51.15731430053711
2020-06-02,283.9732971191406,131.5992889404297,51.44747543334961,34.605525970458984,136.2420196533203,105.6130142211914,107.42996978759766,64.1397705078125,162.60000610351562,51.29456329345703
2020-06-03,287.75250244140625,134.77310180664062,52.67639923095703,35.41111755371094,134.43040466308594,104.98751831054688,107.36487579345703,66.19586181640625,159.60000610351562,51.36318588256836
2020-06-04,286.9966735839844,134.57765197753906,52.450679779052734,34.911991119384766,132.48394775390625,104.57052612304688,107.03947448730469,65.5372543334961,161.27999877929688,51.114437103271484
2020-06-05,294.3522644042969,139.78057861328125,53.35356521606445,35.8314208984375,131.54029846191406,104.04932403564453,107.59265899658203,68.01900482177734,158.00999450683594,51.82637405395508
2020-06-08,297.9102783203125,142.4890899658203,54.04744338989258,36.050331115722656,132.04579162597656,104.1622543334961,107.95059204101562,69.70563507080078,159.72000122070312,52.38392639160156
2020-06-09,295.6887512207031,139.85507202148438,53.34519958496094,35.80515670776367,133.54566955566406,104.53578186035156,107.72283935546875,68.54910278320312,161.25999450683594,51.95505142211914
2020-06-10,294.0387878417969,136.05755615234375,53.22815704345703,36.06784439086914,135.5257568359375,105.31764221191406,108.43057250976562,66.8062515258789,163.57000732421875,51.80922317504883
2020-06-11,277.0878601074219,125.67965698242188,50.377403259277344,34.185203552246094,138.0873260498047,105.69124603271484,107.13706970214844,62.51741409301758,162.38999938964844,49.84492874145508
2020-06-12,280.40606689453125,128.69537353515625,51.24684143066406,34.911991119384766,136.75601196289062,105.45664978027344,107.65772247314453,64.7582015991211,162.6199951171875,49.85352325439453
2020-06-15,283.0238952636719,131.67074584960938,51.457115173339844,34.594932556152344,136.83184814453125,105.36978149414062,109.18712615966797,65.6738052368164,162.3300018310547,50.42821502685547
2020-06-16,288.4715270996094,134.83663940429688,52.09300994873047,34.81511306762695,134.73374938964844,105.1526107788086,108.88609313964844,66.9668960571289,162.25,51.21735763549805
2020-06-17,287.273193359375,132.39915466308594,52.28802490234375,35.14978790283203,135.2898712158203,105.31764221191406,108.67463684082031,65.99507904052734,162.55999755859375,51.140167236328125
2020-06-18,287.38372802734375,132.3524627685547,52.00822448730469,35.16740417480469,136.7223358154297,105.5522232055664,108.91862487792969,65.27222442626953,162.24000549316406,51.406070709228516
2020-06-19,285.7414245605469,131.67074584960938,51.753868103027344,35.158592224121094,136.83184814453125,105.58695220947266,109.00001525878906,64.32450866699219,164.02999877929688,51.140167236328125
2020-06-22,287.5744934082031,132.98751831054688,52.3728141784668,35.59015655517578,136.8487548828125,105.49138641357422,108.89424896240234,64.26025390625,165.08999633789062,50.994075775146484
2020-06-23,288.8984680175781,133.54786682128906,52.66108703613281,35.93363952636719,135.9134063720703,105.45664978027344,108.69090270996094,63.995216369628906,166.47999572753906,50.9162712097168
2020-06-24,281.5289611816406,129.2145233154297,51.31296920776367,35.458045959472656,137.37110900878906,105.65645599365234,108.38990020751953,62.17204666137695,165.89999389648438,50.060462951660156
2020-06-25,284.5470886230469,131.16639709472656,52.04214096069336,35.607765197753906,137.76712036132812,105.67384338378906,108.5037612915039,62.966129302978516,165.8000030517578,50.41489028930664
2020-06-26,277.7886962890625,127.63626861572266,51.28752899169922,35.17620849609375,139.2417755126953,105.96055603027344,108.60137939453125,61.75758743286133,166.5399932861328,49.386199951171875
2020-06-29,281.87158203125,131.81080627441406,51.7029914855957,35.33474349975586,138.80352783203125,106.0647964477539,109.1058120727539,62.94991683959961,166.6300048828125,50.319793701171875
2020-06-30,285.48223876953125,133.7159423828125,51.60972595214844,35.220252990722656,138.12945556640625,105.87369537353516,109.4148941040039,63.696136474609375,167.3699951171875,50.69151306152344
2020-07-01,287.48193359375,132.44583129882812,51.80473709106445,35.6165771484375,137.8612060546875,105.70846557617188,109.8470458984375,65.16423034667969,166.6199951171875,50.73473358154297
2020-07-02,289.0650939941406,132.98751831054688,52.3728141784668,36.42684555053711,138.00462341308594,105.83889770507812,110.11612701416016,64.97766876220703,166.97999572753906,50.994075775146484
2020-07-06,293.5274353027344,133.94943237304688,53.22914505004883,37.99454116821289,137.4394073486328,105.68235778808594,110.40149688720703,64.94522094726562,167.97999572753906,51.24475860595703
2020-07-07,290.5000915527344,131.5773162841797,52.44911193847656,37.36041259765625,139.37127685546875,106.02149200439453,110.54823303222656,63.655574798583984,169.0399932861328,51.71157455444336
2020-07-08,292.72198486328125,132.55792236328125,52.89000701904297,38.32921600341797,138.81448364257812,105.85626220703125,110.3688735961914,63.56636428833008,170.08999633789062,51.5818977355957
2020-07-09,291.05548095703125,129.87767028808594,52.28802490234375,38.32921600341797,141.02464294433594,106.19539642333984,110.98857116699219,63.168907165527344,169.6300048828125,51.175601959228516
2020-07-10,294.02734375,131.96957397460938,52.84761428833008,38.082618713378906,140.31607055664062,105.9866943359375,110.78468322753906,63.36357116699219,169.19000244140625,52.11786651611328
2020-07-13,291.4814453125,130.2978973388672,52.50846862792969,37.82719802856445,140.78009033203125,106.09974670410156,110.49118041992188,62.60926818847656,169.39999389648438,52.040069580078125
2020-07-14,295.2587585449219,132.45521545410156,53.280029296875,37.880043029785156,140.98255920410156,106.09101867675781,111.13533020019531,63.13645553588867,170.19000244140625,52.80078125
2020-07-15,297.9714050292969,137.31150817871094,53.88200378417969,37.99454116821289,140.3245086669922,106.05623626708984,111.3554916381836,63.75289535522461,170.33999633789062,52.84400177001953
2020-07-16,296.9900207519531,136.49899291992188,53.53438186645508,37.45729446411133,140.99095153808594,106.13452911376953,111.66535186767578,62.990455627441406,168.72999572753906,52.956382751464844
2020-07-17,297.8509521484375,136.90057373046875,53.84809112548828,37.66866683959961,140.69564819335938,106.10845184326172,111.9670181274414,63.80967712402344,170.1199951171875,53.24165344238281
2020-07-20,300.25811767578125,136.31222534179688,54.11094284057617,38.153072357177734,141.04165649414062,106.177978515625,112.27682495117188,63.047237396240234,170.94000244140625,52.705692291259766
2020-07-21,300.8968811035156,138.245361328125,54.221160888671875,38.5053596496582,141.1259307861328,106.2910385131836,112.42365264892578,63.20137023925781,173.0,53.163848876953125
2020-07-22,302.6096496582031,138.32009887695312,54.365291595458984,38.3380241394043,141.5477294921875,106.32581329345703,112.79057312011719,64.16657257080078,175.6300048828125,53.58742904663086
2020-07-23,298.9990234375,138.4601593017578,53.932884216308594,38.02976608276367,143.20123291015625,106.43017578125,112.87205505371094,63.89891052246094,177.17999267578125,53.77761459350586
2020-07-24,297.07330322265625,136.4242706298828,53.636131286621094,37.99454116821289,143.19273376464844,106.37797546386719,112.61929321289062,63.428462982177734,178.6999969482422,53.70846176147461
2020-07-27,299.23968505859375,137.84381103515625,54.33985900878906,38.584632873535156,142.6612548828125,106.21277618408203,112.27682495117188,64.02867126464844,182.22999572753906,53.976436614990234
2020-07-28,297.34185791015625,136.47097778320312,53.99223327636719,38.2675666809082,143.6483154296875,106.46493530273438,112.16268920898438,65.30211639404297,183.75,54.175254821777344
2020-07-29,300.998779296875,139.47813415527344,54.560302734375,38.88407516479492,143.40367126464844,106.60405731201172,112.77423858642578,66.56744384765625,185.1300048828125,54.25306701660156
2020-07-30,299.9248352050781,138.92713928222656,53.75483322143555,38.390865325927734,144.3485107421875,106.7518539428711,112.65190124511719,66.1375503540039,183.75999450683594,54.25306701660156
2020-07-31,302.29486083984375,137.6196746826172,52.610206604003906,38.12664794921875,144.2556610107422,106.7779769897461,112.80684661865234,66.0158920288086,185.42999267578125,54.20119857788086
2020-08-03,304.3964538574219,139.86102294921875,53.636131286621094,38.390865325927734,143.52938842773438,106.72573852539062,112.95802307128906,65.139892578125,185.63999938964844,54.054229736328125
2020-08-04,305.572265625,140.82293701171875,53.932884216308594,38.901676177978516,144.8975830078125,107.09123992919922,113.37474060058594,66.11322021484375,189.58999633789062,54.728515625
2020-08-05,307.47015380859375,143.62464904785156,54.11094284057617,39.324440002441406,143.63075256347656,106.7344741821289,113.21949768066406,65.78067016601562,191.35000610351562,54.61613464355469
2020-08-06,309.52545166015625,143.56861877441406,54.1702880859375,39.44773483276367,144.4330291748047,106.85630798339844,113.7015609741211,65.88612365722656,193.88999938964844,54.60749053955078
2020-08-07,309.74761962890625,145.84732055664062,53.94984436035156,38.63746643066406,143.47024536132812,106.62998962402344,113.3829116821289,66.82701110839844,190.80999755859375,54.90140151977539
2020-08-10,310.6734313964844,147.36024475097656,54.12789535522461,38.734344482421875,142.82843017578125,106.51693725585938,113.1378402709961,66.93243408203125,190.14999389648438,55.18667221069336
2020-08-11,308.1089172363281,146.5104217529297,54.322914123535156,38.628662109375,141.1309356689453,106.1513900756836,112.42689514160156,65.96723175048828,179.94000244140625,54.806304931640625
2020-08-12,312.4046325683594,147.10813903808594,55.52687072753906,39.148292541503906,139.84719848632812,105.83811950683594,112.1490707397461,66.63231658935547,179.10000610351562,55.51516342163086
2020-08-13,311.84002685546875,146.7999267578125,55.2809944152832,39.03379440307617,138.35231018066406,105.62055206298828,111.13581848144531,65.81312561035156,183.3300018310547,55.4719352722168
2020-08-14,311.8492431640625,146.70652770996094,54.94185256958008,38.963348388671875,137.81185913085938,105.67277526855469,110.64556121826172,65.82123565673828,182.5399932861328,55.463294982910156
2020-08-17,312.8397521972656,147.46299743652344,55.35730743408203,39.456539154052734,138.15814208984375,105.84681701660156,110.87440490722656,66.35655212402344,186.5,55.77450180053711
2020-08-18,313.5156555175781,146.0528106689453,55.323387145996094,39.412513732910156,139.14622497558594,106.02958679199219,111.19304656982422,66.04023742675781,188.17999267578125,55.9992561340332
2020-08-19,312.210205078125,146.06214904785156,55.07750701904297,38.92810821533203,138.27635192871094,105.89031219482422,110.8989028930664,64.88034057617188,182.24000549316406,55.55838394165039
2020-08-20,313.1824035644531,145.46444702148438,54.89945602416992,38.804805755615234,139.52630615234375,106.19493103027344,111.29108428955078,65.49678039550781,183.5,55.446006774902344
2020-08-21,314.29327392578125,144.39047241210938,54.619651794433594,38.99856185913086,140.36241149902344,106.27322387695312,111.49535369873047,65.60221862792969,182.02999877929688,55.58432388305664
2020-08-24,317.4781188964844,145.90338134765625,55.3403434753418,39.43012237548828,140.13429260253906,106.12530517578125,111.29927825927734,66.02399444580078,181.0,56.05977249145508
2020-08-25,318.58905029296875,146.06214904785156,55.37425994873047,39.826454162597656,139.06182861328125,105.8729248046875,110.81719207763672,66.19434356689453,181.22000122070312,55.93873977661133
2020-08-26,321.7831115722656,145.14694213867188,55.696449279785156,39.932132720947266,138.52969360351562,105.82942199707031,110.85801696777344,65.58600616455078,183.36000061035156,56.00789260864258
2020-08-27,322.48675537109375,145.5018310546875,55.12837600708008,39.59745788574219,136.1734161376953,105.45523071289062,109.97555541992188,66.55123138427734,181.24000549316406,56.35367965698242
2020-08-28,324.5698547363281,146.73455810546875,55.51839828491211,40.11709213256836,136.07205200195312,105.62923431396484,110.31058502197266,66.98921203613281,184.38999938964844,56.85506820678711
2020-08-31,323.3939514160156,145.15625,55.09446334838867,39.22755432128906,136.9757080078125,105.74236297607422,110.80086517333984,66.3078842163086,184.8300018310547,56.690818786621094
2020-09-01,326.44000244140625,146.818603515625,55.1538200378418,39.896915435791016,138.5424346923828,106.08899688720703,111.50100708007812,66.35655212402344,185.0500030517578,56.75133514404297
2020-09-02,331.1614685058594,147.9860076904297,55.891456604003906,39.79122543334961,139.86146545410156,106.2370376586914,111.94319915771484,67.58943939208984,182.6199951171875,57.7800407409668
2020-09-03,319.7648620605469,143.61532592773438,54.62812805175781,39.03379440307617,140.2588348388672,106.3763427734375,111.69750213623047,66.77833557128906,181.13999938964844,56.78590774536133
2020-09-04,317.15411376953125,142.7001190185547,54.704444885253906,39.05141067504883,137.59556579589844,105.7841796875,110.51012420654297,66.42955780029297,181.63999938964844,56.65623092651367
2020-09-08,308.488525390625,139.95443725585938,54.03462600708008,38.373252868652344,138.4409942626953,106.01061248779297,110.61656188964844,65.61845397949219,181.2899932861328,55.463294982910156
2020-09-09,314.580322265625,142.07437133789062,55.0435905456543,38.94572067260742,138.0690460205078,105.95835876464844,110.69026947021484,66.267333984375,183.0500030517578,56.26723098754883
2020-09-10,309.1181640625,140.22523498535156,54.39921569824219,38.32040786743164,138.77073669433594,106.08899688720703,110.77218627929688,65.45621490478516,182.4600067138672,55.57566452026367
2020-09-11,309.27545166015625,139.2913360595703,54.94185256958008,38.69031524658203,139.0666961669922,106.25446319580078,110.85404968261719,65.09122467041016,182.4499969482422,55.88688278198242
2020-09-14,313.3490295410156,142.96163940429688,55.23860168457031,39.31562805175781,139.0582275390625,106.15862274169922,111.13249969482422,66.68099975585938,183.88999938964844,56.24995040893555
2020-09-15,314.93218994140625,143.2323760986328,55.594703674316406,39.72956466674805,138.71998596191406,106.10639190673828,111.25533294677734,67.48397827148438,183.4499969482422,56.172157287597656
2020-09-16,313.6822509765625,144.58660888671875,55.594703674316406,39.676719665527344,138.30572509765625,106.04546356201172,111.32902526855469,67.84087371826172,183.97000122070312,55.92145919799805
2020-09-17,310.9234619140625,143.53125,55.6710090637207,39.518192291259766,138.72840881347656,106.08028411865234,111.35355377197266,66.51876831054688,182.9600067138672,55.567020416259766
2020-09-18,307.3438720703125,143.15771484375,55.221641540527344,39.209938049316406,138.29725646972656,105.9844741821289,111.14885711669922,65.01824188232422,183.1999969482422,55.057003021240234
2020-09-21,303.9232177734375,138.1426544189453,53.82266616821289,38.848846435546875,138.99899291992188,106.17607116699219,111.04241943359375,63.063472747802734,179.52000427246094,54.63698196411133
2020-09-22,307.01849365234375,139.20729064941406,53.80570602416992,38.55820846557617,138.88919067382812,106.17607116699219,111.10791015625,63.817787170410156,178.64999389648438,54.958736419677734
2020-09-23,299.8984069824219,135.0600128173828,53.3563346862793,37.95930862426758,139.07516479492188,106.17607116699219,110.30533599853516,61.89546203613281,174.7899932861328,54.13261032104492
2020-09-24,300.69781494140625,135.0600128173828,53.30546569824219,37.783172607421875,139.6077880859375,106.22834014892578,110.02696990966797,62.22803497314453,175.44000244140625,54.53263473510742
2020-09-25,305.5591735839844,137.25364685058594,53.483516693115234,37.81839370727539,139.6077880859375,106.31538391113281,109.9123306274414,63.51132583618164,174.94000244140625,54.819602966308594
2020-09-28,310.6343688964844,140.63783264160156,54.28899002075195,38.24114227294922,139.2103729248047,106.29796600341797,110.46917724609375,64.81098937988281,176.6999969482422,55.43701934814453
2020-09-29,308.9425964355469,140.00039672851562,54.229637145996094,38.2147216796875,139.37103271484375,106.3763427734375,110.32994842529297,64.34507751464844,178.19000244140625,55.07178497314453
2020-09-30,311.2850036621094,140.42222595214844,53.966800689697266,38.831233978271484,138.03515625,106.08899688720703,110.31360626220703,64.54125213623047,177.1199951171875,55.74137878417969
2020-10-01,313.28350830078125,142.6627655029297,54.28050994873047,39.19232940673828,138.2628173828125,106.14911651611328,110.62052154541016,65.83272552490234,178.6999969482422,56.05443572998047
2020-10-02,310.3089599609375,143.2908935546875,54.1702880859375,38.743160247802734,137.74658203125,106.04454803466797,110.63695526123047,66.96890258789062,178.5399932861328,55.74137878417969
2020-10-05,315.8116760253906,147.24697875976562,54.99272155761719,39.262786865234375,135.05508422851562,105.3735580444336,110.26761627197266,67.35307312011719,179.41000366210938,56.11531066894531
2020-10-06,311.3221130371094,146.82508850097656,54.407691955566406,39.333248138427734,135.782958984375,105.61751556396484,110.17730712890625,66.91168212890625,177.3000030517578,55.75008010864258
2020-10-07,316.74127197265625,150.03121948242188,54.874019622802734,39.76480484008789,134.79275512695312,105.31254577636719,110.21017456054688,67.00977325439453,177.22000122070312,56.350101470947266
2020-10-08,319.5484313964844,151.73741149902344,55.255558013916016,40.090667724609375,135.52053833007812,105.50426483154297,110.4809799194336,68.12958526611328,177.85000610351562,56.72402572631836
2020-10-09,322.4020080566406,152.52487182617188,55.68796920776367,40.36369323730469,135.49520874023438,105.45197296142578,110.73543548583984,67.85985565185547,181.0800018310547,57.167518615722656
2020-10-12,327.588623046875,153.5466766357422,56.01015853881836,40.715980529785156,135.9268798828125,105.56524658203125,111.37556457519531,68.17864990234375,180.55999755859375,57.82841110229492
2020-10-13,325.4508056640625,152.52487182617188,55.38273620605469,40.54865264892578,136.9001007080078,105.800537109375,111.26885986328125,67.00977325439453,177.72000122070312,57.784942626953125
2020-10-14,323.4058532714844,151.0155487060547,55.28947067260742,40.27561569213867,137.2133026123047,105.83537292480469,111.37556457519531,66.19239044189453,178.27000427246094,57.48927307128906
2020-10-15,323.0062561035156,152.5717315673828,54.63661193847656,39.98497772216797,136.97633361816406,105.72212219238281,111.26065826416016,66.53568267822266,178.9199981689453,57.524051666259766
2020-10-16,322.8110046386719,152.19676208496094,54.89097213745117,40.12589645385742,136.5955047607422,105.66112518310547,111.0718765258789,66.06159973144531,178.3000030517578,57.54145050048828
2020-10-19,317.903076171875,150.37808227539062,54.6874885559082,40.01139831542969,136.0791778564453,105.48681640625,110.85851287841797,65.03166198730469,178.38999938964844,56.7935905456543
2020-10-20,319.1766052246094,150.70620727539062,54.95880126953125,40.451759338378906,134.78428649902344,105.26025390625,110.62873077392578,65.49759674072266,179.25,56.73271179199219
2020-10-21,318.5724182128906,149.41253662109375,54.69596862792969,40.56625747680664,134.3187713623047,105.12083435058594,110.44815826416016,65.30142974853516,180.60000610351562,56.784915924072266
2020-10-22,320.31988525390625,151.9905242919922,54.738365173339844,40.55744934082031,132.9222412109375,104.7548599243164,110.20198059082031,65.2932357788086,178.8300018310547,56.75880813598633
2020-10-23,321.4073791503906,152.87173461914062,55.09446334838867,40.79524612426758,133.73477172851562,104.9029541015625,110.4809799194336,65.68559265136719,178.63999938964844,56.8631591796875
2020-10-26,315.4678039550781,149.57188415527344,54.102455139160156,40.266815185546875,134.97891235351562,105.18183135986328,110.7107925415039,64.74559783935547,178.5500030517578,56.132694244384766
2020-10-27,314.3802490234375,148.2875213623047,53.67852020263672,40.44295883178711,135.8845672607422,105.41712188720703,111.16215515136719,63.7075080871582,179.02000427246094,55.984859466552734
2020-10-28,303.63507080078125,143.7221221923828,52.0760498046875,39.43012237548828,136.01150512695312,105.40837860107422,110.6123275756836,62.18715286254883,176.1300048828125,54.35000991821289
2020-10-29,306.7210693359375,145.43765258789062,52.321937561035156,39.826454162597656,134.69117736816406,104.96398162841797,110.3250732421875,63.020896911621094,175.39999389648438,54.332618713378906
2020-10-30,303.5235290527344,143.51588439941406,52.05061721801758,39.377281188964844,133.3623504638672,104.62409210205078,109.75059509277344,62.604026794433594,176.1999969482422,54.14131164550781
2020-11-02,306.925537109375,146.0751495361328,52.72890853881836,39.879295349121094,134.36131286621094,104.8037338256836,110.18070983886719,64.09986114501953,177.91000366210938,55.00221252441406
2020-11-03,312.34466552734375,150.21871948242188,54.11094284057617,40.055442810058594,133.5818328857422,104.56829833984375,110.28762817382812,65.33412170410156,178.9199981689453,55.90658950805664
2020-11-04,319.3253173828125,150.387451171875,54.704444885253906,41.314876556396484,136.47947692871094,105.44902038574219,111.94068145751953,65.44854736328125,178.82000732421875,55.93269348144531
2020-11-05,325.55303955078125,154.59669494628906,56.018638610839844,42.01945877075195,136.71673583984375,105.43154907226562,112.36013793945312,65.7591552734375,182.92999267578125,56.34138870239258
2020-11-06,325.4786682128906,153.38729858398438,56.13734436035156,42.21322250366211,135.0645294189453,105.07405090332031,112.00653076171875,65.30960083007812,183.19000244140625,56.60227966308594
2020-11-09,329.5685119628906,158.9464569091797,57.77372360229492,42.50386047363281,132.22618103027344,104.29800415039062,111.15941619873047,67.62281799316406,175.0800018310547,56.47184371948242
2020-11-10,329.085205078125,161.89947509765625,58.29092025756836,42.01945877075195,131.46356201171875,104.00151824951172,110.87158203125,68.61186218261719,175.66000366210938,57.584938049316406
2020-11-11,331.5298767089844,161.83387756347656,58.78268051147461,42.29248046875,131.9380645751953,104.16720581054688,111.0771713256836,68.87342834472656,174.89999389648438,58.08060073852539
2020-11-12,328.31365966796875,159.3495635986328,57.92634201049805,41.97542190551758,134.1833953857422,104.7601318359375,111.52130889892578,67.97428894042969,175.9600067138672,57.9240837097168
2020-11-13,332.8589782714844,162.64947509765625,58.81661605834961,42.56550979614258,134.00538635253906,104.62062072753906,111.65287780761719,69.78889465332031,177.16000366210938,58.72409439086914
2020-11-16,337.0138854980469,166.52114868164062,59.42705535888672,43.09394454956055,133.68348693847656,104.54212188720703,112.01473999023438,70.57357788085938,177.14999389648438,59.263267517089844
2020-11-17,335.2013854980469,167.29925537109375,59.367713928222656,43.04990005493164,134.55616760253906,104.81246185302734,112.37664031982422,70.63899993896484,176.5,58.84584426879883
2020-11-18,331.16729736328125,164.9556121826172,59.05400848388672,42.900184631347656,134.94593811035156,104.77757263183594,112.61512756347656,69.26576232910156,175.49000549316406,58.03712844848633
2020-11-19,332.56158447265625,166.22116088867188,59.469459533691406,42.97064208984375,135.64064025878906,104.89095306396484,113.24018096923828,69.53549194335938,175.16000366210938,58.19364929199219
2020-11-20,330.2842102050781,166.39930725097656,59.64751052856445,43.20844268798828,136.84385681152344,105.07405090332031,113.14149475097656,69.15950775146484,175.69000244140625,57.82841110229492
2020-11-23,332.2640686035156,169.5116729736328,59.57120895385742,43.32292938232422,136.21685791015625,104.86478424072266,113.28131103515625,69.290283203125,172.22999572753906,57.84580612182617
2020-11-24,337.6181335449219,172.6990509033203,60.461463928222656,43.90420913696289,134.8612060546875,104.69911193847656,113.02635955810547,69.65812683105469,169.58999633789062,58.23713302612305
2020-11-25,337.09759521484375,172.10842895507812,60.385162353515625,43.657615661621094,134.446044921875,104.73397827148438,113.0920639038086,69.69898223876953,169.50999450683594,58.20234680175781
2020-11-27,338.0363464355469,172.8396453857422,60.800621032714844,44.07154846191406,135.7509307861328,105.04788970947266,113.49513244628906,69.38838195800781,167.7899932861328,58.19364929199219
2020-11-30,336.5398254394531,169.6991424560547,59.47794723510742,42.91779327392578,135.58143615722656,104.97814178466797,113.889892578125,68.6609115600586,166.6699981689453,58.18495559692383
2020-12-01,340.2207336425781,171.27407836914062,60.87691879272461,43.76329803466797,133.58242797851562,104.4197006225586,113.45809173583984,69.5436782836914,170.17999267578125,58.6980094909668
2020-12-02,340.93646240234375,171.4522247314453,60.88540267944336,43.8249397277832,132.5221710205078,104.24517059326172,113.07898712158203,68.99603271484375,171.4600067138672,58.21104049682617
2020-12-03,340.84356689453125,172.41781616210938,60.98714828491211,44.326961517333984,133.59088134765625,104.52442932128906,113.52399444580078,69.5763931274414,172.80999755859375,58.358882904052734
2020-12-04,343.78082275390625,176.4301300048828,61.50434875488281,44.784934997558594,131.631591796875,104.11431121826172,112.89772033691406,70.63899993896484,172.32000732421875,58.811065673828125
2020-12-07,343.0743713378906,176.59886169433594,61.00410079956055,44.784934997558594,132.8189697265625,104.4371566772461,112.99657440185547,70.02593994140625,174.88999938964844,58.58497619628906
2020-12-08,344.0782165527344,178.86753845214844,61.21605682373047,44.80255126953125,133.44662475585938,104.5418472290039,112.86475372314453,69.78073120117188,175.5,58.906715393066406
2020-12-09,340.9922790527344,177.56446838378906,61.300865173339844,44.415035247802734,133.005615234375,104.39350891113281,112.45271301269531,69.34749603271484,172.5,58.67192840576172
2020-12-10,340.8807067871094,179.27999877929688,61.38564682006836,44.987510681152344,134.18443298339844,104.62910461425781,113.01306915283203,69.0450668334961,172.1699981689453,58.41104507446289
2020-12-11,340.4810485839844,178.39878845214844,61.1991081237793,44.67044448852539,134.65945434570312,104.83851623535156,113.12844848632812,68.97969055175781,172.49000549316406,58.5414924621582
2020-12-14,338.95660400390625,178.60755920410156,61.23677444458008,44.43819808959961,134.2863311767578,104.77745056152344,113.0460433959961,68.67723846435547,171.5399932861328,58.31538391113281
2020-12-15,343.5390930175781,183.07440185546875,61.86172103881836,44.9187126159668,133.8367919921875,104.6727523803711,113.26851654052734,70.08316802978516,173.94000244140625,58.454532623291016
2020-12-16,344.0782165527344,182.41615295410156,62.101436614990234,45.13227081298828,133.48049926757812,104.58545684814453,113.1778793334961,70.16488647460938,174.89999389648438,58.56757354736328
2020-12-17,346.00238037109375,184.58840942382812,62.538047790527344,45.4259147644043,133.12728881835938,104.50950622558594,113.343017578125,70.84334564208984,176.74000549316406,58.94150161743164
2020-12-18,344.6207580566406,183.69503784179688,62.21272277832031,45.37251663208008,132.72828674316406,104.4222183227539,113.26046752929688,69.42108154296875,176.44000244140625,59.07194519042969
2020-12-21,343.3885803222656,183.6010284423828,61.416561126708984,44.70514678955078,133.2547607421875,104.49205017089844,113.03751373291016,69.02872467041016,175.8800048828125,58.435333251953125
2020-12-22,342.8099060058594,185.68869018554688,61.262454986572266,44.34921646118164,133.94244384765625,104.66669464111328,113.3512191772461,69.51100158691406,174.49000549316406,58.02320861816406
2020-12-23,343.117919921875,187.26849365234375,61.92165756225586,44.80302810668945,133.0169677734375,104.4483871459961,113.37606048583984,69.06140899658203,175.64999389648438,58.21611785888672
2020-12-24,344.4527893066406,187.14625549316406,61.94734191894531,44.60726547241211,133.54330444335938,104.59681701660156,113.76412200927734,69.66604614257812,176.35000610351562,58.5054817199707
2020-12-28,347.41180419921875,186.4503631591797,62.45243835449219,44.731842041015625,133.60275268554688,104.60556030273438,113.83849334716797,70.0813217163086,175.7100067138672,58.97023391723633
2020-12-29,346.7491455078125,182.8393096923828,62.854801177978516,45.39921951293945,133.43296813964844,104.58808898925781,113.88800811767578,69.48333740234375,176.35000610351562,58.79484558105469
2020-12-30,347.2437744140625,184.70126342773438,62.940406799316406,46.00429916381836,133.7217559814453,104.65794372558594,114.03665924072266,69.86537170410156,177.6999969482422,58.73347854614258
2020-12-31,349.0082092285156,184.3721160888672,62.46100616455078,45.97761154174805,133.9169158935547,104.72779846191406,114.06144714355469,70.53814697265625,178.36000061035156,59.14560317993164
2021-01-04,344.25677490234375,181.9647216796875,62.786312103271484,46.2712516784668,133.7555694580078,104.75398254394531,113.48340606689453,68.2458267211914,182.3300018310547,58.5054817199707
2021-01-05,346.627685546875,184.77651977539062,63.43695068359375,47.38353729248047,132.76226806640625,104.50950622558594,113.12004089355469,68.34550476074219,182.8699951171875,58.5054817199707
2021-01-06,348.7000732421875,192.33721923828125,64.16463470458984,46.98311233520508,130.0369415283203,103.89835357666016,112.20345306396484,68.46177673339844,179.89999389648438,58.54933166503906
2021-01-07,353.8808898925781,195.76023864746094,64.23312377929688,47.42803192138672,128.89068603515625,103.53164672851562,112.18698120117188,68.3288803100586,179.47999572753906,58.373958587646484
2021-01-08,355.8971862792969,195.33705139160156,64.8323974609375,48.68269348144531,128.47474670410156,103.23477172851562,112.10438537597656,68.9933090209961,173.33999633789062,58.66332244873047
2021-01-11,353.4981384277344,195.1678009033203,63.9848518371582,48.02421951293945,128.2624053955078,103.03398895263672,111.62545013427734,68.07972717285156,173.0,58.16349792480469
2021-01-12,353.5728759765625,198.66600036621094,64.27593231201172,48.495826721191406,128.1605987548828,103.01652526855469,111.8649673461914,68.23753356933594,174.1199951171875,57.970584869384766
2021-01-13,354.5249938964844,197.24603271484375,64.19033813476562,48.60261154174805,129.60386657714844,103.37449645996094,112.7319564819336,69.06806945800781,173.3699951171875,58.05827331542969
2021-01-14,353.2834167480469,201.18621826171875,64.70398712158203,49.056427001953125,128.38975524902344,103.13874816894531,112.2447280883789,69.47504425048828,173.27999877929688,57.75135803222656
2021-01-15,350.7071228027344,198.18638610839844,63.69378662109375,48.36235809326172,128.89913940429688,103.41815948486328,112.41818237304688,70.2723617553711,171.1300048828125,57.549678802490234
2021-01-19,353.4607849121094,200.72540283203125,64.15608215332031,49.163204193115234,129.3152313232422,103.47927856445312,112.61638641357422,70.0730209350586,172.5800018310547,57.29538345336914
2021-01-20,358.352294921875,201.60940551757812,64.59269714355469,50.02634048461914,129.44253540039062,103.52294158935547,112.58330535888672,71.41020202636719,175.38999938964844,57.40060806274414
2021-01-21,358.6789855957031,199.86029052734375,64.64405059814453,50.115325927734375,128.5341033935547,103.37449645996094,112.13746643066406,71.06967163085938,175.27999877929688,57.20770263671875
2021-01-22,357.4093933105469,202.1830291748047,64.33585357666016,49.67930603027344,128.9501495361328,103.53164672851562,112.0548324584961,71.23579406738281,173.89999389648438,57.05863571166992
2021-01-25,358.8191223144531,201.98556518554688,64.25879669189453,50.053035736083984,130.46995544433594,103.95075225830078,112.5338134765625,71.7756576538086,174.0500030517578,57.62860107421875
2021-01-26,358.2588806152344,200.5843963623047,64.35297393798828,49.68819808959961,130.22369384765625,103.91581726074219,112.5255355834961,72.28227996826172,173.6199951171875,58.14595413208008
2021-01-27,349.5028381347656,196.90744018554688,62.88048553466797,48.30896759033203,130.55484008789062,104.03803253173828,112.32736206054688,71.00322723388672,172.52000427246094,57.163848876953125
2021-01-28,352.5086364746094,196.27740478515625,63.282859802246094,48.647098541259766,129.83316040039062,103.767333984375,112.14568328857422,71.38529968261719,172.67999267578125,57.38307189941406
2021-01-29,345.45159912109375,193.3057861328125,61.973026275634766,47.43693923950195,129.05201721191406,103.58403015136719,111.97232055664062,70.56303405761719,172.61000061035156,56.199283599853516
2021-02-01,351.2018127441406,198.05474853515625,62.709266662597656,48.718292236328125,129.2015838623047,103.71331787109375,112.19319915771484,72.17431640625,174.22999572753906,56.251895904541016
2021-02-02,356.16790771484375,200.87591552734375,63.34278106689453,49.350067138671875,128.36863708496094,103.4512710571289,111.89533996582031,72.60616302490234,172.11000061035156,56.62895965576172
2021-02-03,356.4479675292969,201.47775268554688,63.49688720703125,49.59922409057617,127.22953796386719,103.19786071777344,111.63057708740234,72.42345428466797,171.85000610351562,56.71664810180664
2021-02-04,360.4992370605469,205.5872344970703,63.565364837646484,49.61701965332031,126.88956451416016,103.16291809082031,111.82085418701172,72.92179870605469,168.14999389648438,57.128780364990234
2021-02-05,361.9181213378906,208.43661499023438,63.95918655395508,50.04413604736328,125.82709503173828,102.94448852539062,111.5229721069336,73.17925262451172,169.80999755859375,57.66368103027344
2021-02-08,364.5318908691406,213.75917053222656,64.40435028076172,50.133121490478516,126.37957763671875,102.98819732666016,112.00289154052734,73.57791900634766,171.52000427246094,57.882896423339844
2021-02-09,364.2890930175781,214.76539611816406,64.75534057617188,50.667015075683594,126.47306060791016,103.06681060791016,111.82913208007812,73.83540344238281,172.0800018310547,57.83028030395508
2021-02-10,364.1305236816406,213.3548583984375,64.53276062011719,50.84498596191406,127.3145980834961,103.32891845703125,112.09387969970703,74.23405456542969,172.7100067138672,57.76890563964844
2021-02-11,364.7185363769531,213.1103057861328,64.96936798095703,51.38778305053711,126.61766815185547,103.25029754638672,111.7960433959961,74.39186096191406,171.2100067138672,57.514617919921875
2021-02-12,366.5201721191406,213.712158203125,65.32892608642578,51.432273864746094,125.04508972167969,102.90956115722656,111.43195343017578,74.40845489501953,170.69000244140625,57.602294921875
2021-02-16,366.2027282714844,212.36744689941406,65.7997817993164,51.55685043334961,123.1410140991211,102.16693878173828,110.64600372314453,73.83540344238281,168.24000549316406,57.497066497802734
2021-02-17,366.2867736816406,210.70294189453125,65.41454315185547,51.574649810791016,123.92305755615234,102.23686981201172,111.2003173828125,73.7440185546875,166.3300018310547,57.7075309753418
2021-02-18,364.7279357910156,207.43978881835938,65.08922576904297,50.86278533935547,123.42153930664062,102.22810363769531,110.98517608642578,73.42841339111328,166.32000732421875,57.67245101928711
2021-02-19,364.0837707519531,211.76556396484375,65.27757263183594,51.19202423095703,121.78104400634766,101.8174819946289,110.18267822265625,73.85199737548828,167.00999450683594,56.94462966918945
2021-02-22,361.2833557128906,210.39260864257812,65.11491394042969,49.68819808959961,120.85450744628906,101.65147399902344,109.49591064453125,74.46659851074219,169.50999450683594,56.99725341796875
2021-02-23,361.7220458984375,208.54006958007812,65.1748275756836,49.91065979003906,120.50601959228516,101.73011016845703,109.57865142822266,74.93170166015625,169.1199951171875,57.0761604309082
2021-02-24,365.7079772949219,213.46766662597656,65.38030242919922,49.590328216552734,119.71552276611328,101.59032440185547,109.74412536621094,75.5047836303711,169.0,57.04108810424805
2021-02-25,356.89593505859375,205.577880859375,64.26737976074219,48.460235595703125,117.76051330566406,100.23613739013672,108.00663757324219,74.05964660644531,165.82000732421875,56.41850280761719
2021-02-26,355.05706787109375,205.29568481445312,63.35991668701172,47.81066131591797,121.65350341796875,101.13602447509766,109.43798828125,72.97993469238281,161.80999755859375,55.50654983520508
2021-03-01,363.6636962890625,212.5931396484375,64.54989624023438,49.09201431274414,120.04679870605469,101.02236938476562,109.5449447631836,73.30384063720703,161.52999877929688,56.067752838134766
2021-03-02,360.825927734375,208.50244140625,64.48139190673828,48.61150360107422,120.05531311035156,101.20597839355469,109.42060852050781,72.59788513183594,162.41000366210938,55.9713020324707
2021-03-03,356.04656982421875,206.2455291748047,64.08760070800781,48.513633728027344,118.75318908691406,100.66392517089844,108.60807037353516,72.1826171875,160.6199951171875,55.70823287963867
2021-03-04,351.6405944824219,200.48092651367188,63.479766845703125,47.38353729248047,117.98725128173828,100.16565704345703,107.72100830078125,71.3603515625,159.0399932861328,55.50654983520508
2021-03-05,358.1095275878906,204.73150634765625,63.89068603515625,47.8996467590332,118.217041015625,100.02577209472656,107.58004760742188,72.14106750488281,159.13999938964844,56.734188079833984
2021-03-08,356.3265686035156,205.7000732421875,63.66810989379883,46.6093864440918,117.29792022705078,99.63239288330078,106.5768814086914,72.76398468017578,157.49000549316406,56.97970962524414
2021-03-09,361.41400146484375,210.02589416503906,64.52420043945312,47.6326904296875,118.92343139648438,100.1044692993164,107.38108825683594,73.24571228027344,160.83999633789062,56.92709732055664
2021-03-10,363.6636962890625,213.674560546875,64.79815673828125,47.41912841796875,119.1617660522461,100.31427001953125,107.88680267333984,73.97657012939453,161.66000366210938,57.67245101928711
2021-03-11,367.3509521484375,218.37648010253906,65.1406021118164,48.91405487060547,118.30216217041016,100.27930450439453,107.95315551757812,74.8403549194336,161.52000427246094,57.53214645385742
2021-03-12,367.845703125,219.66481018066406,65.30326080322266,48.042022705078125,115.79161834716797,99.55370330810547,106.70954132080078,76.0944595336914,161.49000549316406,58.00566864013672
2021-03-15,370.0393981933594,220.44532775878906,65.3546142578125,48.15769577026367,116.47242736816406,99.6761245727539,107.07430267333984,77.22399139404297,162.1999969482422,58.25995635986328
2021-03-16,369.5726318359375,216.759033203125,65.46590423583984,48.36235809326172,116.00437927246094,99.65859985351562,106.99969482421875,76.90840148925781,162.35000610351562,58.33010482788086
2021-03-17,370.832763671875,218.46115112304688,65.85114288330078,48.42464828491211,115.13629913330078,99.49249267578125,107.09917449951172,76.974853515625,163.50999450683594,58.2424201965332
2021-03-18,365.4372863769531,211.81263732910156,65.25187683105469,47.534812927246094,113.97039794921875,98.87181854248047,106.4857177734375,76.19413757324219,162.55999755859375,58.00566864013672
2021-03-19,364.7611389160156,213.41122436523438,65.43165588378906,48.122100830078125,114.67672729492188,98.81066131591797,106.6431884765625,75.15595245361328,163.24000549316406,58.20734786987305
2021-03-22,367.6737365722656,211.80319213867188,65.49159240722656,47.97972869873047,115.96178436279297,99.13407897949219,107.02461242675781,75.6875228881836,163.0,58.82183074951172
2021-03-23,364.7798767089844,204.12017822265625,64.58411407470703,47.06319808959961,117.00859069824219,99.62361907958984,107.33963775634766,75.57953643798828,161.80999755859375,59.06869125366211
2021-03-24,362.9255065917969,199.3994598388672,64.25879669189453,45.98650360107422,117.63832092285156,99.7547836303711,107.66294860839844,75.15595245361328,162.3699951171875,58.83946990966797
2021-03-25,364.96722412109375,204.1272735595703,64.73822784423828,46.2000617980957,116.71068572998047,99.62361907958984,107.53861236572266,75.92117309570312,161.77999877929688,59.41252136230469
2021-03-26,370.8486633300781,207.84872436523438,65.57719421386719,47.40134048461914,116.3022689819336,99.29145812988281,107.4639892578125,77.55855560302734,162.24000549316406,60.46164321899414
2021-03-29,370.6613464355469,201.99795532226562,65.32037353515625,47.07209777832031,115.31502532958984,98.95049285888672,107.20695495605469,77.10746002197266,160.30999755859375,61.06996154785156
2021-03-30,369.6779479980469,205.39913940429688,65.2347640991211,47.22336959838867,115.91926574707031,98.86309051513672,107.53861236572266,77.20769500732422,157.57000732421875,60.41757583618164
2021-03-31,371.1763916015625,208.15966796875,64.95225524902344,47.463626861572266,115.2724838256836,98.72319030761719,107.82048797607422,76.73988342285156,159.9600067138672,60.223602294921875
2021-04-01,375.1847839355469,210.79766845703125,65.7997817993164,47.92633819580078,117.18565368652344,99.16056060791016,108.49667358398438,78.1349868774414,161.97999572753906,59.93268966674805
2021-04-05,380.5699157714844,211.95652770996094,66.75862121582031,48.11320114135742,116.67438507080078,98.88068389892578,107.96503448486328,78.43574523925781,161.9199981689453,60.69968795776367
2021-04-06,380.3450622558594,211.33470153808594,66.04806518554688,48.380157470703125,117.46685028076172,99.36178588867188,108.6877670288086,78.63622283935547,163.22000122070312,60.95533752441406
2021-04-07,380.7852478027344,207.9241485595703,66.1850357055664,47.66829299926758,116.64876556396484,99.30056762695312,108.47172546386719,78.69471740722656,162.75999450683594,60.805484771728516
2021-04-08,382.59271240234375,209.6859588623047,66.56171417236328,48.0598030090332,117.61175537109375,99.64169311523438,108.87049102783203,78.40231323242188,164.50999450683594,60.867218017578125
2021-04-09,385.3742370605469,209.7141876220703,66.76718139648438,47.650489807128906,117.18565368652344,99.3792953491211,108.64617919921875,78.3104248046875,163.27000427246094,60.76139831542969
2021-04-12,385.5147399902344,208.89453125,66.39906311035156,47.36574935913086,117.13451385498047,99.31806945800781,108.62126922607422,78.76988220214844,162.27999877929688,61.08759689331055
2021-04-13,386.6573486328125,208.34811401367188,66.7843017578125,47.5615119934082,118.01229858398438,99.7291488647461,109.10308074951172,79.16254425048828,163.42999267578125,60.76139831542969
2021-04-14,385.33673095703125,210.4019775390625,66.8356704711914,47.801761627197266,117.63732147216797,99.60668182373047,108.95354461669922,78.74484252929688,162.72000122070312,60.70849609375
2021-04-15,389.4762878417969,211.3158416748047,67.39214324951172,48.23777770996094,119.6058578491211,100.24526977539062,109.62635040283203,80.12324523925781,165.35000610351562,61.193416595458984
2021-04-16,390.7779846191406,211.655029296875,67.8801040649414,48.36235809326172,118.67701721191406,99.97411346435547,108.87874603271484,80.2987060546875,166.35000610351562,61.54603958129883
2021-04-19,388.8581848144531,208.90391540527344,67.76026153564453,48.18439483642578,118.33614349365234,99.86912536621094,108.59634399414062,80.45741271972656,165.88999938964844,61.308006286621094
2021-04-20,386.0111389160156,204.62657165527344,66.54460144042969,47.79286193847656,118.8815689086914,100.16654968261719,108.80401611328125,81.11737823486328,166.47999572753906,61.64302444458008
2021-04-21,389.66357421875,209.62942504882812,67.22947692871094,48.086509704589844,119.12015533447266,100.2190170288086,109.17778778076172,81.65203094482422,168.1300048828125,61.95158386230469
2021-04-22,386.10479736328125,208.76258850097656,67.00688171386719,47.91744613647461,119.63998413085938,100.2977523803711,109.28579711914062,81.20925903320312,167.0399932861328,61.49317169189453
2021-04-23,390.2910461425781,212.70083618164062,67.69176483154297,48.61150360107422,119.35877227783203,100.16654968261719,109.3771743774414,81.68544006347656,166.39999389648438,61.334442138671875
2021-04-26,391.1058349609375,214.91493225097656,67.74313354492188,48.673797607421875,119.18833923339844,100.06158447265625,109.3273696899414,81.92770385742188,166.83999633789062,60.646793365478516
2021-04-27,391.0215148925781,215.2352294921875,67.52055358886719,48.647098541259766,118.14862060546875,99.66793823242188,108.83724975585938,81.91934204101562,166.4199981689453,60.60270309448242
2021-04-28,390.90911865234375,215.60267639160156,67.69176483154297,49.01193618774414,118.22535705566406,99.79914855957031,108.8538589477539,81.7439193725586,166.91000366210938,60.646793365478516
2021-04-29,393.4003601074219,214.8018341064453,67.71745300292969,48.89625549316406,117.87594604492188,99.62421417236328,108.72096252441406,82.44567108154297,166.22000122070312,61.290367126464844
2021-04-30,390.81549072265625,211.88119506835938,66.86991119384766,48.03311538696289,118.14862060546875,99.71170806884766,108.94524383544922,82.77147674560547,165.66000366210938,61.34327697753906
2021-05-03,391.658447265625,212.91749572753906,67.60615539550781,48.03311538696289,118.2194595336914,99.88150787353516,109.20740509033203,82.61275482177734,167.80999755859375,61.845802307128906
2021-05-04,389.2421569824219,210.3737335205078,66.60453796386719,47.49032211303711,119.0217514038086,100.0127944946289,109.27401733398438,82.07809448242188,166.5800018310547,61.528411865234375
2021-05-05,389.3638610839844,209.53518676757812,67.51197814941406,47.71277618408203,119.21802520751953,100.1353530883789,109.40717315673828,80.71637725830078,167.27000427246094,61.48432922363281
2021-05-06,392.47320556640625,209.7141876220703,68.06846618652344,48.16659164428711,119.41433715820312,100.17908477783203,109.61524200439453,81.16749572753906,170.05999755859375,62.277809143066406
2021-05-07,395.3295593261719,212.35223388671875,68.83895111083984,48.664894104003906,118.8254165649414,100.21410369873047,109.6568603515625,82.23681640625,171.58999633789062,62.277809143066406
2021-05-10,391.41485595703125,206.9536895751953,68.47080993652344,47.79286193847656,117.6220703125,100.0127944946289,109.06592559814453,82.21174621582031,172.11000061035156,62.753883361816406
2021-05-11,387.921630859375,206.29421997070312,67.57191467285156,47.65938949584961,116.95636749267578,99.84645080566406,108.66642761230469,81.17584228515625,172.13999938964844,62.20725631713867
2021-05-12,379.6800537109375,199.59544372558594,66.49322509765625,46.34244155883789,115.7274398803711,99.36505889892578,108.07547760009766,79.12075805664062,170.42999267578125,61.37853240966797
2021-05-13,384.2409973144531,203.26988220214844,66.98976135253906,46.280147552490234,115.9066390991211,99.69766235351562,108.48328399658203,80.14832305908203,171.1300048828125,62.24253463745117
2021-05-14,390.1412048339844,208.23504638671875,68.11126708984375,47.1165885925293,116.99049377441406,99.91649627685547,109.07421112060547,81.10067749023438,172.69000244140625,62.51582717895508
2021-05-17,389.1484375,208.51768493652344,67.98284912109375,47.07209777832031,116.74299621582031,99.82019805908203,108.94937896728516,81.18419647216797,174.6999969482422,62.427677154541016
2021-05-18,385.795654296875,206.9348602294922,68.1283950805664,47.703880310058594,116.44429779052734,99.82019805908203,108.59152221679688,81.20092010498047,175.0399932861328,62.23371887207031
2021-05-19,384.7842102050781,205.3426055908203,67.52910614013672,47.5615119934082,116.1626968383789,99.52262878417969,108.40007019042969,80.94194030761719,175.16000366210938,62.03093719482422
2021-05-20,388.9237365722656,206.70870971679688,68.41944122314453,47.83735656738281,117.1185073852539,99.93401336669922,109.14082336425781,81.85250854492188,175.9600067138672,62.60399627685547
2021-05-21,388.6052551269531,207.2457733154297,68.51361846923828,47.2856559753418,117.49407196044922,99.9690170288086,109.21574401855469,81.76897430419922,176.0399932861328,62.61281204223633
2021-05-24,392.56683349609375,208.59303283691406,68.93310546875,47.67719268798828,117.92931365966797,100.0653076171875,109.51539611816406,82.78816223144531,176.35000610351562,62.79794692993164
2021-05-25,391.69586181640625,206.57681274414062,68.95023345947266,48.148799896240234,119.0217514038086,100.43291473388672,109.92322540283203,82.76313018798828,177.9499969482422,62.81557083129883
2021-05-26,392.47320556640625,210.43028259277344,68.90740203857422,48.504722595214844,118.8169174194336,100.31915283203125,109.86494445800781,83.13068389892578,177.63999938964844,62.683326721191406
2021-05-27,392.6792297363281,212.59719848632812,69.03583526611328,48.513633728027344,118.33895111083984,100.14408111572266,109.531982421875,82.93853759765625,177.7100067138672,62.2954216003418
2021-05-28,393.3815612792969,212.4558563232422,69.19850158691406,48.825069427490234,118.15119934082031,100.1353530883789,109.62359619140625,83.43977355957031,178.3800048828125,62.427677154541016
2021-06-01,393.0351257324219,214.86781311035156,69.44676971435547,49.83057403564453,118.12471008300781,100.1169662475586,109.63772583007812,84.94349670410156,177.89999389648438,62.216087341308594
2021-06-02,393.6531677246094,215.12217712402344,69.67792510986328,49.91065979003906,118.39822387695312,100.23081970214844,109.8128662109375,85.9376220703125,178.77000427246094,62.44529724121094
2021-06-03,392.192138671875,213.32264709472656,69.33548736572266,49.376766204833984,117.9537353515625,99.97677612304688,109.37923431396484,85.62017822265625,175.27000427246094,62.833213806152344
2021-06-04,395.7790832519531,214.24598693847656,69.92618560791016,49.82168197631836,119.56913757324219,100.52861785888672,110.1548080444336,85.66194915771484,177.16000366210938,63.053627014160156
2021-06-07,395.39508056640625,217.11956787109375,70.15734100341797,49.57252883911133,119.20161437988281,100.44976043701172,110.06304931640625,86.67279052734375,177.8699951171875,62.947811126708984
2021-06-08,395.4794006347656,219.4184112548828,70.12308502197266,49.332271575927734,120.03916931152344,100.73883819580078,110.48001861572266,87.39122772216797,177.32000732421875,62.418861389160156
2021-06-09,394.8893737792969,217.95803833007812,69.93476104736328,49.189903259277344,121.09892272949219,101.05418395996094,110.88031768798828,87.50818634033203,176.97999572753906,62.11909103393555
2021-06-10,396.7250671386719,216.34170532226562,70.12738800048828,49.58403396606445,121.82543182373047,101.41326904296875,111.38067626953125,88.1347427368164,177.74000549316406,62.507022857666016
2021-06-11,397.380615234375,218.62515258789062,70.29228973388672,49.41422653198242,121.62881469726562,101.26441192626953,111.47247314453125,87.78387451171875,175.74000549316406,62.54227066040039
2021-06-14,398.2702941894531,217.98355102539062,70.41378021240234,49.54827880859375,120.6972885131836,100.94905090332031,111.06375122070312,88.12637329101562,174.7100067138672,62.507022857666016
2021-06-15,397.5398254394531,217.3607940673828,70.50055694580078,49.20867156982422,120.55199432373047,100.96656036376953,111.1471939086914,87.18238067626953,174.0500030517578,62.357147216796875
2021-06-16,395.3201904296875,216.89842224121094,70.066650390625,48.53837585449219,120.44939422607422,100.27461242675781,110.83028411865234,86.61432647705078,171.11000061035156,61.528411865234375
2021-06-17,395.1891174316406,214.46401977539062,69.58068084716797,48.806488037109375,122.25276947021484,100.63370513916016,111.44742584228516,86.5057144165039,165.85000610351562,61.74882507324219
2021-06-18,389.8578796386719,209.59519958496094,68.14012145996094,48.46686935424805,124.55182647705078,101.20307159423828,112.0311508178711,85.03539276123047,164.92999267578125,60.655601501464844
2021-06-21,395.4390869140625,214.07717895507812,69.03395080566406,48.672428131103516,122.46642303466797,100.87897491455078,111.38067626953125,86.78974151611328,166.9499969482422,61.35126876831055
2021-06-22,397.55316162109375,215.0490264892578,69.04263305664062,48.448997497558594,122.76557922363281,101.06293487548828,111.56415557861328,86.33861541748047,166.25,61.44002151489258
2021-06-23,397.07391357421875,215.75672912597656,68.60005950927734,48.743934631347656,122.44938659667969,100.8614501953125,111.38905334472656,86.1882553100586,166.13999938964844,61.0584716796875
2021-06-24,399.4229431152344,218.804443359375,69.25959777832031,49.1907958984375,122.6459732055664,100.84395599365234,111.6058578491211,86.0023193359375,166.0399932861328,61.36016082763672
2021-06-25,400.84173583984375,219.1724090576172,69.40711975097656,49.60190963745117,121.37244415283203,100.63370513916016,111.31397247314453,86.58284759521484,166.58999633789062,61.830467224121094
2021-06-28,401.64984130859375,217.436279296875,68.96455383300781,49.64659118652344,122.62030029296875,100.94905090332031,111.789306640625,86.33042907714844,166.5800018310547,61.883697509765625
2021-06-29,401.8658752441406,216.3983612060547,68.98189544677734,49.61084747314453,122.82545471191406,101.00159454345703,111.92274475097656,86.09485626220703,164.8300018310547,61.60861587524414
2021-06-30,402.2041320800781,216.42662048339844,68.45252990722656,49.28910446166992,123.37245178222656,101.1592788696289,112.04781341552734,85.64054870605469,165.6300048828125,62.087791442871094
2021-07-01,404.4310607910156,218.3326873779297,68.61741638183594,49.012046813964844,123.37928771972656,101.0865249633789,111.95006561279297,86.01073455810547,166.1999969482422,61.90143966674805
2021-07-02,407.5222473144531,216.25682067871094,68.85173034667969,48.95841979980469,124.12374877929688,101.45465850830078,112.26753997802734,86.27153778076172,167.2899932861328,62.052303314208984
2021-07-06,406.7799987792969,213.11471557617188,68.40046691894531,48.10044479370117,125.57866668701172,101.98931884765625,112.67697143554688,86.90254974365234,168.1199951171875,61.79496383666992
2021-07-07,408.21759033203125,211.1332244873047,68.77361297607422,48.046817779541016,126.691162109375,102.28731536865234,113.06134796142578,87.20543670654297,168.75999450683594,62.123287200927734
2021-07-08,404.8914489746094,209.189453125,67.88847351074219,47.045833587646484,127.18753814697266,102.55026245117188,113.11979675292969,86.96145629882812,168.64999389648438,61.89259338378906
2021-07-09,409.2135314941406,213.60540771484375,69.04263305664062,47.85913848876953,125.39891815185547,102.03316497802734,112.64358520507812,88.3917236328125,169.2100067138672,62.24751663208008
2021-07-12,410.67938232421875,213.78465270996094,69.33769989013672,47.9038200378418,125.23634338378906,101.98056030273438,112.5851058959961,89.1489486694336,169.0,62.14990997314453
2021-07-13,409.279296875,209.75563049316406,68.97321319580078,47.948516845703125,124.2778549194336,101.66500091552734,112.16731262207031,87.90375518798828,169.22000122070312,62.13216781616211
2021-07-14,409.8900451660156,206.51914978027344,69.12943267822266,48.15407180786133,125.68988800048828,102.10327911376953,112.68534851074219,88.51795196533203,171.0399932861328,62.68231964111328
2021-07-15,408.4901123046875,205.34912109375,68.46989440917969,48.27025604248047,127.0763168334961,102.53276062011719,112.92759704589844,88.66096496582031,171.07000732421875,62.939640045166016
2021-07-16,405.2860412597656,202.82034301757812,67.96656036376953,47.894893646240234,126.83663940429688,102.51522064208984,112.76889038085938,88.6020736694336,169.41000366210938,63.03725051879883
2021-07-19,399.30084228515625,199.7820587158203,66.73428344726562,47.09053421020508,129.6180419921875,103.39171600341797,113.5793228149414,86.98670196533203,169.61000061035156,62.85090637207031
2021-07-20,405.02294921875,205.9813232421875,67.22025299072266,47.24247360229492,128.36856079101562,103.26025390625,113.42057037353516,89.03958892822266,169.38999938964844,62.86865234375
2021-07-21,408.3020935058594,209.52914428710938,68.2442626953125,47.54633331298828,126.74252319335938,102.66421508789062,113.01954650878906,89.03115844726562,168.75999450683594,62.708927154541016
2021-07-22,409.1571960449219,206.19834899902344,68.27030944824219,47.63570785522461,127.94062805175781,102.90090942382812,113.48743438720703,88.32443237304688,169.08999633789062,62.60245132446289
2021-07-23,413.3666076660156,207.1607666015625,68.74759674072266,46.929656982421875,127.08488464355469,102.74310302734375,113.43730926513672,89.05638885498047,168.55999755859375,63.356693267822266
2021-07-26,414.3813171386719,207.76466369628906,68.8430404663086,46.035926818847656,126.70829772949219,102.67301177978516,113.18663787841797,89.09848022460938,168.16000366210938,63.46318817138672
2021-07-27,412.4927978515625,205.33970642089844,68.56535339355469,45.1064567565918,128.06040954589844,103.11124420166016,113.67122650146484,89.60326385498047,168.44000244140625,63.59627914428711
2021-07-28,412.3235778808594,208.359130859375,68.86039733886719,46.330867767333984,128.06898498535156,103.19884490966797,113.87177276611328,89.29197692871094,169.2899932861328,63.03725051879883
2021-07-29,414.0336608886719,209.96319580078125,69.33769989013672,46.563228607177734,127.35875701904297,102.88334655761719,113.54592895507812,89.30879974365234,171.1699981689453,63.34782028198242
2021-07-30,412.02294921875,208.57615661621094,68.98189544677734,46.116363525390625,127.957763671875,103.17257690429688,113.63780212402344,89.42658996582031,169.82000732421875,63.45429229736328
2021-08-02,411.1585388183594,207.53819274902344,69.32901763916016,46.447052001953125,129.0990447998047,103.62513732910156,113.96676635742188,89.23307800292969,169.61000061035156,63.18809509277344
2021-08-03,414.5034484863281,208.39686584472656,69.82366943359375,46.6436653137207,129.16758728027344,103.65147399902344,114.0839614868164,89.34245300292969,169.49000549316406,63.47205352783203
2021-08-04,412.4645690917969,205.8020477294922,69.61540222167969,46.88497543334961,129.4332275390625,103.62513732910156,114.1090316772461,89.06480407714844,169.52999877929688,62.646820068359375
2021-08-05,415.0766906738281,209.50082397460938,69.9538345336914,46.8134765625,128.77333068847656,103.24800872802734,113.64035034179688,90.10807037353516,168.86000061035156,62.948509216308594
2021-08-06,415.7625732421875,210.7840576171875,69.69348907470703,46.42023468017578,126.62277221679688,102.64283752441406,112.71125793457031,89.94822692871094,164.63999938964844,62.948509216308594
2021-08-09,415.4243469238281,209.62353515625,69.65878295898438,46.57217025756836,126.168701171875,102.42355346679688,112.22579193115234,89.4686508178711,161.72000122070312,63.179229736328125
2021-08-10,415.9410095214844,210.03868103027344,69.81499481201172,46.63473129272461,125.58602905273438,102.2306137084961,111.97470092773438,88.61890411376953,161.77000427246094,63.631778717041016
2021-08-11,416.97467041015625,211.06716918945312,70.29228973388672,46.759849548339844,125.5089340209961,102.34466552734375,112.15045166015625,89.14051818847656,164.0,63.844730377197266
2021-08-12,418.2243957519531,210.5670623779297,70.23153686523438,46.34873580932617,125.30328369140625,102.23939514160156,112.30947875976562,89.33405303955078,164.0399932861328,63.80924987792969
2021-08-13,418.98541259765625,208.6516571044922,70.6567611694336,46.23255157470703,127.28257751464844,102.8270263671875,113.06277465820312,89.82202911376953,166.38999938964844,64.34165954589844
2021-08-16,419.97186279296875,206.70791625976562,70.29228973388672,45.8125,127.59102630615234,103.05506896972656,113.12975311279297,89.712646484375,167.22000122070312,64.71435546875
2021-08-17,417.21893310546875,204.18853759765625,69.63275146484375,44.97239685058594,127.53961944580078,103.00244903564453,112.92887878417969,89.62010192871094,166.97000122070312,64.74982452392578
2021-08-18,412.6524658203125,202.40518188476562,69.36373138427734,45.04389572143555,127.9679946899414,102.9498062133789,112.85356903076172,88.80400085449219,167.10000610351562,63.94234085083008
2021-08-19,413.2913818359375,199.98025512695312,68.67816925048828,44.275291442871094,128.91050720214844,103.17786407470703,113.11302947998047,89.23307800292969,166.61000061035156,64.45701599121094
2021-08-20,416.58001708984375,203.3582000732422,68.94717407226562,44.239540100097656,128.99618530273438,103.08137512207031,113.18832397460938,89.67899322509766,166.6999969482422,64.56350708007812
2021-08-23,420.2444763183594,207.2268524169922,69.58934783935547,44.90983200073242,128.91050720214844,103.10770416259766,113.27203369140625,89.51070404052734,168.72999572753906,64.35940551757812
2021-08-24,420.9115905761719,209.2649383544922,69.73689270019531,45.92868423461914,127.90804290771484,102.8270263671875,113.0125503540039,89.11529541015625,168.64999389648438,63.871360778808594
2021-08-25,421.7947998046875,210.0009307861328,69.7629165649414,45.98231506347656,126.8456039428711,102.42355346679688,112.71957397460938,89.05638885498047,167.47999572753906,63.76487731933594
2021-08-26,419.30487060546875,207.7740936279297,69.39844512939453,45.544376373291016,127.19684600830078,102.42355346679688,112.68614959716797,89.0900650024414,167.6699981689453,63.47205352783203
2021-08-27,423.0538330078125,213.6336669921875,70.03193664550781,46.1074333190918,128.06231689453125,102.75688171386719,113.31385803222656,90.0239486694336,170.19000244140625,63.69387435913086
2021-08-30,424.91424560546875,212.75616455078125,70.01457977294922,46.20573806762695,128.39645385742188,102.9585952758789,113.50642395019531,90.92418670654297,169.35000610351562,63.97783660888672
2021-08-31,424.28472900390625,213.17132568359375,69.97987365722656,46.84029006958008,127.52245330810547,102.76560974121094,113.2469482421875,91.353271484375,169.69000244140625,64.11982727050781
2021-09-01,424.5102233886719,214.6055450439453,70.6133804321289,47.439090728759766,127.73602294921875,102.80953979492188,113.392822265625,92.81722259521484,169.6999969482422,64.45701599121094
2021-09-02,425.8163146972656,216.09637451171875,70.8997573852539,47.22459030151367,128.29371643066406,102.93236541748047,113.59402465820312,93.30519104003906,169.25,64.7054672241211
2021-09-03,425.71282958984375,215.09622192382812,71.22083282470703,47.474830627441406,127.12699127197266,102.68661499023438,113.1832046508789,93.3219985961914,171.05999755859375,64.6256103515625
2021-09-07,424.1907043457031,213.6148223876953,71.27290344238281,47.75189208984375,126.05451202392578,102.28292083740234,112.64664459228516,92.27033233642578,167.7100067138672,63.88022994995117
2021-09-08,423.67401123046875,211.28419494628906,70.7088394165039,47.054786682128906,126.9124984741211,102.56376647949219,113.00714111328125,92.73307800292969,167.2899932861328,64.43038940429688
2021-09-09,421.86053466796875,211.18040466308594,70.58732604980469,46.96540451049805,128.44815063476562,102.8534164428711,113.74496459960938,90.84847259521484,168.02999877929688,64.0577163696289
2021-09-10,418.534423828125,209.11398315429688,70.43113708496094,46.91178512573242,127.31570434570312,102.52867126464844,113.41800689697266,89.51913452148438,167.17999267578125,63.78262710571289
2021-09-13,419.60552978515625,210.30288696289062,70.98653411865234,47.03691101074219,128.087890625,102.65153503417969,113.69468688964844,90.12489318847656,167.74000549316406,63.94234085083008
2021-09-14,417.341064453125,207.62315368652344,70.69146728515625,46.6436653137207,129.64065551757812,103.0377197265625,114.03840637207031,89.96505737304688,168.82000732421875,63.6495246887207
2021-09-15,420.8269958496094,209.50082397460938,70.8997573852539,46.63473129272461,129.18600463867188,102.86215209960938,113.9042739868164,90.25110626220703,167.8300018310547,63.88022994995117
2021-09-16,420.159912109375,209.65182495117188,70.78693389892578,46.1074333190918,128.59402465820312,102.53744506835938,113.74496459960938,90.32684326171875,164.02999877929688,63.667274475097656
2021-09-17,416.06707763671875,209.9254608154297,69.85839080810547,45.91081237792969,127.97625732421875,102.23905181884766,113.49342346191406,89.51913452148438,163.77000427246094,63.32120895385742
2021-09-20,409.1295166015625,204.93397521972656,68.56535339355469,44.67746353149414,129.56350708007812,102.75684356689453,113.84556579589844,88.97227478027344,164.94000244140625,62.68904495239258
2021-09-21,408.74310302734375,205.24534606933594,69.24223327636719,45.008148193359375,129.45191955566406,102.6954345703125,113.83721160888672,89.01434326171875,166.0399932861328,62.61759948730469
2021-09-22,412.730224609375,208.43460083007812,69.58934783935547,45.571197509765625,130.22409057617188,102.79197692871094,114.1557846069336,89.88092041015625,165.4199981689453,62.796207427978516
2021-09-23,417.744873046875,212.12396240234375,70.34434509277344,45.92868423461914,127.28136444091797,101.86161041259766,113.36766052246094,89.70423889160156,163.50999450683594,63.02832794189453
2021-09-24,418.4329833984375,211.10089111328125,69.68482971191406,45.383514404296875,126.03740692138672,101.55445098876953,113.12451934814453,88.74507141113281,163.3000030517578,63.05514144897461
2021-09-27,417.23590087890625,214.3092803955078,69.64143371582031,45.67844009399414,125.57408142089844,101.28236389160156,113.06580352783203,87.55142974853516,163.63999938964844,62.76940155029297
2021-09-28,408.82781982421875,209.43515014648438,68.12276458740234,45.08858108520508,123.61804962158203,100.89620208740234,111.85844421386719,86.95884704589844,162.0500030517578,62.028316497802734
2021-09-29,409.5159912109375,208.99034118652344,67.96656036376953,44.66852569580078,123.83255767822266,101.00153350830078,111.83328247070312,87.61067199707031,161.32000732421875,62.590824127197266
2021-09-30,404.5107116699219,207.03125,67.69754791259766,45.026023864746094,123.81539916992188,101.12442016601562,111.53983306884766,86.16307067871094,164.22000122070312,61.46579360961914
2021-10-01,409.3180236816406,210.37213134765625,67.86241149902344,44.9813346862793,124.8573989868164,101.53721618652344,112.35051727294922,87.38211822509766,164.58999633789062,61.62651824951172
2021-10-04,404.0394592285156,208.4603729248047,67.15082550048828,44.319976806640625,124.5395278930664,101.41423034667969,112.1656494140625,87.39905548095703,165.36000061035156,61.43008804321289
2021-10-05,408.2434387207031,209.17967224121094,67.61077117919922,44.63277053833008,123.33689880371094,101.09803009033203,111.70361328125,86.79796600341797,164.58999633789062,61.74258804321289
2021-10-06,409.94000244140625,208.09120178222656,67.15951538085938,44.382537841796875,124.03273010253906,101.12442016601562,111.73721313476562,87.62760925292969,165.02999877929688,62.34082794189453
2021-10-07,413.4843444824219,211.29959106445312,67.68018341064453,45.249446868896484,122.73563385009766,100.72039794921875,111.24161529541016,87.86465454101562,164.16000366210938,62.61759948730469
2021-10-08,412.730224609375,209.70962524414062,67.6715087890625,45.41926193237305,121.87661743164062,100.50081634521484,110.72920227050781,87.03502655029297,164.22999572753906,62.54619598388672
2021-10-11,409.74212646484375,208.5076446533203,67.45455932617188,45.329891204833984,121.56736755371094,100.2549057006836,110.5191650390625,87.25511932373047,163.9199981689453,62.52832794189453
2021-10-12,408.733642578125,209.65283203125,67.4892578125,45.097511291503906,123.64617919921875,100.71163177490234,111.22480010986328,88.39797973632812,164.66000366210938,62.55511474609375
2021-10-13,410.20404052734375,210.64657592773438,68.15747833251953,45.72312927246094,124.84876251220703,100.90487670898438,111.78763580322266,89.04136657714844,167.58999633789062,62.671180725097656
2021-10-14,417.10394287109375,213.76980590820312,68.8343734741211,45.866127014160156,125.31266784667969,101.1419448852539,112.31690979003906,90.12496948242188,168.0,63.37656784057617
2021-10-15,420.2805480957031,213.0978546142578,69.40711975097656,46.42023468017578,124.58245849609375,100.64131927490234,111.9136734008789,90.0572509765625,165.3300018310547,63.22477722167969
2021-10-18,421.5247497558594,212.9748077392578,69.11206817626953,46.30405044555664,125.16663360595703,100.50081634521484,111.82128143310547,90.28582763671875,164.9199981689453,62.84977722167969
2021-10-19,424.7767333984375,213.76980590820312,69.52861022949219,46.92072296142578,123.4399642944336,100.14073181152344,111.2080078125,90.3281478881836,165.4499969482422,62.876548767089844
2021-10-20,426.44512939453125,215.18943786621094,69.77159881591797,46.91178512573242,122.60674285888672,100.0968017578125,110.93919372558594,91.75035858154297,166.89999389648438,63.24262619018555
2021-10-21,427.5574645996094,215.73837280273438,69.44182586669922,46.6079216003418,122.46076202392578,99.83334350585938,110.70398712158203,91.87735748291016,166.75,63.16227340698242
2021-10-22,427.11444091796875,215.22732543945312,69.85839080810547,46.50960922241211,123.80938720703125,100.08805084228516,111.14918518066406,92.30911254882812,167.77000427246094,63.653350830078125
2021-10-25,429.405029296875,217.27162170410156,69.71952056884766,46.75091552734375,123.62041473388672,100.21099090576172,111.19961547851562,92.60540771484375,168.92999267578125,63.60871505737305
2021-10-26,429.7914123535156,215.63424682617188,69.85839080810547,46.50960922241211,124.64259338378906,100.3339614868164,111.67842864990234,92.85938262939453,167.67999267578125,63.83193588256836
2021-10-27,427.887451171875,211.66871643066406,69.58068084716797,46.13424301147461,126.91040802001953,100.89602661132812,112.35892486572266,92.07205963134766,168.1199951171875,63.45694351196289
2021-10-28,432.01605224609375,215.8898468017578,70.257568359375,46.178932189941406,126.48089599609375,100.63256072998047,112.19088745117188,93.35884094238281,168.0800018310547,63.68015670776367
2021-10-29,432.8926696777344,215.83303833007812,69.84969329833984,45.508628845214844,126.86746978759766,100.67646026611328,112.13208770751953,92.30911254882812,166.64999389648438,63.61763381958008
2021-11-01,433.6373291015625,221.42642211914062,70.52658081054688,45.866127014160156,125.95401763916016,100.66856384277344,111.93175506591797,92.7662582397461,167.52000427246094,63.715858459472656
2021-11-02,435.39056396484375,221.89016723632812,70.37906646728516,45.45500564575195,126.51306915283203,100.91465759277344,112.36104583740234,93.20645141601562,167.16000366210938,64.14443969726562
2021-11-03,438.0486755371094,225.85569763183594,70.95181274414062,45.66950225830078,125.20569610595703,100.59825897216797,112.0748519897461,93.51968383789062,165.77000427246094,64.74266815185547
2021-11-04,440.1129455566406,225.77049255371094,70.90843200683594,45.562259674072266,126.52172088623047,101.1431655883789,112.6640396118164,92.63079071044922,167.64999389648438,64.80516815185547
2021-11-05,441.6399841308594,228.8558807373047,71.01256561279297,45.508628845214844,128.4139862060547,101.69686889648438,113.48894500732422,93.10487365722656,169.83999633789062,65.18017578125
2021-11-08,442.0170593261719,229.5657196044922,71.0038833618164,45.92868423461914,128.17308044433594,101.25743865966797,113.2280044555664,93.02867126464844,170.4499969482422,64.66231536865234
2021-11-09,440.55609130859375,228.2312469482422,70.8476791381836,45.74993896484375,129.84176635742188,101.72323608398438,113.5310287475586,93.18952178955078,171.2899932861328,64.8855209350586
2021-11-10,437.0118103027344,224.63482666015625,69.98856353759766,45.562259674072266,127.46783447265625,100.85314178466797,112.36943817138672,92.75777435302734,173.14999389648438,65.08196258544922
2021-11-11,437.1531677246094,226.44248962402344,70.24022674560547,46.34873580932617,127.27862548828125,100.52793884277344,112.04957580566406,92.91015625,174.1199951171875,65.03730773925781
2021-11-12,440.45233154296875,226.66961669921875,70.6220474243164,46.47386169433594,126.71953582763672,100.7388916015625,111.93175506591797,92.8424301147461,174.4499969482422,65.03730773925781
2021-11-15,440.60321044921875,225.77049255371094,70.49188232421875,46.32192611694336,125.12831115722656,100.34336853027344,111.08161163330078,93.4942855834961,174.17999267578125,65.34984588623047
2021-11-16,442.3469543457031,226.1869354248047,70.3356704711914,46.38448715209961,124.81005859375,100.2554931640625,110.89643096923828,92.87628936767578,172.9199981689453,64.93909454345703
2021-11-17,441.2723693847656,223.22462463378906,70.24889373779297,46.14318084716797,125.7992172241211,100.61582946777344,111.34257507324219,93.16413116455078,174.5,64.79622650146484
2021-11-18,442.7711486816406,222.2781982421875,70.31832122802734,45.580135345458984,126.27227783203125,100.67737579345703,111.59507751464844,93.1810531616211,173.94000244140625,64.5640869140625
2021-11-19,441.9793395996094,220.25286865234375,69.71952056884766,45.508628845214844,127.60536193847656,100.94982147216797,112.01595306396484,92.63079071044922,172.61000061035156,64.33195495605469
2021-11-22,440.73516845703125,219.31591796875,69.31166076660156,45.1422004699707,126.10885620117188,100.21155548095703,111.03955078125,92.17366027832031,168.74000549316406,64.84088897705078
2021-11-23,441.31951904296875,218.93731689453125,69.24223327636719,45.097511291503906,124.28543853759766,99.79846954345703,110.2483139038086,92.91863250732422,167.27999877929688,65.26947021484375
2021-11-24,442.497802734375,219.17393493652344,68.78228759765625,45.03495788574219,126.28085327148438,100.10606384277344,110.77860260009766,94.0445556640625,167.1199951171875,65.07303619384766
2021-11-26,432.6287536621094,210.91160583496094,66.93386840820312,43.52455520629883,129.4718475341797,101.39806365966797,111.67926025390625,91.42867279052734,166.85000610351562,64.2515869140625
2021-11-29,437.935546875,210.7790985107422,67.27230834960938,43.69436264038086,128.43112182617188,101.16954040527344,111.7550277709961,92.1059341430664,166.6199951171875,64.41229248046875
2021-11-30,429.41448974609375,206.4822998046875,66.68219757080078,43.649681091308594,130.38357543945312,101.77595520019531,111.99909973144531,90.36201477050781,165.5,62.76046371459961
2021-12-01,424.644775390625,201.83531188964844,66.30038452148438,43.810550689697266,131.18785095214844,101.96772003173828,112.01509094238281,88.8720703125,166.16000366210938,62.456905364990234
2021-12-02,431.1488342285156,207.4665985107422,67.12478637695312,44.34678268432617,131.3515167236328,101.74784088134766,112.27651977539062,91.53873443603516,165.24000549316406,63.117618560791016
2021-12-03,427.3971862792969,203.20767211914062,66.84709930419922,43.72117233276367,132.9187774658203,102.34590148925781,113.2125015258789,91.23395538330078,166.6300048828125,63.90336227416992
2021-12-06,432.4590148925781,207.28675842285156,67.4892578125,44.060791015625,131.09317016601562,101.83576965332031,112.63912963867188,92.83396911621094,166.22000122070312,65.02838897705078
2021-12-07,441.4043884277344,212.0946502685547,68.9124755859375,44.757904052734375,130.03396606445312,101.44879913330078,112.6896743774414,94.17152404785156,166.80999755859375,65.1712417602539
2021-12-08,442.5732116699219,213.54266357421875,69.04263305664062,44.9366455078125,127.7862777709961,101.12334442138672,111.93922424316406,94.84878540039062,166.89999389648438,64.9659194946289
2021-12-09,439.5851745605469,208.70643615722656,68.46989440917969,44.72214889526367,128.5010986328125,101.37841796875,111.84647369384766,93.47736358642578,165.8800048828125,65.14445495605469
2021-12-10,443.72320556640625,208.12911987304688,68.61741638183594,44.757904052734375,128.1911163330078,101.44879913330078,111.97293090820312,93.76519012451172,166.5800018310547,66.24270629882812
2021-12-13,439.79254150390625,205.08750915527344,67.97467041015625,44.048091888427734,130.08560180664062,101.93253326416016,112.47891235351562,94.6456069946289,167.0,67.10880279541016
2021-12-14,436.76678466796875,203.32180786132812,67.6126708984375,43.94837188720703,129.77557373046875,101.75664520263672,111.97293090820312,93.43504333496094,165.44000244140625,67.1534423828125
2021-12-15,443.59124755859375,206.54945373535156,68.53089141845703,43.82146072387695,128.5269317626953,101.60710906982422,112.1163101196289,94.74720764160156,166.14999389648438,67.83202362060547
2021-12-16,439.67938232421875,202.37249755859375,68.53971862792969,43.8758544921875,128.5769805908203,101.9029312133789,112.11295318603516,94.71334075927734,168.16000366210938,68.31417083740234
2021-12-17,434.99993896484375,204.23313903808594,67.67446899414062,43.658287048339844,130.03390502929688,102.13180541992188,112.37483978271484,94.59481048583984,167.8000030517578,67.14451599121094
2021-12-20,430.3743896484375,201.36624145507812,67.52439880371094,43.00558090209961,129.05972290039062,102.04376983642578,111.88475036621094,93.85832214355469,167.08999633789062,67.1642837524414
2021-12-21,438.0174255371094,207.11904907226562,68.27484893798828,43.730812072753906,128.56832885742188,101.63877868652344,112.10447692871094,94.91651916503906,167.02000427246094,67.07440185546875
2021-12-22,442.39703369140625,209.112548828125,68.9105453491211,43.93931198120117,129.1631317138672,101.73561096191406,112.2818603515625,95.89006805419922,168.58999633789062,67.49693298339844
2021-12-23,445.1496276855469,210.7833251953125,69.31668090820312,44.16594696044922,128.04237365722656,101.52435302734375,112.11295318603516,95.78848266601562,168.97000122070312,67.64974212646484
2021-12-27,451.449462890625,212.75790405273438,69.85525512695312,44.365379333496094,128.352783203125,101.5595474243164,112.44242095947266,97.41462707519531,169.3699951171875,68.36896514892578
2021-12-28,451.08056640625,211.4573516845703,69.88174438476562,44.220333099365234,127.8441162109375,101.5419692993164,112.29877471923828,97.77349090576172,168.63999938964844,68.75553894042969
2021-12-29,451.6575927734375,211.6851806640625,69.85525512695312,44.02090072631836,126.44745635986328,101.02252197265625,111.68205261230469,98.4314956665039,168.58999633789062,69.07017517089844
2021-12-30,450.4090576171875,211.6282196044922,69.67211151123047,44.52519226074219,127.50784301757812,101.35712432861328,112.12979888916016,98.85874938964844,169.8000030517578,68.85440063476562
2021-12-31,449.2737731933594,211.17254638671875,69.61017608642578,44.30751419067383,127.75790405273438,101.2426528930664,111.96082305908203,99.13218688964844,170.9600067138672,69.32189178466797
2022-01-03,451.8751525878906,213.89706420898438,70.0614013671875,44.624969482421875,124.40423583984375,100.30064392089844,110.76959228515625,98.3545913696289,168.3300018310547,69.31290435791016
2022-01-04,451.7237548828125,213.57431030273438,70.45951843261719,44.47077178955078,123.88700103759766,100.24778747558594,110.86253356933594,98.23495483398438,169.57000732421875,69.78038787841797
2022-01-05,443.0496826171875,206.34060668945312,69.84020233154297,43.74516677856445,123.21453857421875,99.8252182006836,110.21195983886719,95.42359924316406,169.05999755859375,69.71743774414062
2022-01-06,442.6335754394531,207.51771545410156,69.48632049560547,43.944705963134766,123.53349304199219,99.57874298095703,110.06837463378906,95.5090560913086,166.99000549316406,69.52867126464844
2022-01-07,440.88360595703125,205.11602783203125,69.68981170654297,44.34379577636719,122.64556121826172,99.25297546386719,109.59521484375,94.876708984375,167.75,69.60059356689453
2022-01-10,440.3349609375,204.40403747558594,69.04395294189453,44.34379577636719,122.94723510742188,99.22660827636719,109.49388122558594,94.32981872558594,168.25999450683594,69.05219268798828
2022-01-11,444.34564208984375,206.57794189453125,69.79596710205078,45.368709564208984,123.76630401611328,99.46430206298828,109.82339477539062,94.4750747680664,170.2899932861328,68.97127532958984
2022-01-12,445.54693603515625,205.0400848388672,70.47721862792969,46.12152862548828,123.29214477539062,99.48189544677734,109.74730682373047,94.58616638183594,170.74000549316406,68.99826049804688
2022-01-13,439.4079284667969,203.160400390625,69.96408081054688,45.468482971191406,124.38700103759766,99.7988052368164,110.09371948242188,94.39818572998047,170.16000366210938,69.12411499023438
2022-01-14,439.587646484375,203.44525146484375,69.8932876586914,45.45034408569336,122.5075912475586,99.11213684082031,109.12212371826172,93.54366302490234,169.6699981689453,69.2499771118164
2022-01-18,431.802734375,197.29373168945312,68.86700439453125,44.64310836791992,120.7833480834961,98.36383056640625,108.08295440673828,92.56096649169922,169.38999938964844,68.25206756591797
2022-01-19,427.319091796875,194.08509826660156,68.8050765991211,44.83357620239258,121.61959075927734,98.6015396118164,108.25190734863281,91.31340026855469,172.0800018310547,68.68360900878906
2022-01-20,422.5894775390625,190.57266235351562,68.4688949584961,45.09661102294922,122.36964416503906,98.81282806396484,108.19278717041016,90.14269256591797,171.64999389648438,68.2341079711914
2022-01-21,414.2937316894531,187.0032958984375,67.5399169921875,44.44356918334961,123.82662963867188,99.38504791259766,108.90248107910156,89.92051696777344,171.08999633789062,68.28803253173828
2022-01-24,416.05316162109375,191.3131103515625,66.86753845214844,43.81772994995117,122.809326171875,99.29700469970703,108.56449890136719,90.09142303466797,172.02999877929688,68.06329345703125
2022-01-25,410.97357177734375,188.75949096679688,66.46056365966797,43.73609924316406,122.611083984375,99.16497802734375,108.2603530883789,89.73253631591797,172.5800018310547,67.30814361572266
2022-01-26,409.9425354003906,186.03500366210938,66.20398712158203,43.18281555175781,121.1281967163086,98.46064758300781,107.52530670166016,88.33113098144531,169.7899932861328,66.79570770263672
2022-01-27,407.9183044433594,181.8105926513672,65.89434814453125,42.683963775634766,123.35244750976562,98.87443542480469,107.77033233642578,86.86992645263672,167.60000610351562,67.2452163696289
2022-01-28,418.0491027832031,185.3514862060547,66.11552429199219,42.89257049560547,123.39556884765625,99.10334777832031,107.88862609863281,89.6812515258789,167.10000610351562,68.03632354736328
2022-01-31,425.5785827636719,191.03787231445312,67.07987213134766,44.29844284057617,122.75759887695312,99.10334777832031,107.93931579589844,90.7835922241211,168.08999633789062,68.29702758789062
2022-02-01,428.4542541503906,193.05035400390625,67.71688079833984,44.5705451965332,122.35008239746094,98.9693832397461,108.1187744140625,90.45886993408203,168.22999572753906,68.2341079711914
2022-02-02,432.6162414550781,191.1327362060547,68.2211685180664,44.49798583984375,122.7645263671875,99.17205047607422,108.12722778320312,91.61248016357422,168.83999633789062,69.05219268798828
2022-02-03,422.4476318359375,187.51593017578125,67.14179992675781,44.02634048461914,121.80628967285156,98.74909210205078,107.2553939819336,90.63832092285156,168.60000610351562,69.07017517089844
2022-02-04,424.4340515136719,188.32284545898438,67.3010482788086,44.13518524169922,120.01045227050781,97.99124145507812,106.18882751464844,89.7410888671875,168.86000061035156,68.22511291503906
2022-02-07,423.0719909667969,189.2531280517578,67.41605377197266,44.04447937011719,120.0882339477539,98.0176773071289,106.38352966308594,89.61290740966797,170.11000061035156,68.3509750366211
2022-02-08,426.5528564453125,192.4807586669922,67.76109313964844,44.47077178955078,119.28533172607422,97.70043182373047,105.98567962646484,89.19420623779297,170.6300048828125,68.6116943359375
2022-02-09,432.7960510253906,196.13560485839844,68.85816192626953,45.16917419433594,119.50975036621094,97.83263397216797,106.3412094116211,91.21084594726562,171.2100067138672,68.6296615600586
2022-02-10,425.0205078125,193.12631225585938,67.98228454589844,44.86985778808594,117.61048889160156,96.93374633789062,104.89374542236328,89.05746459960938,170.55999755859375,67.89247131347656
2022-02-11,416.6396789550781,191.17074584960938,66.95600128173828,44.18960189819336,119.35438537597656,97.93836212158203,105.67247772216797,88.24567413330078,173.80999755859375,67.64974212646484
2022-02-14,415.2774658203125,190.50625610351562,66.52249908447266,43.88121795654297,117.86946868896484,97.25982666015625,104.7329330444336,87.44242095947266,174.74000549316406,67.4609603881836
2022-02-15,421.9746398925781,195.6134490966797,67.743408203125,44.83357620239258,116.53128814697266,96.96900939941406,104.20814514160156,88.22857666015625,173.0800018310547,67.57781982421875
2022-02-16,422.4476318359375,196.02169799804688,67.99998474121094,45.16011047363281,117.22200012207031,97.17172241210938,104.36048126220703,88.63874816894531,174.86000061035156,67.70369720458984
2022-02-17,413.42352294921875,190.99984741210938,66.90292358398438,44.634037017822266,118.09390258789062,97.69161987304688,104.4366455078125,87.69879913330078,177.25,68.22511291503906
2022-02-18,410.7466125488281,189.35757446289062,66.61981964111328,44.18960189819336,119.33711242675781,98.00888061523438,104.69060516357422,87.16900634765625,177.1199951171875,68.3509750366211
2022-02-22,406.3385925292969,186.69003295898438,65.84123992919922,43.56376266479492,119.64791107177734,98.0000228881836,104.5551528930664,86.85282135009766,177.49000549316406,67.82056427001953
2022-02-23,399.1307067871094,183.19659423828125,65.30155944824219,43.05583190917969,117.99895477294922,97.48896026611328,103.60710144042969,85.41725158691406,178.2899932861328,67.27217102050781
2022-02-24,405.1372375488281,188.0000762939453,64.42568969726562,42.16696548461914,118.07665252685547,97.71804809570312,104.09807586669922,86.85282135009766,177.13999938964844,66.1124496459961
2022-02-25,414.0762939453125,192.23397827148438,66.03589630126953,42.94698715209961,118.16297912597656,97.69161987304688,104.52128601074219,88.94639587402344,176.5500030517578,68.24308776855469
2022-02-28,413.0168151855469,193.01239013671875,64.77958679199219,42.384647369384766,120.75296783447266,98.80195617675781,105.63864135742188,87.62188720703125,178.3800048828125,67.3350830078125
2022-03-01,406.72637939453125,189.37655639648438,63.364017486572266,41.822303771972656,122.1490707397461,99.76423645019531,105.99996185302734,87.16044616699219,181.6199951171875,66.93954467773438
2022-03-02,414.20867919921875,193.8857421875,64.16027069091797,41.894859313964844,117.97372436523438,98.26482391357422,104.38838958740234,88.79256439208984,179.72999572753906,67.64974212646484
2022-03-03,412.1465148925781,191.58843994140625,62.89511489868164,41.30530548095703,119.17533874511719,98.68817138671875,104.77007293701172,89.5188980102539,180.8000030517578,68.19813537597656
2022-03-04,408.79803466796875,188.58863830566406,61.07257843017578,40.47085189819336,121.23271179199219,99.66719055175781,104.87186431884766,89.92906951904297,183.67999267578125,68.20713806152344
2022-03-07,396.74688720703125,183.89906311035156,59.13502883911133,38.956146240234375,120.30775451660156,99.24385070800781,103.59956359863281,88.15168762207031,186.41000366210938,66.96650695800781
2022-03-08,393.7389831542969,184.91481018066406,59.64817810058594,39.0831298828125,119.09749603271484,98.5999526977539,102.98033142089844,87.72442626953125,191.50999450683594,65.1595230102539
2022-03-09,404.2953796386719,190.12652587890625,62.14310073852539,40.18968200683594,117.93049621582031,97.99139404296875,103.15850830078125,89.07454681396484,185.82000732421875,65.60002899169922
2022-03-10,402.46978759765625,189.78475952148438,61.399932861328125,39.43685531616211,116.23612213134766,97.54154968261719,101.9794692993164,89.29673767089844,186.39999389648438,64.97970581054688
2022-03-11,397.35235595703125,186.75643920898438,60.73638916015625,38.611480712890625,116.62512969970703,97.51510620117188,101.93706512451172,88.58747863769531,185.08999633789062,64.22456359863281
2022-03-14,394.4483947753906,182.94024658203125,61.293758392333984,37.6772575378418,113.9020767211914,96.28024291992188,100.46119689941406,87.89533233642578,182.3000030517578,64.5661849975586
2022-03-15,403.1224670410156,185.8546142578125,61.877681732177734,37.731685638427734,113.7032699584961,96.23622131347656,101.25003051757812,88.48493957519531,178.88999938964844,66.01355743408203
2022-03-16,412.0613708496094,191.70236206054688,64.09834289550781,40.77016830444336,114.81842041015625,96.10386657714844,102.11515808105469,89.53598022460938,180.00999450683594,66.08547973632812
2022-03-17,417.2166748046875,194.711669921875,64.63803100585938,40.561553955078125,113.96258544921875,95.91867065429688,103.11607360839844,90.92029571533203,180.88999938964844,66.54399871826172
2022-03-18,421.786376953125,196.76211547851562,65.26618957519531,41.14204025268555,115.3543930053711,96.2009048461914,103.31965637207031,90.92029571533203,179.3000030517578,66.6968002319336
2022-03-21,421.66302490234375,195.02491760253906,64.85920715332031,40.50713348388672,112.68318939208984,94.94844055175781,101.88616943359375,90.36487579345703,180.6699981689453,66.78260803222656
2022-03-22,426.59710693359375,196.98046875,65.46966552734375,41.241817474365234,111.239501953125,94.42807006835938,101.64020538330078,90.59559631347656,179.36000061035156,67.27931213378906
2022-03-23,421.1031494140625,193.56297302246094,64.62032318115234,40.96971130371094,113.67733001708984,95.0631103515625,101.9285888671875,89.5792007446289,181.80999755859375,66.73745727539062
2022-03-24,427.4510803222656,195.7887420654297,65.2219467163086,41.1873893737793,112.78691864013672,94.53392028808594,101.97100830078125,90.14623260498047,183.1300048828125,67.2070541381836
2022-03-25,429.53857421875,196.05503845214844,65.25733184814453,40.86086654663086,111.22221374511719,93.56368255615234,101.16522979736328,91.27178955078125,182.3800048828125,67.7669677734375
2022-03-28,432.5938415527344,196.1216278076172,65.04499053955078,40.996917724609375,112.17314910888672,93.7753677368164,101.7249984741211,92.24266815185547,179.05999755859375,68.04690551757812
2022-03-29,437.9453125,201.3720703125,66.48710632324219,41.69532012939453,113.02032470703125,94.24285125732422,102.58171081542969,94.94912719726562,179.13999938964844,68.6519775390625
2022-03-30,435.2411804199219,197.3296356201172,66.21282958984375,41.5774040222168,113.9020767211914,94.61327362060547,102.8192138671875,94.2617416381836,180.5800018310547,68.6971206665039
2022-03-31,428.5422668457031,195.24656677246094,65.11576843261719,40.951576232910156,114.1787109375,94.78968048095703,102.58171081542969,93.11042785644531,180.64999389648438,68.53457641601562
2022-04-01,429.7568359375,197.4342498779297,65.72622680664062,41.6318244934082,114.61332702636719,94.17247772216797,102.92594146728516,94.92333984375,179.5,69.22091674804688
2022-04-04,433.4383239746094,197.7576446533203,65.99165344238281,42.36650085449219,113.8167953491211,94.11067199707031,103.2829818725586,94.4593734741211,180.3699951171875,69.00416564941406
2022-04-05,427.9634094238281,193.07791137695312,65.09807586669922,41.58647537231445,111.24540710449219,92.98924255371094,101.47247314453125,93.99540710449219,179.24000549316406,69.0673828125
2022-04-06,423.6840515136719,190.33851623535156,64.31953430175781,41.042266845703125,110.34497833251953,92.66252899169922,100.8774642944336,95.11235809326172,179.66000366210938,69.94337463378906
2022-04-07,425.8189392089844,189.7202606201172,64.4610824584961,40.71574401855469,109.51380920410156,92.4329605102539,100.40995025634766,94.16725158691406,180.33999633789062,70.79227447509766
2022-04-08,424.6803894042969,188.2078857421875,64.48761749267578,40.75202560424805,108.32769775390625,91.96493530273438,99.61947631835938,94.32191467285156,181.47000122070312,71.09027862548828
2022-04-11,417.4216003417969,186.94285583496094,63.806392669677734,40.244102478027344,106.61341857910156,91.5234603881836,98.65047454833984,93.30805969238281,182.3699951171875,70.80130767822266
2022-04-12,415.8749694824219,187.53256225585938,63.328643798828125,40.117122650146484,106.46623229980469,91.96493530273438,98.71849060058594,93.17058563232422,183.77000427246094,70.81936645507812
2022-04-13,420.6382141113281,191.09945678710938,64.0098648071289,40.643192291259766,106.68268585205078,92.16803741455078,99.22846984863281,93.83216094970703,184.64999389648438,71.21671295166016
2022-04-14,415.4005126953125,189.2446746826172,63.71791076660156,40.117122650146484,104.544189453125,91.33799743652344,98.07247161865234,93.42833709716797,184.0399932861328,71.19865417480469
2022-04-18,415.57135009765625,187.9700927734375,63.3463249206543,39.9810676574707,104.02471160888672,91.07312774658203,97.32450866699219,93.05030822753906,184.61000061035156,70.61165618896484
2022-04-19,422.27972412109375,191.7177276611328,63.647125244140625,39.78152084350586,103.24551391601562,90.47266387939453,96.55099487304688,95.07798767089844,181.82000732421875,71.68632507324219
2022-04-20,421.96661376953125,192.4501190185547,64.0718002319336,39.54570007324219,105.32339477539062,91.17906951904297,97.55398559570312,96.65888977050781,182.7100067138672,72.76097869873047
2022-04-21,415.6567077636719,188.141357421875,63.381717681884766,38.78380584716797,104.544189453125,90.67578125,96.5169906616211,95.98873138427734,182.05999755859375,72.69775390625
2022-04-22,404.25146484375,183.27134704589844,62.34659194946289,38.43914794921875,103.88618469238281,90.71989440917969,96.40647888183594,94.30472564697266,180.2899932861328,71.55987548828125
2022-04-25,406.59515380859375,184.3842010498047,62.045772552490234,38.15797424316406,104.92515563964844,91.30268859863281,97.47747802734375,94.06414794921875,177.0500030517578,71.8759536743164
2022-04-26,394.8197326660156,178.5725555419922,60.31171417236328,37.32352828979492,105.98141479492188,91.91195678710938,97.42650604248047,92.51760864257812,177.32000732421875,70.76519012451172
2022-04-27,395.9299621582031,177.83065795898438,60.58598327636719,37.758888244628906,104.62213134765625,91.39984130859375,96.49147033691406,91.9075698852539,175.97999572753906,71.0270767211914
2022-04-28,405.9308776855469,181.1502227783203,61.444156646728516,38.30309295654297,104.77794647216797,91.2673568725586,96.78047180175781,93.60018920898438,176.92999267578125,72.07464599609375
2022-04-29,390.9295349121094,175.91879272460938,60.7275390625,38.43914794921875,103.41865539550781,90.78172302246094,95.70946502685547,89.30424499511719,176.91000366210938,70.1149673461914
2022-05-02,393.28271484375,177.76406860351562,60.57712936401367,38.384727478027344,101.62602233886719,90.10540771484375,95.14212799072266,87.14765930175781,173.6300048828125,69.1938247680664
2022-05-03,395.0854797363281,179.2859344482422,61.02834701538086,38.665897369384766,102.31118774414062,90.21149444580078,95.75550079345703,88.23026275634766,174.08999633789062,68.9951400756836
2022-05-04,407.11700439453125,184.07029724121094,62.09885787963867,39.0831298828125,102.8749008178711,90.79496765136719,96.69258117675781,89.24409484863281,175.8000030517578,70.54843139648438
2022-05-05,392.6468811035156,176.6036376953125,60.09938049316406,37.64097595214844,100.05625915527344,89.88436126708984,95.21026611328125,86.86412811279297,175.1300048828125,69.21187591552734
2022-05-06,390.3032531738281,173.6645050048828,59.515464782714844,37.12398147583008,98.58192443847656,89.37162017822266,94.40094757080078,85.8331069946289,175.4199981689453,69.28412628173828
2022-05-09,377.8067626953125,166.35952758789062,57.7194709777832,36.053707122802734,99.44918060302734,90.03467559814453,94.73320007324219,82.05265808105469,172.8800048828125,69.25704956054688
2022-05-10,378.6797180175781,166.40708923339844,58.15298843383789,36.22603225708008,100.35114288330078,90.33528900146484,95.13359069824219,80.55767059326172,171.4199981689453,68.77842712402344
2022-05-11,372.66400146484375,162.26953125,57.807945251464844,35.97207260131836,102.28515625,90.89224243164062,95.57657623291016,80.3858413696289,172.82000732421875,68.48039245605469
2022-05-12,372.2749328613281,164.17184448242188,57.66639709472656,35.73625564575195,102.09436798095703,91.19284057617188,95.61919403076172,81.0130386352539,170.1699981689453,68.46231079101562
2022-05-13,381.17523193359375,169.37477111816406,59.26773452758789,36.72489929199219,100.5853042602539,90.7154312133789,95.11656951904297,83.15242004394531,168.7899932861328,69.4918212890625
2022-05-16,379.628662109375,168.56625366210938,59.32083511352539,36.579776763916016,100.48121643066406,91.0955810546875,95.244384765625,82.6283187866211,170.39999389648438,69.80789947509766
2022-05-17,387.437744140625,173.7216033935547,60.426734924316406,37.47771453857422,99.26702117919922,90.40599822998047,94.6991195678711,83.75386047363281,169.3300018310547,69.32926940917969
2022-05-18,371.8194885253906,167.63409423828125,58.9846305847168,36.579776763916016,101.38318634033203,91.05137634277344,95.0483627319336,81.32235717773438,169.4199981689453,64.86808013916016
2022-05-19,369.542236328125,167.90997314453125,59.55085754394531,37.1602668762207,101.62602233886719,91.37845611572266,95.3039779663086,80.96150207519531,171.91000366210938,63.71213912963867
2022-05-20,369.7035827636719,167.48190307617188,59.95782470703125,37.314449310302734,102.77947235107422,91.8028335571289,95.77251434326172,81.47699737548828,172.02999877929688,63.847599029541016
2022-05-23,376.6207275390625,169.50790405273438,60.97526931762695,37.59562683105469,101.08833312988281,91.24588775634766,95.43175506591797,82.42211151123047,172.8300018310547,65.16608428955078
2022-05-24,373.7456970214844,166.996826171875,60.87794494628906,36.94257736206055,103.08305358886719,92.03269958496094,96.68407440185547,83.11804962158203,174.1300048828125,66.23172760009766
2022-05-25,377.04766845703125,170.00253295898438,60.8956413269043,37.12398147583008,103.49065399169922,92.21834564208984,97.68082427978516,83.82258605957031,173.0800018310547,66.24979400634766
2022-05-26,384.5816345214844,173.79769897460938,61.56802749633789,37.704463958740234,103.02232360839844,92.1741943359375,97.70638275146484,83.9256820678711,172.75999450683594,66.95418548583984
2022-05-27,394.02276611328125,178.47744750976562,62.311195373535156,38.13983154296875,103.27384185791016,92.30677795410156,98.21753692626953,86.17677307128906,172.85000610351562,67.7308349609375
2022-05-31,391.8118896484375,176.26119995117188,61.93961715698242,38.67496871948242,101.08833312988281,91.34313201904297,97.49342346191406,85.1199722290039,171.13999938964844,67.252197265625
2022-06-01,388.64276123046875,175.2625274658203,61.284912109375,38.402862548828125,100.97279357910156,90.8288345336914,96.92465209960938,84.41543579101562,172.22999572753906,66.37621307373047
2022-06-02,396.04388427734375,179.54273986816406,62.55891418457031,39.06498336791992,101.02488708496094,90.96160888671875,96.96736907958984,85.57532501220703,174.35000610351562,67.34251403808594
2022-06-03,389.544189453125,177.92575073242188,61.665348052978516,38.430076599121094,100.80769348144531,90.7845687866211,96.65996551513672,84.43262481689453,172.5800018310547,66.66520690917969
2022-06-06,390.7302551269531,178.6962127685547,61.9130744934082,38.63869094848633,98.94847106933594,90.10299682617188,95.97676849365234,84.16626739501953,171.82000732421875,66.69229888916016
2022-06-07,394.47821044921875,181.5782470703125,62.09885787963867,38.75660705566406,100.01707458496094,90.46588897705078,96.48915100097656,85.32618713378906,172.94000244140625,67.04450225830078
2022-06-08,390.1893615722656,178.7722930908203,61.23183059692383,38.9652099609375,99.13090515136719,90.12952423095703,95.93407440185547,83.35863494873047,172.77999877929688,66.22271728515625
2022-06-09,380.9095764160156,175.0663299560547,59.9459228515625,38.043182373046875,99.4610366821289,90.04989624023438,95.3021469116211,81.38249969482422,172.22999572753906,65.22930908203125
2022-06-10,369.86480712890625,170.3170166015625,58.49904251098633,37.622406005859375,98.84419250488281,89.16468811035156,94.37984466552734,79.57819366455078,174.5399932861328,64.94935607910156
2022-06-13,355.8217468261719,162.3156280517578,56.563846588134766,36.30521011352539,95.7425308227539,87.58019256591797,92.20226287841797,75.60014343261719,169.92999267578125,63.549591064453125
2022-06-14,354.74957275390625,161.53366088867188,56.03030776977539,36.80830764770508,94.534912109375,86.88091278076172,91.72400665283203,75.02449798583984,168.57000732421875,62.80002212524414
2022-06-15,359.80694580078125,163.89878845214844,57.07929611206055,37.29310607910156,96.29857635498047,88.09359741210938,93.15870666503906,76.80300903320312,170.77000427246094,62.86323928833008
2022-06-16,347.89874267578125,156.30747985839844,55.822322845458984,36.14971160888672,97.0631332397461,88.66897583007812,93.26114654541016,74.7839126586914,172.69000244140625,62.384620666503906
2022-06-17,348.64874267578125,157.52821350097656,55.596248626708984,36.28691864013672,97.37592315673828,88.69551849365234,93.44905853271484,75.3509750366211,171.27000427246094,62.15883255004883
2022-06-21,357.42547607421875,160.35110473632812,56.43724822998047,36.87234115600586,95.72517395019531,88.2352294921875,92.50968933105469,76.39918518066406,170.6300048828125,63.81752395629883
2022-06-22,356.7774963378906,160.04592895507812,56.05744171142578,36.213741302490234,98.357666015625,89.35054779052734,93.18431091308594,77.37007904052734,171.30999755859375,63.772010803222656
2022-06-23,360.27484130859375,161.9628143310547,55.994136810302734,36.32350540161133,99.1656723022461,89.8551254272461,93.90161895751953,78.84002685546875,170.25999450683594,65.0094223022461
2022-06-24,371.7293701171875,166.9791259765625,57.66708755493164,37.1833381652832,97.79291534423828,89.53648376464844,94.01264190673828,80.51744842529297,170.08999633789062,66.28321838378906
2022-06-27,370.3094787597656,167.5990447998047,57.42292785644531,37.22907257080078,96.95885467529297,89.0318832397461,93.1501693725586,80.39640045166016,169.89999389648438,66.10126495361328
2022-06-28,362.7430114746094,164.45191955566406,57.03408432006836,37.000396728515625,97.41065979003906,89.14695739746094,93.1245346069336,79.4193344116211,169.6199951171875,65.21871185302734
2022-06-29,362.4476318359375,162.782958984375,56.817054748535156,36.854042053222656,98.93108367919922,89.86396789550781,93.6795883178711,78.92647552490234,169.49000549316406,65.62812805175781
2022-06-30,359.5030212402344,161.5146026611328,56.509586334228516,36.68024826049805,99.79985809326172,90.55441284179688,93.96141052246094,78.77948760986328,168.4600067138672,65.67362976074219
2022-07-01,363.30523681640625,163.46961975097656,56.645240783691406,36.45155715942383,100.82447052001953,91.52515411376953,95.14905548095703,80.19754028320312,168.32000732421875,66.61988067626953
2022-07-05,363.9913635253906,164.82383728027344,55.4334716796875,36.16800308227539,101.61665344238281,91.86204528808594,95.12339782714844,79.97271728515625,164.75,66.19225311279297
2022-07-06,365.220703125,163.60317993164062,55.47869110107422,35.94846725463867,99.91043090820312,91.08187866210938,94.6524429321289,79.82573699951172,162.13999938964844,66.38331604003906
2022-07-07,370.690673828125,167.47506713867188,56.31968688964844,36.67110061645508,99.03121185302734,90.52339935302734,94.64385223388672,80.04188537597656,162.22999572753906,66.447021484375
2022-07-08,370.3857421875,167.4559783935547,56.38298797607422,36.67110061645508,97.93433380126953,89.97374725341797,94.48974609375,79.61820983886719,162.3000030517578,66.3287353515625
2022-07-11,366.1545715332031,164.08950805664062,55.46965026855469,35.692352294921875,99.62317657470703,90.68295288085938,94.75520324707031,79.44526672363281,161.42999267578125,66.23775482177734
2022-07-12,362.9145202636719,163.52688598632812,55.460601806640625,35.555137634277344,100.21512603759766,90.89571380615234,94.89219665527344,79.13397979736328,160.8300018310547,66.04666900634766
2022-07-13,361.00860595703125,163.3837890625,55.4334716796875,35.47281265258789,101.36422729492188,91.2857894897461,95.60289764404297,78.75354766845703,161.60000610351562,66.09215545654297
2022-07-14,360.13189697265625,161.70533752441406,54.65578079223633,35.15266036987305,100.53721618652344,90.78047943115234,94.99494934082031,78.04450988769531,159.3300018310547,66.1467514038086
2022-07-15,367.01220703125,165.07179260253906,55.52391052246094,35.33560562133789,101.10304260253906,91.09075927734375,95.75701904296875,79.3674545288086,159.00999450683594,66.36511993408203
2022-07-18,363.9819030761719,164.6044921875,55.74998092651367,35.582584381103516,100.04972839355469,90.82478332519531,95.08914184570312,78.80541229248047,159.16000366210938,65.71910858154297
2022-07-19,373.8163757324219,170.41236877441406,57.269203186035156,36.16800308227539,99.50999450683594,90.40814208984375,95.35456085205078,80.8460464477539,159.5399932861328,66.4106216430664
2022-07-20,376.1987609863281,173.0826873779297,56.889400482177734,36.01249694824219,99.77114868164062,90.31947326660156,95.25182342529297,80.6557846069336,158.0399932861328,65.96479797363281
2022-07-21,380.0296325683594,173.9696044921875,57.47719192504883,36.42412185668945,101.4947738647461,91.34786987304688,96.55337524414062,81.29564666748047,160.27000427246094,66.16494750976562
2022-07-22,376.5037841796875,171.1943817138672,57.33250045776367,36.058231353759766,103.2010269165039,92.39395904541016,97.2983169555664,81.7193374633789,160.6699981689453,66.6016845703125
2022-07-25,376.96112060546875,172.08132934570312,57.775604248046875,36.18629837036133,102.19122314453125,92.06595611572266,96.47628021240234,81.8576889038086,160.22999572753906,66.92923736572266
2022-07-26,372.50128173828125,171.02273559570312,56.97077941894531,35.90272903442383,102.26958465576172,92.10142517089844,96.45915985107422,81.94416046142578,160.0399932861328,66.7745590209961
2022-07-27,382.173828125,174.91372680664062,58.31818771362305,36.57047653198242,101.69502258300781,92.28758239746094,97.10137176513672,82.43701171875,161.6699981689453,67.22947692871094
2022-07-28,386.9671936035156,177.31698608398438,58.61660385131836,36.72598648071289,102.50460815429688,93.20069122314453,97.9062728881836,85.10882568359375,163.63999938964844,68.3031234741211
2022-07-29,392.608642578125,178.5758514404297,59.43047332763672,36.55217742919922,102.22604370117188,93.23617553710938,98.13744354248047,85.56707763671875,164.10000610351562,67.775390625
2022-08-01,391.44610595703125,178.5090789794922,59.51184844970703,36.241180419921875,104.68804168701172,93.78145599365234,98.3314437866211,84.87538146972656,165.02999877929688,68.62159729003906
2022-08-02,388.8635559082031,178.33740234375,58.56235122680664,36.0673828125,102.47282409667969,92.48486328125,97.1297607421875,83.78588104248047,164.0500030517578,68.07565307617188
2022-08-03,394.952880859375,180.96005249023438,58.90597915649414,36.35094451904297,104.08625793457031,92.86673736572266,98.18551635742188,84.05392456054688,164.4499969482422,68.52149200439453
2022-08-04,394.6861572265625,180.5785675048828,59.20439910888672,36.60707092285156,104.05135345458984,93.33740234375,98.34001922607422,83.92422485351562,167.1699981689453,68.06655883789062
2022-08-05,394.01904296875,181.96142578125,58.78842544555664,36.643653869628906,101.57456970214844,91.9875259399414,97.00960540771484,84.1576919555664,165.2899932861328,67.91188049316406
2022-08-08,393.5616149902344,183.8878173828125,58.924072265625,36.68939208984375,103.2141342163086,92.52925109863281,97.39588165283203,84.90995025634766,166.69000244140625,67.87548828125
2022-08-09,391.9987487792969,181.37966918945312,58.60755920410156,36.55217742919922,102.81294250488281,92.25395965576172,96.9581069946289,85.37686157226562,167.1999969482422,67.775390625
2022-08-10,400.2323303222656,186.55809020996094,59.92783737182617,37.00953674316406,102.14144134521484,92.30723571777344,97.87651824951172,86.67385864257812,166.77999877929688,68.27582550048828
2022-08-11,400.2323303222656,187.25433349609375,59.90974426269531,37.15590286254883,99.76057434082031,91.6944351196289,96.932373046875,86.46634674072266,166.33999633789062,68.11205291748047
2022-08-12,407.0078125,191.07852172851562,60.37094497680664,37.54922866821289,100.77223205566406,92.05857849121094,98.05677795410156,87.95355224609375,167.8699951171875,68.70345306396484
2022-08-15,408.68505859375,191.75564575195312,60.00922393798828,37.37543487548828,100.68502807617188,92.35161590576172,97.98812103271484,88.30805969238281,165.7100067138672,69.3858413696289
2022-08-16,409.48553466796875,191.67938232421875,59.99113845825195,37.36628723144531,101.10362243652344,92.24506378173828,97.61042785644531,88.0746078491211,165.4199981689453,70.16835021972656
2022-08-17,406.5789794921875,188.45590209960938,59.51184844970703,37.21078109741211,100.04841613769531,91.6233901977539,96.6920166015625,87.54715728759766,164.35000610351562,69.9681625366211
2022-08-18,407.76068115234375,189.70526123046875,59.31291580200195,37.000396728515625,100.19661712646484,91.80103302001953,96.94094848632812,86.96784973144531,163.9199981689453,70.2047348022461
2022-08-19,402.28118896484375,185.63304138183594,58.49904251098633,36.4973030090332,98.5832290649414,91.01063537597656,95.790771484375,86.05130767822266,162.72000122070312,69.9772720336914
2022-08-22,393.9046936035156,181.80880737304688,57.50431823730469,36.177146911621094,98.25184631347656,90.61099243164062,95.14701080322266,84.17497253417969,161.63999938964844,69.26757049560547
2022-08-23,392.95172119140625,182.10443115234375,57.53144454956055,36.36924362182617,97.71115112304688,90.38895416259766,95.25001525878906,83.0941390991211,162.77000427246094,68.96731567382812
2022-08-24,394.2096862792969,183.496826171875,57.60379409790039,36.36008834838867,96.99600219726562,90.08702087402344,94.96675872802734,83.5697021484375,163.25,69.14019012451172
2022-08-25,399.77490234375,186.34829711914062,58.23680114746094,37.146751403808594,98.34776306152344,90.6642837524414,95.94525146484375,84.8148422241211,163.75,69.4586410522461
2022-08-26,386.2429504394531,180.2257080078125,56.708534240722656,36.59791946411133,99.08904266357422,90.5577163696289,95.37017822265625,82.67912292480469,161.75999450683594,67.73899841308594
2022-08-29,383.6889953613281,178.5663299560547,56.581932067871094,36.36924362182617,98.26929473876953,90.04261779785156,94.66633605957031,81.93550872802734,161.86000061035156,67.62982940673828
2022-08-30,379.4768981933594,176.0677032470703,56.17499542236328,35.9393196105957,98.51345825195312,90.0159912109375,94.78648376464844,80.80279541015625,160.50999450683594,66.92923736572266
2022-08-31,376.5894775390625,174.9995880126953,55.79519271850586,36.0673828125,97.57158660888672,89.64297485351562,93.79080963134766,80.42235565185547,159.27000427246094,66.51980590820312
2022-09-01,377.7711486816406,173.09222412109375,55.04462432861328,35.783817291259766,95.78521728515625,88.93037414550781,93.22618103027344,80.56932830810547,157.8699951171875,66.89283752441406
2022-09-02,373.7877502441406,171.7475128173828,54.68290710449219,35.45451736450195,96.32709503173828,89.42855834960938,93.2950439453125,79.44526672363281,159.25999450683594,66.01936340332031
2022-09-06,372.3773193359375,170.0499725341797,54.54726028442383,35.03375244140625,93.94120025634766,88.4321517944336,92.02974700927734,80.16294860839844,158.3300018310547,65.64633178710938
2022-09-07,379.0671691894531,173.75027465820312,55.02653884887695,35.34475326538086,95.42689514160156,89.01042938232422,93.28642272949219,81.72796630859375,159.94000244140625,66.82915496826172
2022-09-08,381.54486083984375,175.19985961914062,55.062713623046875,35.15266036987305,94.44805908203125,88.68128967285156,93.0712661743164,81.95281219482422,158.97999572753906,66.6562728881836
2022-09-09,387.4721984863281,178.71888732910156,56.46437454223633,35.67405319213867,94.6578369140625,88.69017028808594,93.28642272949219,82.8433837890625,159.82000732421875,67.31138610839844
2022-09-12,391.6366882324219,180.88377380371094,57.25111770629883,36.20459747314453,93.8800048828125,88.47664642333984,93.07986450195312,83.64753723144531,160.6300048828125,67.57523345947266
2022-09-13,374.6073303222656,173.80746459960938,55.261661529541016,35.0886344909668,94.09850311279297,87.97844696044922,92.40848541259766,80.44827270507812,158.5399932861328,65.31878662109375
2022-09-14,376.0367431640625,174.484619140625,55.44252395629883,35.26242446899414,94.42185974121094,88.02291870117188,92.84745788574219,79.53173828125,157.92999267578125,65.29150390625
2022-09-15,371.7674865722656,173.21621704101562,54.954200744628906,34.887393951416016,94.36068725585938,87.72041320800781,92.39986419677734,78.06180572509766,154.97999572753906,64.74557495117188
2022-09-16,368.93133544921875,170.69850158691406,54.619606018066406,34.56724548339844,93.57415008544922,87.79161071777344,92.18470764160156,78.0704574584961,155.83999633789062,64.9002456665039
2022-09-19,371.7923889160156,172.1575927734375,54.80950927734375,34.677005767822266,93.7926025390625,87.5425033569336,92.33963775634766,77.95803833007812,155.9600067138672,65.3315658569336
2022-09-20,367.5247497558594,169.81158447265625,53.878082275390625,34.48491668701172,92.85751342773438,86.99980163574219,91.41864776611328,76.06442260742188,155.07000732421875,64.97442626953125
2022-09-21,361.1136779785156,167.21754455566406,53.1727294921875,33.90864944458008,94.41314697265625,87.34678649902344,91.76294708251953,74.8625717163086,155.7899932861328,64.72718048095703
2022-09-22,358.08038330078125,163.45053100585938,53.01900100708008,33.743995666503906,92.00102233886719,86.03007507324219,90.47184753417969,73.91143035888672,155.6999969482422,64.63558959960938
2022-09-23,352.0808410644531,159.5595703125,51.32796096801758,32.911598205566406,92.37681579589844,86.13684844970703,90.213623046875,72.92901611328125,153.00999450683594,63.536651611328125
2022-09-26,348.5977783203125,157.37486267089844,50.5683479309082,32.509124755859375,90.6114273071289,84.70449829101562,88.6470947265625,70.88378143310547,151.22999572753906,63.58244705200195
2022-09-27,347.7078857421875,157.9116973876953,50.22471618652344,32.472537994384766,88.22553253173828,84.12620544433594,87.31293487548828,69.9398422241211,151.5399932861328,62.48351287841797
2022-09-28,354.549560546875,162.9060516357422,51.43647766113281,32.756099700927734,91.17951202392578,86.02120208740234,89.06884002685547,71.3907241821289,154.69000244140625,63.23445129394531
2022-09-29,347.1434020996094,159.25375366210938,50.83060073852539,32.02431869506836,90.70757293701172,85.62083435058594,88.40604400634766,69.29305267333984,154.66000366210938,62.19045639038086
2022-09-30,341.7752685546875,158.09384155273438,50.64973068237305,31.905412673950195,89.53646087646484,85.3984375,88.1822738647461,70.07093811035156,154.6699981689453,61.10984802246094
2022-10-03,350.7986145019531,162.28292846679688,51.65350341796875,32.42679977416992,90.9591293334961,86.41195678710938,89.81361389160156,71.32080841064453,158.42999267578125,62.16298294067383
2022-10-04,361.66864013671875,168.71522521972656,53.7243537902832,33.48787307739258,90.705078125,86.59022521972656,90.2281265258789,72.76295471191406,160.6999969482422,63.10624313354492
2022-10-05,360.8265380859375,167.46902465820312,53.15464401245117,33.50616455078125,89.83782196044922,85.77014923095703,89.5458984375,71.33828735351562,159.80999755859375,62.73992919921875
2022-10-06,357.1044006347656,166.52960205078125,52.22322082519531,33.30492401123047,89.3385009765625,85.29771423339844,89.3386459350586,69.35423278808594,159.6300048828125,61.82415771484375
2022-10-07,347.1434020996094,161.631103515625,51.39126205444336,32.609745025634766,88.47119140625,84.87873077392578,88.44914245605469,67.68484497070312,157.8800048828125,60.89921951293945
2022-10-10,344.4928283691406,160.7300262451172,51.10188674926758,32.15238571166992,87.09581756591797,84.37956237792969,87.65463256835938,67.04681396484375,155.47999572753906,61.1190071105957
2022-10-11,342.3111877441406,160.7779541015625,50.541221618652344,31.640138626098633,87.48127746582031,84.59347534179688,87.47327423095703,67.72854614257812,155.16000366210938,61.62269592285156
2022-10-12,341.18206787109375,160.3369598388672,50.37844467163086,31.67673110961914,87.9105453491211,84.86984252929688,87.36964416503906,67.02057647705078,155.99000549316406,61.95235824584961
2022-10-13,350.18621826171875,164.30563354492188,51.418392181396484,31.768203735351562,87.06954193115234,84.51322937011719,87.52506256103516,68.24423217773438,154.91000366210938,62.9780387878418
2022-10-14,342.2059020996094,159.9055938720703,50.64973068237305,31.292551040649414,86.35118103027344,84.04082489013672,86.68740844726562,66.54859924316406,152.97999572753906,61.842472076416016
2022-10-17,350.9996032714844,165.00538635253906,51.897666931152344,32.15238571166992,85.9306640625,84.12995910644531,87.1019058227539,69.05706024169922,153.4199981689453,62.510986328125
2022-10-18,355.1236267089844,166.9609832763672,52.2684326171875,32.16153335571289,86.13217163085938,84.34387969970703,87.62007904052734,69.80872344970703,153.75,63.326026916503906
2022-10-19,352.6071472167969,164.12351989746094,51.62638473510742,31.576112747192383,84.56405639648438,83.46142578125,86.4197006225586,68.06940460205078,151.69000244140625,63.03297805786133
2022-10-20,349.6503601074219,162.03370666503906,51.508819580078125,31.777353286743164,83.11859130859375,82.83744049072266,85.66836547851562,67.77224731445312,151.4499969482422,62.153839111328125
2022-10-21,358.1474304199219,165.55181884765625,52.440250396728516,32.262149810791016,81.62060546875,83.02464294433594,85.91018676757812,68.30541229248047,154.14999389648438,63.10624313354492
2022-10-24,362.5298767089844,166.26119995117188,52.44929504394531,31.036422729492188,80.94602966308594,82.91768646240234,85.86698913574219,68.29666137695312,153.64999389648438,64.24180603027344
2022-10-25,368.3189392089844,170.79537963867188,53.60679244995117,31.292551040649414,83.30256652832031,83.9516830444336,87.01556396484375,70.97993469238281,154.0,65.08433532714844
2022-10-26,365.5440368652344,171.6389923095703,54.113197326660156,31.804790496826172,84.50273132324219,84.37956237792969,87.41282653808594,70.93623352050781,154.97999572753906,65.51473999023438
2022-10-27,363.592041015625,171.6773223876953,53.60679244995117,31.557815551757812,85.38755798339844,84.9767837524414,87.81868743896484,71.04110717773438,154.74000549316406,65.56968688964844
2022-10-28,372.2420959472656,175.578857421875,54.14033126831055,31.365726470947266,84.80059814453125,84.53999328613281,88.00007629394531,72.60562133789062,153.16000366210938,67.0074462890625
2022-10-31,369.5533142089844,175.74183654785156,53.63391876220703,31.274255752563477,84.19613647460938,84.1567153930664,87.52506256103516,72.52696228027344,151.91000366210938,66.6136703491211
2022-11-01,367.93621826171875,175.9814910888672,54.058937072753906,31.850528717041016,84.98299407958984,84.14151763916016,88.15483093261719,72.500732421875,153.4600067138672,66.40304565429688
2022-11-02,358.7023620605469,170.1435546875,53.2722053527832,31.58525848388672,84.61415100097656,83.99858093261719,87.7303695678711,70.50794219970703,152.38999938964844,65.24915313720703
2022-11-03,355.0088195800781,169.0028076171875,52.82005310058594,31.768203735351562,84.15750122070312,83.63233184814453,87.4185562133789,70.41181945800781,151.80999755859375,65.02938842773438
2022-11-04,360.1185607910156,171.28431701660156,54.93611145019531,33.11283874511719,82.74357604980469,83.45368194580078,87.59181213378906,71.37325286865234,156.47000122070312,65.79862213134766
2022-11-07,363.5633239746094,172.060791015625,55.10792541503906,33.131134033203125,81.91808319091797,83.15885162353516,87.27129364013672,71.37325286865234,155.85000610351562,66.38471221923828
2022-11-08,365.5248718261719,172.12783813476562,55.73189926147461,33.368961334228516,82.81382751464844,83.71269226074219,87.63507843017578,71.59175109863281,159.4499969482422,66.57703399658203
2022-11-09,357.9942626953125,167.40194702148438,54.954200744628906,32.79268264770508,83.0860824584961,83.99858093261719,87.40987396240234,70.85755920410156,158.64999389648438,65.85356903076172
2022-11-10,377.6675720214844,177.7069549560547,58.03784942626953,33.9818229675293,86.2827377319336,85.88347625732422,90.33770751953125,76.04056549072266,163.47999572753906,67.40122985839844
2022-11-11,381.32281494140625,179.16407775878906,59.195350646972656,34.90568923950195,85.96656799316406,85.70481872558594,90.58023834228516,76.03182220458984,164.55999755859375,67.32797241210938
2022-11-14,378.0790100097656,177.1605682373047,58.571388244628906,34.69530487060547,85.75580596923828,85.49935150146484,90.1211166381836,74.17887878417969,164.9199981689453,66.79682922363281
2022-11-15,381.3036804199219,179.7871551513672,58.960235595703125,35.491111755371094,87.14337921142578,86.13362884521484,91.37715148925781,74.98298645019531,165.5,67.3554458618164
2022-11-16,378.394775390625,176.62376403808594,58.82459259033203,34.923988342285156,89.04903411865234,86.76786804199219,92.15673828125,74.30123901367188,165.1199951171875,67.68512725830078
2022-11-17,377.23699951171875,174.98452758789062,58.797462463378906,34.988014221191406,88.109375,86.17829132080078,91.66301727294922,73.79430389404297,163.9199981689453,67.66680145263672
2022-11-18,378.94976806640625,176.11569213867188,58.91502380371094,34.78676986694336,87.50340270996094,85.87454986572266,91.65434265136719,74.72952270507812,162.7899932861328,68.39027404785156
2022-11-21,377.5718688964844,175.19541931152344,58.471920013427734,34.34770965576172,87.87225341796875,85.82095336914062,91.51575469970703,75.1228256225586,161.8800048828125,69.04048156738281
2022-11-22,382.65289306640625,177.06472778320312,59.2857780456543,34.43003463745117,89.11927795410156,86.31230163574219,92.33000183105469,75.53363037109375,162.07000732421875,69.54415893554688
2022-11-23,385.0641784667969,177.5248260498047,59.93688201904297,34.71359634399414,90.67372131347656,86.77678680419922,93.25682830810547,75.59481048583984,163.0800018310547,69.78225708007812
2022-11-25,384.9780578613281,177.89869689941406,60.24433898925781,34.548946380615234,90.3663330078125,86.75000762939453,93.35212707519531,76.07552337646484,163.22000122070312,69.82804870605469
2022-11-28,378.8349304199219,174.31350708007812,59.466644287109375,34.39344787597656,90.62102508544922,86.78573608398438,92.67646026611328,74.03903198242188,161.92999267578125,69.56245422363281
2022-11-29,378.1842956542969,174.82156372070312,59.638458251953125,35.134368896484375,89.55841064453125,86.41947937011719,92.21739959716797,75.2626724243164,162.72999572753906,69.2968978881836
2022-11-30,390.0972900390625,179.61460876464844,60.696495056152344,36.14971160888672,90.21704864501953,87.19667053222656,93.34346008300781,76.98451232910156,164.80999755859375,70.68888092041016
2022-12-01,389.81036376953125,179.2216033935547,61.284278869628906,36.030792236328125,93.09909057617188,88.14905548095703,94.51139831542969,76.8184585571289,167.83999633789062,70.36835479736328
2022-12-02,389.3605041503906,180.2664794921875,61.239070892333984,36.16800308227539,94.26988220214844,88.32804107666016,95.08494567871094,76.5911865234375,167.25999450683594,70.68888092041016
2022-12-05,382.3562316894531,175.3008575439453,60.43424987792969,35.75638198852539,92.94942474365234,87.43296813964844,94.27677154541016,75.1927490234375,164.38999938964844,69.80057525634766
2022-12-06,376.84466552734375,172.6167755126953,60.162960052490234,35.71063995361328,94.14665222167969,87.97003936767578,94.56351470947266,74.48478698730469,164.83999633789062,69.37017059326172
2022-12-07,376.2035217285156,172.1086883544922,60.162960052490234,35.50026321411133,96.3649673461914,88.73983001708984,95.61502838134766,74.63336944580078,166.3300018310547,69.6632080078125
2022-12-08,379.1507263183594,173.3549041748047,60.47041702270508,35.93017578125,96.10086822509766,88.23857879638672,95.31087493896484,75.15779113769531,166.47000122070312,70.0386734008789
2022-12-09,376.3183288574219,171.226806640625,60.50658416748047,35.692352294921875,93.60088348388672,87.58514404296875,94.59828186035156,75.01795196533203,167.05999755859375,69.49836730957031
2022-12-12,381.743896484375,173.23988342285156,60.68743896484375,35.582584381103516,93.90016174316406,87.45982360839844,94.47661590576172,75.59481048583984,165.67999267578125,70.23100280761719
2022-12-13,384.6336364746094,174.67477416992188,61.54816436767578,35.837032318115234,94.8068618774414,88.24750518798828,95.30216217041016,76.99324798583984,168.50999450683594,70.13025665283203
2022-12-14,382.1744689941406,173.52874755859375,61.493690490722656,35.85560989379883,95.21179962158203,88.48918151855469,95.38908386230469,76.46883392333984,168.10000610351562,70.08446502685547
2022-12-15,372.82586669921875,169.18548583984375,59.9229736328125,35.02910232543945,95.58329010009766,88.66136932373047,95.46923065185547,75.44622039794922,165.35000610351562,68.89395141601562
2022-12-16,368.4241638183594,167.92391967773438,59.39638137817383,35.13125228881836,94.51556396484375,88.4371566772461,95.05957794189453,73.49713897705078,166.7899932861328,68.55512237548828
2022-12-19,365.300048828125,165.65115356445312,59.25111389160156,35.159114837646484,92.92721557617188,87.71969604492188,94.10079956054688,72.56192779541016,166.32000732421875,68.51174926757812
2022-12-20,365.7998962402344,166.5275115966797,59.4871711730957,35.14982223510742,91.27709197998047,87.08293151855469,92.99384307861328,72.37837219238281,169.0800018310547,68.45641326904297
2022-12-21,371.2695007324219,169.3973388671875,60.104557037353516,35.46556854248047,91.50652313232422,87.1905746459961,93.63011932373047,72.99893188476562,168.8000030517578,69.13896179199219
2022-12-22,365.972900390625,167.18238830566406,59.614280700683594,35.14982223510742,91.48888397216797,87.16365051269531,93.6039810180664,72.69225311279297,166.75999450683594,68.9821548461914
2022-12-23,368.078125,167.94317626953125,59.82310485839844,35.103389739990234,90.1476058959961,86.76904296875,93.31634521484375,73.33931732177734,167.25999450683594,69.34187316894531
2022-12-27,366.6265563964844,166.81643676757812,59.91389083862305,35.62343978881836,88.36511993408203,86.0426025390625,92.11349487304688,73.31271362304688,168.6699981689453,69.67391967773438
2022-12-28,362.0702209472656,164.22589111328125,59.278350830078125,35.103389739990234,87.84447479248047,85.83631896972656,91.82586669921875,72.06291961669922,167.91000366210938,68.80691528320312
2022-12-29,368.5876159667969,168.38613891601562,60.21350860595703,35.68844985961914,88.84162902832031,86.2578353881836,92.47958374023438,73.64067840576172,168.85000610351562,69.1020736694336
2022-12-30,367.6167297363281,167.91427612304688,59.59613037109375,35.19625473022461,87.85331726074219,85.89912414550781,91.89559173583984,73.10885620117188,169.63999938964844,68.76079559326172
2023-01-03,366.0690612792969,166.98977661132812,60.12271499633789,35.493431091308594,89.52989196777344,86.57174682617188,92.5318832397461,73.17977142333984,171.05999755859375,68.50254821777344
2023-01-04,368.89520263671875,169.06996154785156,60.921695709228516,36.5613899230957,90.75646209716797,87.23539733886719,93.20301818847656,74.83729553222656,172.6699981689453,68.77001190185547
2023-01-05,364.6848449707031,167.25941467285156,60.31338882446289,36.449954986572266,91.13592529296875,87.10986328125,93.13330841064453,72.82520294189453,170.52000427246094,68.07825469970703
2023-01-06,373.04779052734375,171.01524353027344,61.856842041015625,37.211448669433594,92.81249237060547,88.23088836669922,94.65863037109375,74.78411865234375,173.7100067138672,69.89527893066406
2023-01-09,372.83636474609375,171.30418395996094,62.12015151977539,37.490047454833984,93.306640625,88.45511627197266,95.033447265625,74.81070709228516,174.10000610351562,69.21275329589844
2023-01-10,375.4509582519531,173.8369140625,62.3017463684082,37.759361267089844,91.76240539550781,87.8990707397461,94.71095275878906,74.97911834716797,174.74000549316406,69.12052154541016
2023-01-11,380.1996765136719,176.00375366210938,62.77385711669922,37.917236328125,93.25370788574219,88.46409606933594,95.52159881591797,77.66486358642578,174.6199951171875,69.15740966796875
2023-01-12,381.5838928222656,178.9602813720703,63.69994354248047,38.10296630859375,95.0891342163086,89.25328826904297,96.60237884521484,78.64875793457031,176.63999938964844,68.61321258544922
2023-01-13,383.0642395019531,180.1351776123047,64.0358657836914,38.35370635986328,94.19789123535156,88.7779312133789,96.28858184814453,78.16123962402344,178.75999450683594,68.93605041503906
2023-01-17,382.3625183105469,179.91366577148438,64.2356185913086,38.140113830566406,93.58902740478516,88.49993133544922,95.93994140625,78.3828353881836,177.58999633789062,68.9821548461914
2023-01-18,376.32574462890625,177.0052947998047,64.00862884521484,37.88009262084961,95.8568344116211,89.70173645019531,97.06434631347656,77.23939514160156,177.0800018310547,67.1005859375
2023-01-19,373.586181640625,175.3103790283203,63.90876007080078,38.16797637939453,95.25679016113281,89.53129577636719,96.8638687133789,76.8139419555664,179.88999938964844,66.46415710449219
2023-01-20,380.5456848144531,178.199462890625,64.47167205810547,38.75303268432617,93.7125473022461,88.93939971923828,96.35832214355469,77.7269058227539,179.2899932861328,66.98068237304688
2023-01-23,385.11175537109375,180.4048309326172,64.73497772216797,39.0316276550293,93.27134704589844,88.65238189697266,96.07940673828125,78.08143615722656,179.6300048828125,67.19280242919922
2023-01-24,384.6983947753906,180.0196075439453,64.65325927734375,39.05949020385742,94.61261749267578,89.16360473632812,96.5849380493164,78.27645111083984,180.27999877929688,67.46952056884766
2023-01-25,384.8426513671875,180.52035522460938,65.07998657226562,39.09663009643555,94.8420639038086,89.26226043701172,96.62853240966797,78.3119125366211,181.11000061035156,67.63553619384766
2023-01-26,389.0721435546875,181.58934020996094,65.13445281982422,39.46809768676758,94.40084075927734,88.93939971923828,96.59364318847656,79.18943786621094,179.47000122070312,67.39574432373047
2023-01-27,389.9660949707031,182.57162475585938,65.0073471069336,39.282371520996094,94.16260528564453,88.80486297607422,96.31473541259766,80.07581329345703,179.22000122070312,67.20203399658203
2023-01-30,385.07330322265625,180.02923583984375,64.5896987915039,38.49300765991211,93.81844329833984,88.5268783569336,95.94864654541016,79.05647277832031,178.75999450683594,67.28504943847656
2023-01-31,390.735107421875,184.40139770507812,64.96195220947266,38.409423828125,94.56851196289062,88.97526550292969,96.63726043701172,80.7140121459961,179.41000366210938,68.01370239257812
2023-02-01,394.8878173828125,187.3001251220703,65.54302215576172,38.88304138183594,95.70531463623047,89.61518859863281,97.61823272705078,81.21038818359375,181.6699981689453,68.5578842163086
2023-02-02,400.63616943359375,190.98854064941406,65.45222473144531,38.65087890625,95.82918548583984,89.57923889160156,97.75812530517578,83.0540771484375,177.89999389648438,67.96758270263672
2023-02-03,396.3778076171875,189.70770263671875,64.84391784667969,37.96366882324219,94.39599609375,88.61756896972656,96.6477279663086,81.49402618408203,173.4600067138672,67.70011901855469
2023-02-06,393.9554138183594,186.9630584716797,64.18113708496094,37.406471252441406,93.69709014892578,87.8536148071289,95.9045639038086,80.900146484375,173.82000732421875,67.78311157226562
2023-02-07,399.1077575683594,188.34982299804688,64.72589111328125,37.5550537109375,92.94511413574219,87.63792419433594,95.58980560302734,80.7228775024414,173.97999572753906,67.49720001220703
2023-02-08,394.74359130859375,185.59556579589844,64.32640075683594,37.50862121582031,93.387451171875,87.96147918701172,95.68598175048828,80.34172821044922,174.41000366210938,66.98068237304688
2023-02-09,391.3215026855469,182.90870666503906,64.4444351196289,37.68507385253906,92.50279235839844,87.56602478027344,94.88160705566406,79.46421813964844,173.02999877929688,66.68553161621094
2023-02-10,392.23468017578125,183.27464294433594,64.16297912597656,37.32289123535156,91.46768951416016,87.14359283447266,94.21711730957031,79.7389907836914,173.36000061035156,67.30349731445312
2023-02-13,396.8392333984375,185.47998046875,64.80760955810547,37.62935256958008,92.23736572265625,87.3503189086914,94.56684875488281,80.44811248779297,172.47999572753906,68.06904602050781
2023-02-14,396.65655517578125,185.39332580566406,64.92564392089844,37.56434631347656,92.02503204345703,86.9548568725586,94.33078002929688,79.80990600585938,172.61000061035156,67.4510726928711
2023-02-15,397.9446105957031,187.27120971679688,64.63510131835938,37.248600006103516,91.1668930053711,86.69422912597656,93.9723129272461,80.12901306152344,170.88999938964844,67.5802001953125
2023-02-16,392.4654541015625,185.47998046875,64.31732940673828,37.25789260864258,89.87525177001953,86.4066390991211,93.22038269042969,79.34898376464844,170.75,67.09134674072266
2023-02-17,391.4849548339844,185.99041748046875,64.48075866699219,36.849273681640625,90.57415008544922,86.64927673339844,93.58757019042969,79.03874969482422,171.25999450683594,67.95835876464844
2023-02-21,383.6313781738281,180.50112915039062,63.77257537841797,36.384944915771484,88.81364440917969,85.7055892944336,92.25863647460938,77.45213317871094,170.6199951171875,67.70011901855469
2023-02-22,383.10272216796875,180.99224853515625,63.41847229003906,36.208499908447266,89.6275405883789,85.85836791992188,92.52094268798828,76.75187683105469,169.66000366210938,67.5986557006836
2023-02-23,385.140625,182.28274536132812,63.745330810546875,36.384944915771484,90.50337982177734,86.19091796875,93.24658966064453,77.32804107666016,169.57000732421875,67.51563262939453
2023-02-24,381.02630615234375,180.57815551757812,62.68306350708008,35.56772232055664,89.3267593383789,85.66963195800781,92.5471420288086,75.97186279296875,168.35000610351562,67.06368255615234
2023-02-27,382.3240966796875,181.2137451171875,63.42756271362305,35.753456115722656,89.574462890625,85.93029022216797,92.57335662841797,76.08709716796875,169.00999450683594,66.9898910522461
2023-02-28,380.9110412597656,181.22340393066406,62.96451950073242,35.50271224975586,89.98139190673828,86.06512451171875,92.60834503173828,75.98072814941406,169.77999877929688,66.43648529052734
2023-03-01,379.4498596191406,181.4545135498047,63.300445556640625,36.26422119140625,89.01473236083984,85.37702178955078,92.031005859375,75.02342987060547,170.75999450683594,65.94764709472656
2023-03-02,382.4009094238281,181.8878936767578,63.42756271362305,36.394229888916016,88.22544860839844,85.02582550048828,92.10999298095703,75.90095520019531,170.66000366210938,66.85154724121094
2023-03-03,388.5338134765625,184.420654296875,64.35364532470703,36.71926498413086,90.3627700805664,85.71026611328125,93.15411376953125,77.05326080322266,172.49000549316406,66.90689086914062
2023-03-06,388.80303955078125,181.7241973876953,64.19022369384766,36.58925247192383,89.66214752197266,85.5571517944336,92.89965057373047,76.75187683105469,171.6199951171875,67.08214569091797
2023-03-07,382.8431701660156,179.61512756347656,63.118858337402344,35.97633743286133,90.21199798583984,85.56615447998047,92.63645935058594,74.96138763427734,168.6199951171875,66.41804504394531
2023-03-08,383.4679870605469,179.7018280029297,63.46388244628906,36.12491989135742,90.3006820678711,85.53911590576172,92.48728942871094,75.82117462158203,168.5399932861328,66.52872467041016
2023-03-09,376.3930358886719,174.70367431640625,63.000831604003906,35.32627487182617,90.52240753173828,86.07049560546875,92.3995361328125,74.08387756347656,170.1999969482422,65.9107666015625
2023-03-10,370.9619140625,169.66700744628906,62.328975677490234,35.140541076660156,93.64417266845703,87.65556335449219,93.72442626953125,71.62859344482422,173.8699951171875,65.58793640136719
2023-03-13,370.4332275390625,166.9031219482422,61.90224838256836,35.19625473022461,93.85702514648438,88.71824645996094,93.80338287353516,72.56816101074219,177.86000061035156,65.91998291015625
2023-03-14,376.5564880371094,169.9944610595703,62.728450775146484,35.21482849121094,92.31387329101562,87.88069152832031,93.52262115478516,73.26840209960938,176.8300018310547,66.51949310302734
2023-03-15,374.20135498046875,167.1920166015625,60.785499572753906,34.611202239990234,94.0964584350586,89.15054321289062,94.41756439208984,73.2152099609375,178.2100067138672,66.95301055908203
2023-03-16,380.7668151855469,169.47439575195312,61.729740142822266,35.140541076660156,93.36035919189453,88.3490219116211,94.27719116210938,73.0556640625,178.57000732421875,66.99913024902344
2023-03-17,376.3146667480469,164.89999389648438,60.99432373046875,34.92694854736328,94.76163482666016,89.39373016357422,94.7509765625,71.39813995361328,183.77000427246094,66.51028442382812
2023-03-20,379.9331359863281,167.0379180908203,61.94765090942383,35.05696105957031,93.92793273925781,89.03347778320312,94.47019958496094,72.2136001586914,183.83999633789062,67.43241882324219
2023-03-21,384.921875,170.11961364746094,62.882808685302734,35.37270736694336,93.12092590332031,88.25894165039062,94.92646789550781,71.89451599121094,180.3699951171875,67.37682342529297
2023-03-22,378.3602600097656,165.2948455810547,62.6649055480957,35.512001037597656,94.36250305175781,89.42073059082031,95.4792251586914,69.20877075195312,183.44000244140625,66.755859375
2023-03-23,379.38311767578125,164.56121826171875,62.673980712890625,36.00419616699219,94.36250305175781,89.9340591430664,95.751220703125,68.7744369506836,185.74000549316406,66.49637603759766
2023-03-24,381.87261962890625,166.0497589111328,62.48332595825195,35.911319732666016,94.76163482666016,89.96106719970703,96.04953002929688,70.53811645507812,183.64999389648438,67.62703704833984
2023-03-27,382.5866394042969,167.89593505859375,63.07347869873047,35.71630859375,92.53559875488281,88.85334777832031,94.90016174316406,70.45751953125,181.9499969482422,67.98849487304688
2023-03-28,381.7278747558594,167.65428161621094,63.100704193115234,36.227073669433594,92.70407104492188,88.79931640625,94.74220275878906,70.28743743896484,183.44000244140625,68.10897827148438
2023-03-29,387.27630615234375,169.55845642089844,63.86335754394531,36.329227447509766,92.5178451538086,88.64620971679688,95.180908203125,71.84519958496094,182.52999877929688,68.48895263671875
2023-03-30,389.5438537597656,169.3264617919922,64.60787200927734,36.691402435302734,92.94353485107422,88.78131103515625,95.3125228881836,72.78523254394531,184.17999267578125,68.68356323242188
2023-03-31,395.0342712402344,172.4388885498047,64.9347152709961,36.64497375488281,94.33594512939453,89.26762390136719,96.17234802246094,74.34300231933594,183.22000122070312,69.2396469116211
2023-04-03,396.53961181640625,172.51622009277344,65.45222473144531,36.71926498413086,94.77957153320312,89.68817138671875,96.75326538085938,73.75212860107422,184.5399932861328,69.60108947753906
2023-04-04,394.339599609375,169.4907989501953,65.4613037109375,36.71926498413086,95.25080871582031,90.26566314697266,96.87649536132812,73.65363311767578,187.97999572753906,69.46206665039062
2023-04-05,393.3071594238281,167.82827758789062,65.0073471069336,36.43138122558594,96.24662780761719,90.64468383789062,97.19332122802734,73.25971984863281,187.8300018310547,69.78644561767578
2023-04-06,394.8413391113281,168.07957458496094,65.31604766845703,36.5799560546875,96.4955825805664,90.6717300415039,97.10533905029297,73.76107025146484,186.49000549316406,69.84204864501953
2023-04-10,395.2466125488281,169.87742614746094,65.2706527709961,36.61711502075195,94.93964385986328,89.7784194946289,96.65642547607422,74.10127258300781,185.11000061035156,69.84204864501953
2023-04-11,395.3527526855469,171.22097778320312,65.4885482788086,36.83998489379883,95.1352310180664,89.74227905273438,96.63004302978516,74.41463470458984,186.27999877929688,70.04593658447266
2023-04-12,393.7413330078125,169.96441650390625,65.90619659423828,36.5799560546875,95.03742218017578,90.00396728515625,96.42761993408203,74.05651092529297,187.19000244140625,69.7308349609375
2023-04-13,398.97125244140625,172.216552734375,66.75054931640625,37.08143997192383,94.29058074951172,89.7061767578125,96.59484100341797,73.83271026611328,189.72000122070312,70.12007904052734
2023-04-14,397.9967346191406,170.61204528808594,66.47819519042969,36.88642120361328,93.42813110351562,89.26400756835938,96.27798461914062,72.68677520751953,186.36000061035156,69.67523956298828
2023-04-17,399.4248046875,172.8061981201172,66.36015319824219,37.04429626464844,92.3167495727539,88.6955337524414,95.67066955566406,74.19974517822266,185.52999877929688,70.12007904052734
2023-04-18,399.685302734375,172.07156372070312,66.72332000732422,36.997859954833984,92.64573669433594,88.83989715576172,95.98755645751953,74.02965545654297,186.25,70.3332290649414
2023-04-19,399.61785888671875,172.2938690185547,66.51451110839844,36.62639617919922,92.55679321289062,88.65040588378906,95.51225280761719,74.46832275390625,185.36000061035156,70.28689575195312
2023-04-20,397.4369812011719,171.40463256835938,66.51451110839844,36.570674896240234,93.3481216430664,89.16473388671875,95.8731460571289,73.7342300415039,186.08999633789062,70.45372772216797
2023-04-21,397.7458190917969,171.62693786621094,66.8504409790039,36.227073669433594,92.82355499267578,88.94816589355469,95.93473815917969,73.74317932128906,184.25,70.96345520019531
2023-04-24,398.16070556640625,171.5109405517578,67.02294158935547,36.14349365234375,93.72154235839844,89.38133239746094,96.35722351074219,73.46563720703125,184.80999755859375,71.2507553100586
2023-04-25,391.84039306640625,167.2772979736328,66.08778381347656,35.46556854248047,95.09967803955078,90.26566314697266,96.77967071533203,72.7404556274414,185.75,71.15807342529297
2023-04-26,390.18072509765625,165.66310119628906,66.0423812866211,35.66987609863281,94.08607482910156,89.91371154785156,96.35722351074219,72.04216003417969,184.74000549316406,70.60201263427734
2023-04-27,397.9485168457031,167.8765869140625,66.86859893798828,36.15277862548828,93.15251159667969,89.32718658447266,96.0051498413086,73.67155456542969,184.75,71.3897705078125
2023-04-28,401.34503173828125,169.34580993652344,66.84135437011719,36.33851623535156,94.65511322021484,89.99497985839844,96.75326538085938,74.57577514648438,184.8000030517578,71.7697525024414
2023-05-01,400.93975830078125,169.44247436523438,66.74148559570312,36.21778106689453,91.9258041381836,88.93572235107422,95.1919174194336,74.02069854736328,183.97000122070312,71.82535552978516
2023-05-02,396.4334716796875,165.9627685546875,66.06961822509766,35.864891052246094,94.21658325195312,90.09355163574219,96.33995056152344,72.76732635498047,187.52000427246094,71.63072967529297
2023-05-03,393.71234130859375,166.57171630859375,66.24212646484375,35.80917739868164,94.74246978759766,90.68150329589844,96.49893188476562,72.48084259033203,189.11000061035156,71.046875
2023-05-04,390.9237365722656,164.7061767578125,66.10594940185547,36.09706115722656,93.80655670166016,90.66341400146484,96.2339859008789,73.08065795898438,190.44000244140625,70.87077331542969
2023-05-05,398.16070556640625,168.62086486816406,67.07740783691406,36.5799560546875,93.49456787109375,90.1749496459961,95.854248046875,74.29823303222656,187.4600067138672,71.52877807617188
2023-05-08,398.266845703125,168.23423767089844,67.0955810546875,36.59853744506836,92.18427276611328,89.62319946289062,95.1653823852539,73.8685073852539,187.69000244140625,71.31562805175781
2023-05-09,396.5203552246094,167.73159790039062,66.82319641113281,36.37565612792969,91.85446166992188,89.51461791992188,95.13009643554688,73.55516815185547,189.02000427246094,71.09320831298828
2023-05-10,398.373046875,168.5821990966797,66.68701934814453,36.357086181640625,92.74583435058594,90.1839828491211,95.8807373046875,74.2624282836914,188.75,70.98197937011719
2023-05-11,397.6783447265625,167.28700256347656,66.5235824584961,36.227073669433594,93.726318359375,90.5186996459961,96.25164794921875,73.4477310180664,187.1300048828125,71.19514465332031
2023-05-12,397.1571960449219,166.9486846923828,66.40554809570312,35.79988479614258,92.94192504882812,89.97595977783203,95.65995788574219,73.43878173828125,186.80999755859375,71.47318267822266
2023-05-15,398.5274353027344,168.98814392089844,66.91397857666016,36.45923614501953,91.97927856445312,89.7769546508789,95.1477279663086,73.31343841552734,187.2100067138672,71.2970962524414
2023-05-16,395.86419677734375,166.5233917236328,66.2784423828125,36.1992073059082,91.70294189453125,89.48749542236328,94.67083740234375,71.47815704345703,184.8699951171875,70.69468688964844
2023-05-17,400.6695861816406,170.2350616455078,66.58712768554688,36.366371154785156,91.43553924560547,89.19804382324219,94.66204071044922,72.44503021240234,184.22999572753906,70.65760803222656
2023-05-18,404.5292663574219,171.26930236816406,66.48726654052734,36.17135238647461,90.75811767578125,88.64624786376953,94.2646255493164,72.09588623046875,181.83999633789062,70.31470489501953
2023-05-19,403.940673828125,170.22540283203125,66.87767028808594,36.1992073059082,90.1163101196289,88.31156921386719,94.14981842041016,71.9794921875,183.63999938964844,70.36105346679688
2023-05-22,404.1047058105469,172.30355834960938,66.89583587646484,36.49638366699219,89.79544067382812,88.14877319335938,94.1144790649414,72.41817474365234,183.2100067138672,69.29524993896484
2023-05-23,399.56951904296875,171.4916229248047,65.9152603149414,35.929901123046875,90.05393981933594,88.2934799194336,94.30876159667969,71.73776245117188,183.42999267578125,68.78551483154297
2023-05-24,396.67474365234375,169.6744384765625,64.95287322998047,35.66059112548828,89.60823822021484,88.06733703613281,93.9378662109375,70.19790649414062,181.9499969482422,68.34066009521484
2023-05-25,400.10992431640625,168.3502197265625,64.8620834350586,35.58629608154297,89.38542175292969,87.51556396484375,93.6287612915039,70.18896484375,180.1999969482422,67.82167053222656
2023-05-26,405.2916259765625,170.2640838623047,65.49761962890625,36.21778106689453,90.10741424560547,87.67839050292969,94.02619171142578,70.99469757080078,180.9199981689453,68.0533676147461
2023-05-30,405.44598388671875,169.6357879638672,64.83484649658203,35.79988479614258,91.00769805908203,88.36583709716797,94.73267364501953,71.26327514648438,182.0399932861328,67.27486419677734
2023-05-31,403.19769287109375,167.96359252929688,64.16297912597656,35.46556854248047,91.80099487304688,88.70051574707031,95.04178619384766,71.62138366699219,182.32000732421875,67.34900665283203
2023-06-01,407.0284729003906,169.78077697753906,65.11630249023438,36.09706115722656,92.16116333007812,88.94715881347656,95.33329010009766,71.63033294677734,183.75999450683594,67.29341125488281
2023-06-02,412.9145812988281,175.9379119873047,65.9606704711914,36.71926498413086,91.15122985839844,88.23994445800781,95.0763168334961,73.37611389160156,181.0500030517578,68.2201919555664
2023-06-05,412.12335205078125,173.57945251464844,65.57933807373047,36.70997619628906,90.98143005371094,88.21273040771484,94.87255096435547,72.86581420898438,182.13999938964844,67.9699478149414
2023-06-06,413.02069091796875,178.1514129638672,66.12409210205078,37.035011291503906,91.51769256591797,88.2671127319336,95.05860137939453,73.5641098022461,182.33999633789062,67.62703704833984
2023-06-07,411.5925598144531,181.48468017578125,65.54254150390625,36.87590026855469,90.15922546386719,87.62338256835938,94.20806121826172,74.91597747802734,180.14999389648438,67.40461730957031
2023-06-08,414.0821533203125,180.80621337890625,66.23596954345703,37.137962341308594,91.21380615234375,88.21273040771484,94.83712768554688,74.45043182373047,182.52999877929688,67.8680191040039
2023-06-09,414.8251647949219,179.3426055908203,66.1250228881836,37.30643081665039,91.08868408203125,87.89537811279297,94.58905029296875,74.02069854736328,182.0399932861328,67.75679779052734
2023-06-12,418.5884094238281,180.08895874023438,66.41163635253906,37.38130187988281,91.35681915283203,88.04045104980469,94.89027404785156,74.0385971069336,181.8800048828125,67.73825073242188
2023-06-13,421.34808349609375,182.15345764160156,67.04034423828125,37.75568389892578,90.45414733886719,87.41483306884766,94.4649887084961,74.51309204101562,180.5399932861328,68.01628875732422
2023-06-14,421.849853515625,180.19561767578125,67.28997039794922,38.03646469116211,91.17804718017578,87.53271484375,94.75735473632812,74.7906265258789,180.63999938964844,68.433349609375
2023-06-15,427.0798034667969,181.67857360839844,68.00189971923828,38.39211654663086,92.05390930175781,88.21273040771484,95.58135223388672,75.1845474243164,181.91000366210938,69.11917114257812
2023-06-16,425.6250915527344,180.2246551513672,67.85396575927734,38.261085510253906,91.69646453857422,87.8319091796875,95.41299438476562,75.1308364868164,181.6300048828125,69.20256805419922
2023-06-20,423.4168701171875,179.43955993652344,66.9571304321289,37.51233673095703,92.3309555053711,88.0948486328125,95.75852966308594,74.24452209472656,179.75,68.67616271972656
2023-06-21,421.2473449707031,179.0227508544922,67.058837890625,37.33450698852539,92.55439758300781,88.17646026611328,95.65221405029297,73.79688262939453,179.49000549316406,68.9188232421875
2023-06-22,422.7679748535156,177.6948699951172,66.64278411865234,37.20347595214844,91.437255859375,87.67778778076172,95.15608215332031,72.7404556274414,177.7100067138672,69.3201675415039
2023-06-23,419.57183837890625,175.0197296142578,65.60726928710938,36.6606330871582,92.34886169433594,88.04045104980469,95.421875,71.73776245117188,178.1999969482422,68.86283111572266
2023-06-26,417.8575744628906,175.19418334960938,65.69048309326172,36.78230667114258,92.44715118408203,88.25806427001953,95.52818298339844,73.39402770996094,178.50999450683594,68.95616149902344
2023-06-27,422.43865966796875,177.72396850585938,66.26370239257812,37.156681060791016,92.20585632324219,87.94979858398438,95.421875,74.29823303222656,177.69000244140625,69.16150665283203
2023-06-28,422.65167236328125,178.59629821777344,66.30992889404297,36.93205642700195,92.59910583496094,88.30341339111328,95.83829498291016,74.40567779541016,177.27999877929688,68.69482421875
2023-06-29,424.3175354003906,180.65113830566406,66.21747589111328,36.73550796508789,90.9278335571289,87.39669036865234,95.11177825927734,75.23680114746094,177.08999633789062,68.6294937133789
2023-06-30,429.3248291015625,181.51377868652344,67.03109741210938,37.02565383911133,92.00029754638672,87.58709716796875,95.81170654296875,75.65328216552734,178.27000427246094,69.22684478759766
2023-07-03,429.81878662109375,181.882080078125,66.9571304321289,37.437461853027344,91.47874450683594,87.20720672607422,95.54326629638672,76.39569091796875,178.47000122070312,69.76818084716797
2023-07-05,429.1795959472656,180.06956481933594,66.2082290649414,37.21283721923828,90.60946655273438,86.78910827636719,94.85884857177734,76.56771087646484,177.83999633789062,69.64683532714844
2023-07-06,425.81878662109375,177.16177368164062,65.06178283691406,36.45472717285156,89.3279800415039,86.08019256591797,93.89888763427734,75.97920989990234,177.30999755859375,69.46951293945312
2023-07-07,424.74371337890625,179.032470703125,65.55178833007812,36.866539001464844,88.790283203125,85.97109985351562,93.80999755859375,75.80719757080078,178.63999938964844,68.56416320800781
2023-07-10,425.81878662109375,182.09530639648438,65.73670959472656,36.894615173339844,88.90679168701172,86.41647338867188,94.29886627197266,76.13311767578125,178.77999877929688,68.54548645019531
2023-07-11,428.5306396484375,183.96600341796875,66.32843017578125,37.26899337768555,89.36381530761719,86.59823608398438,94.74329376220703,77.2195816040039,179.4499969482422,68.64815521240234
2023-07-12,431.97857666015625,185.97239685058594,67.59508514404297,38.10197067260742,90.3585433959961,87.4435043334961,95.57882690429688,77.63605499267578,181.8800048828125,68.80683135986328
2023-07-13,435.4071960449219,187.47474670410156,68.67682647705078,38.598018646240234,91.30844116210938,88.17061614990234,96.25435638427734,78.1340103149414,182.00999450683594,69.0961685180664
2023-07-14,435.1359558105469,185.642822265625,68.28851318359375,38.382755279541016,90.77078247070312,87.7343521118164,95.5077133178711,77.9801025390625,181.42999267578125,69.32951354980469
2023-07-17,436.6468505859375,187.6298065185547,68.20528411865234,38.4295539855957,90.81558990478516,87.87976837158203,95.66771697998047,77.47308349609375,181.55999755859375,69.12417602539062
2023-07-18,439.8913879394531,189.9463653564453,68.64909362792969,38.148773193359375,91.2278060913086,87.979736328125,95.9076919555664,77.04756927490234,183.63999938964844,69.04950714111328
2023-07-19,440.86956787109375,190.7508544921875,68.61210632324219,38.07389831542969,92.25836181640625,88.27965545654297,96.44989776611328,77.91671752929688,183.6699981689453,69.74951171875
2023-07-20,437.9446105957031,189.08370971679688,68.2607650756836,37.79311752319336,91.1382064819336,87.57982635498047,95.80106353759766,77.6632080078125,182.74000549316406,70.34687042236328
2023-07-21,437.9446105957031,188.48275756835938,68.39945220947266,37.736961364746094,91.16507720947266,87.65255737304688,95.96991729736328,78.0253677368164,182.17999267578125,70.58953857421875
2023-07-24,439.9010314941406,188.94802856445312,68.2330322265625,38.25172805786133,90.83349609375,87.4435043334961,95.85437774658203,78.6681900024414,181.39999389648438,70.86019897460938
2023-07-25,441.10205078125,188.9286346435547,68.30699157714844,38.5699462890625,90.66323852539062,87.27989959716797,95.7032470703125,78.10684204101562,182.41000366210938,70.84153747558594
2023-07-26,441.1698303222656,190.42127990722656,68.4919204711914,38.79457092285156,90.75285339355469,87.57982635498047,96.14768981933594,78.45994567871094,183.3000030517578,70.925537109375
2023-07-27,438.244873046875,187.95938110351562,68.33473205566406,38.317237854003906,88.98743438720703,86.6255111694336,94.97441864013672,76.75782775878906,180.4199981689453,70.3001937866211
2023-07-28,442.5354309082031,190.3922119140625,68.82476043701172,39.24381637573242,89.44448852539062,86.90727233886719,95.59659576416016,76.6944580078125,181.86000061035156,71.02821350097656
2023-07-31,443.3780212402344,192.60214233398438,68.84324645996094,39.26253890991211,89.65956115722656,87.01630401611328,95.8632583618164,77.19242095947266,182.35000610351562,70.7015380859375
2023-08-01,442.1092834472656,191.72010803222656,67.9833984375,38.76648712158203,88.19032287597656,86.50788879394531,94.90801239013672,77.06566619873047,180.4600067138672,70.31884765625
2023-08-02,435.95916748046875,189.11277770996094,66.71674346923828,37.83991622924805,87.24676513671875,86.33474731445312,94.32828521728516,76.62201690673828,179.60000610351562,70.57086181640625
2023-08-03,434.7098083496094,188.57969665527344,66.53182983398438,37.98965835571289,85.23385620117188,85.69694519042969,93.48095703125,75.78909301757812,179.5399932861328,70.37486267089844
2023-08-04,432.74365234375,188.2017059326172,66.71674346923828,37.942867279052734,86.74353790283203,86.6081314086914,94.45315551757812,75.17342376708984,180.19000244140625,69.67484283447266
2023-08-07,436.5209045410156,188.3276824951172,67.28072357177734,37.8867073059082,85.88986206054688,86.39855194091797,94.22125244140625,76.11500549316406,179.77999877929688,70.24418640136719
2023-08-08,434.62261962890625,187.1451873779297,66.87391662597656,37.428104400634766,86.88731384277344,86.83592987060547,94.59587860107422,75.62611389160156,178.63999938964844,69.74018096923828
2023-08-09,431.7170715332031,185.68162536621094,66.85543060302734,37.521697998046875,87.33660888671875,86.89059448242188,94.6850357055664,75.6170425415039,177.7899932861328,69.84284210205078
2023-08-10,431.87200927734375,184.8577117919922,67.14204406738281,37.57785415649414,85.89883422851562,86.22540283203125,94.01611328125,75.32734680175781,177.60000610351562,69.70283508300781
2023-08-11,431.62017822265625,185.11941528320312,66.68901062011719,37.02565383911133,85.70117950439453,85.76982879638672,93.69503021240234,75.44503784179688,177.60000610351562,69.81485748291016
2023-08-14,434.0027770996094,184.79957580566406,66.39315032958984,36.84782028198242,85.51243591308594,85.63316345214844,93.65937042236328,74.94708251953125,177.05999755859375,69.46951293945312
2023-08-15,428.94708251953125,182.35702514648438,65.57028198242188,36.42665100097656,84.9912338256836,85.46914672851562,93.16880798339844,74.1050796508789,176.58999633789062,68.72282409667969
2023-08-16,425.7994384765625,180.1277313232422,65.0340347290039,36.09906768798828,84.32625579833984,85.14112854003906,92.74961853027344,73.19065856933594,175.57000732421875,68.56416320800781
2023-08-17,422.55487060546875,178.0050506591797,64.57174682617188,36.18330383300781,83.966796875,85.03177642822266,92.49986267089844,72.60216522216797,175.3000030517578,67.9014663696289
2023-08-18,422.7582702636719,178.9742889404297,64.57174682617188,35.939964294433594,84.26333618164062,85.28690338134766,92.84770965576172,72.82849884033203,175.3300018310547,68.1534652709961
2023-08-21,425.50885009765625,178.7126007080078,64.81214141845703,36.024200439453125,83.14009857177734,84.7584228515625,92.29473114013672,72.15851593017578,175.80999755859375,67.69612884521484
2023-08-22,424.35626220703125,178.17950439453125,64.69194030761719,35.94932174682617,83.77811431884766,84.79486083984375,92.58014678955078,72.36676788330078,176.10000610351562,67.3134765625
2023-08-23,429.08270263671875,180.0792694091797,65.39460754394531,36.52024841308594,85.8539047241211,85.71515655517578,93.88233947753906,73.5075454711914,177.88999938964844,67.76146697998047
2023-08-24,423.1360168457031,177.58827209472656,64.49778747558594,36.379852294921875,85.28779602050781,85.39623260498047,93.56123352050781,73.22687530517578,177.85000610351562,67.22013092041016
2023-08-25,426.1190490722656,178.34429931640625,64.93232727050781,36.417293548583984,85.56633758544922,85.36891174316406,93.61475372314453,73.28118896484375,177.6199951171875,67.59345245361328
2023-08-28,428.8211975097656,179.93386840820312,65.61651611328125,36.772945404052734,85.65621948242188,85.60579681396484,93.90907287597656,73.9692611694336,178.1300048828125,67.9014663696289
2023-08-29,435.01971435546875,182.4442596435547,66.43012237548828,37.24091720581055,86.54586791992188,86.21630096435547,94.6583251953125,74.8656005859375,179.8699951171875,68.14414978027344
2023-08-30,436.8115234375,183.13241577148438,66.39315032958984,37.11924743652344,86.45597839355469,86.20719146728516,94.52449035644531,75.13720703125,180.32000732421875,68.25614929199219
2023-08-31,436.1722412109375,182.8125762939453,66.13426208496094,36.6606330871582,86.84239959716797,86.38033294677734,94.6850357055664,74.58493041992188,180.02000427246094,67.91082763671875
2023-09-01,436.98583984375,184.9837188720703,66.09727478027344,37.091163635253906,85.48950958251953,85.85232543945312,94.01103210449219,74.71168518066406,180.11000061035156,67.3321533203125
2023-09-05,435.0971984863281,181.08729553222656,65.52405548095703,36.79166793823242,84.29078674316406,85.33160400390625,93.33970642089844,73.842529296875,178.63999938964844,66.75345611572266
2023-09-06,432.1722412109375,180.40882873535156,65.38536834716797,36.585758209228516,84.4980697631836,85.11235809326172,93.25023651123047,73.6886215209961,177.8300018310547,66.67878723144531
2023-09-07,430.8454284667969,178.66412353515625,65.17272186279297,36.15522766113281,84.73239135742188,85.40467071533203,93.66197204589844,74.15034484863281,178.02000427246094,66.83744812011719
2023-09-08,431.4942932128906,178.26675415039062,65.08026123046875,36.2301025390625,85.05690002441406,85.42296600341797,93.73356628417969,73.86064147949219,178.0800018310547,66.92145538330078
2023-09-11,434.3320617675781,178.6932373046875,65.75519561767578,36.679351806640625,84.44400024414062,85.27677917480469,93.55455780029297,73.86968231201172,178.41000366210938,67.50012969970703
2023-09-12,431.94952392578125,178.5187530517578,65.487060546875,36.567039489746094,84.93070220947266,85.39556884765625,93.52769470214844,73.8334732055664,177.49000549316406,66.92145538330078
2023-09-13,432.4530944824219,177.34593200683594,65.2836685180664,36.52024841308594,84.91268157958984,85.49605560302734,93.73356628417969,73.0276870727539,177.0800018310547,67.12679290771484
2023-09-14,436.18194580078125,179.8466339111328,66.14351654052734,36.76358413696289,84.2997817993164,85.30419921875,93.56350708007812,74.34953308105469,177.1699981689453,67.80814361572266
2023-09-15,430.92669677734375,177.96627807617188,65.99556732177734,36.623199462890625,83.7860336303711,85.0392837524414,93.4202880859375,74.0688705444336,178.33999633789062,67.24813079833984
2023-09-18,431.1793518066406,176.78378295898438,65.76444244384766,36.57640075683594,84.26372528076172,85.12147521972656,93.59929656982422,73.40794372558594,179.38999938964844,67.2246322631836
2023-09-19,430.2851867675781,176.09556579589844,65.8199234008789,36.36113357543945,83.641845703125,84.81089782714844,93.28601837158203,73.07295989990234,179.22000122070312,67.06488800048828
2023-09-20,426.3294372558594,174.33152770996094,65.6627426147461,36.21138000488281,83.9031982421875,84.74695587158203,93.32184600830078,73.13633728027344,179.35000610351562,67.13067626953125
2023-09-21,419.2829284667969,171.6272735595703,64.57174682617188,35.58430480957031,81.74903869628906,84.11662292480469,92.38197326660156,70.64653778076172,178.0500030517578,66.26615905761719
2023-09-22,418.3401184082031,171.23960876464844,64.62722778320312,36.00547790527344,82.40703582763672,84.44549560546875,92.94587707519531,70.11236572265625,178.6199951171875,65.90908813476562
2023-09-25,420.0993347167969,172.0052947998047,64.34060668945312,35.84636688232422,80.37908935546875,83.82430267333984,92.04185485839844,70.04900360107422,177.6999969482422,65.67415618896484
2023-09-26,413.9275817871094,169.7937774658203,63.50850296020508,35.34096145629883,80.09966278076172,83.79689025878906,91.78227233886719,68.77240753173828,176.27999877929688,65.18553924560547
2023-09-27,414.0927429199219,171.38111877441406,63.3882942199707,35.39711380004883,79.68505859375,83.4223403930664,91.3526382446289,68.31066131591797,174.10000610351562,64.6499252319336
2023-09-28,416.4934387207031,172.929443359375,63.90605926513672,35.4907112121582,79.92842102050781,83.65074920654297,91.51374053955078,68.96614837646484,173.22999572753906,64.84725952148438
2023-09-29,415.4826354980469,172.11146545410156,63.721153259277344,35.51879119873047,79.93744659423828,83.66901397705078,91.31683349609375,69.16727447509766,171.4499969482422,64.65930938720703
2023-10-02,415.3174133300781,169.51138305664062,62.78733444213867,35.34096145629883,78.59928131103516,82.9903335571289,90.48025512695312,67.89655303955078,169.64999389648438,64.21765899658203
2023-10-03,409.7579040527344,166.65809631347656,62.00144577026367,34.872989654541016,76.90847778320312,82.30340576171875,89.43785095214844,66.57099151611328,169.16000366210938,63.75722122192383
2023-10-04,412.74176025390625,166.73602294921875,62.11239242553711,34.770042419433594,77.99348449707031,82.82546997070312,90.21964263916016,67.38460540771484,169.13999938964844,64.26465606689453
2023-10-05,412.58624267578125,166.8626251220703,62.657894134521484,34.90107727050781,77.60469818115234,82.98115539550781,90.11182403564453,67.7594223022461,168.8300018310547,62.99608612060547
2023-10-06,417.4847717285156,168.4694061279297,63.351314544677734,35.40647888183594,76.66436004638672,82.49571990966797,89.84223175048828,67.94225311279297,169.6999969482422,62.648406982421875
2023-10-09,420.1576843261719,169.44320678710938,63.25886535644531,35.23801040649414,78.46365356445312,83.5490493774414,90.95648193359375,68.6827392578125,172.82000732421875,62.70478439331055
2023-10-10,422.3445129394531,171.3616180419922,64.1279525756836,35.74341583251953,78.3551254272461,83.38416290283203,90.99244689941406,69.01184844970703,172.52999877929688,63.34376907348633
2023-10-11,424.0745544433594,171.0694580078125,64.39608001708984,35.968040466308594,79.99168395996094,83.84210205078125,91.54957580566406,70.20942687988281,173.7899932861328,62.9115104675293
2023-10-12,421.4892272949219,167.20343017578125,63.859832763671875,35.565582275390625,77.82169342041016,83.03611755371094,90.59705352783203,69.18553924560547,173.25999450683594,62.22553253173828
2023-10-13,419.38983154296875,165.8108673095703,63.26811218261719,35.4345588684082,79.21410369873047,83.56731414794922,91.10026550292969,69.01184844970703,178.8300018310547,62.770565032958984
2023-10-16,423.80242919921875,168.48887634277344,63.73040008544922,35.69662094116211,77.93921661376953,83.07273864746094,90.47125244140625,69.8346176147461,177.9600067138672,63.41893768310547
2023-10-17,423.782958984375,170.36831665039062,63.76737976074219,35.60302734375,77.08025360107422,82.25758361816406,89.75235748291016,69.73406219482422,178.2899932861328,63.691444396972656
2023-10-18,418.1360168457031,166.8626251220703,62.657894134521484,35.060184478759766,76.40214538574219,81.87290954589844,89.03349304199219,68.2530746459961,180.8699951171875,63.92636489868164
2023-10-19,414.46209716796875,164.20408630371094,62.10315704345703,34.85427474975586,74.83792114257812,81.46990966796875,88.31461334228516,66.63497161865234,183.08999633789062,63.45652389526367
2023-10-20,409.3691101074219,162.08120727539062,61.54840850830078,34.43310546875,75.26287841796875,81.9461898803711,88.66505432128906,66.18702697753906,183.58999633789062,63.21220397949219
2023-10-23,408.65966796875,160.70809936523438,61.594642639160156,34.405029296875,76.16703796386719,82.33087158203125,89.35699462890625,65.53794860839844,182.97000122070312,63.09004211425781
2023-10-24,411.7406921386719,162.11041259765625,61.945987701416016,34.84491729736328,77.17066955566406,82.47740936279297,89.8602066040039,66.37899017333984,182.9499969482422,63.625667572021484
2023-10-25,405.831298828125,159.43240356445312,61.50218200683594,34.38631057739258,75.45276641845703,81.75382995605469,89.04247283935547,64.95286560058594,183.72000122070312,63.841793060302734
2023-10-26,400.9715881347656,159.84141540527344,61.05839157104492,34.217838287353516,76.610107421875,82.37667083740234,89.68948364257812,66.1961669921875,184.00999450683594,63.42832946777344
2023-10-27,399.1541748046875,157.9619903564453,60.87347412109375,34.18975830078125,76.28459167480469,82.50489807128906,89.509765625,65.13570404052734,186.14999389648438,62.563846588134766
2023-10-30,403.9263610839844,158.83840942382812,61.65011215209961,34.54541778564453,75.94100952148438,82.23009490966797,89.24015045166016,65.54708862304688,185.10000610351562,63.54109573364258
2023-10-31,406.4631042480469,160.21148681640625,61.87202072143555,34.34886932373047,75.57032012939453,82.05609130859375,89.1143569946289,66.66239929199219,184.08999633789062,63.7666130065918
2023-11-01,410.79791259765625,161.12686157226562,62.45450210571289,34.66708755493164,77.20883178710938,83.0011978149414,90.38966369628906,67.07378387451172,183.50999450683594,63.70083999633789
2023-11-02,418.6706237792969,165.42135620117188,63.73040008544922,35.275447845458984,78.96893310546875,83.51551818847656,91.46293640136719,69.27696228027344,184.1199951171875,64.52775573730469
2023-11-03,422.49029541015625,169.92039489746094,64.40534210205078,35.996116638183594,79.50423431396484,84.15843200683594,91.91390228271484,70.931640625,184.7899932861328,64.60293579101562
2023-11-06,423.4622497558594,167.79745483398438,64.08172607421875,36.286258697509766,78.7330551147461,83.6716537475586,91.42687225341797,69.90775299072266,183.35000610351562,64.706298828125
2023-11-07,424.66741943359375,167.20343017578125,63.69341278076172,36.22074508666992,79.89435577392578,84.14925384521484,92.15742492675781,69.3318099975586,182.58999633789062,64.86605834960938
2023-11-08,424.9784240722656,165.42135620117188,63.61020278930664,35.97740173339844,81.2552719116211,84.48907470703125,92.62641143798828,69.56036376953125,180.77000427246094,64.61231994628906
2023-11-09,421.6641540527344,162.86026000976562,63.600948333740234,35.640464782714844,79.38629913330078,83.65328216552734,91.68841552734375,68.46333312988281,181.49000549316406,64.3492202758789
2023-11-10,428.2441101074219,164.68125915527344,63.8875732421875,35.893165588378906,79.83084869384766,83.74514770507812,92.14838409423828,69.103271484375,179.50999450683594,64.80026245117188
2023-11-13,427.8359375,164.73968505859375,64.05398559570312,35.88380432128906,79.64940643310547,83.69920349121094,92.15742492675781,68.5273208618164,180.50999450683594,65.00699615478516
2023-11-14,436.1362609863281,173.7864227294922,65.69048309326172,36.838462829589844,81.45487213134766,84.9574966430664,93.6004638671875,72.3303451538086,182.1199951171875,65.67415618896484
2023-11-15,437.05950927734375,174.08827209472656,65.5887680053711,37.14732360839844,80.31171417236328,84.29621887207031,93.11345672607422,72.54059600830078,181.63999938964844,66.20037841796875
2023-11-16,437.5941467285156,171.27398681640625,65.54254150390625,36.79166793823242,81.30970001220703,84.92994689941406,93.88006591796875,72.38520050048828,183.69000244140625,65.38286590576172
2023-11-17,438.138427734375,173.620849609375,66.43012237548828,36.838462829589844,81.69076538085938,84.98506164550781,94.15062713623047,72.3303451538086,183.6699981689453,65.29828643798828
2023-11-20,441.51104736328125,174.63363647460938,66.67975616455078,37.29706573486328,82.18974304199219,85.10445404052734,94.5294189453125,72.86056518554688,183.3699951171875,65.2513198852539
2023-11-21,440.5488586425781,172.3841094970703,66.42088317871094,37.063087463378906,82.15348052978516,85.21467590332031,94.55648040771484,72.3486328125,185.35000610351562,65.44863891601562
2023-11-22,442.2497253417969,173.4650421142578,66.57806396484375,36.98821258544922,82.44380187988281,85.18709564208984,94.93531799316406,72.70515441894531,184.55999755859375,65.9184799194336
2023-11-24,442.5218200683594,174.63363647460938,67.0865707397461,37.00693130493164,81.47299194335938,84.74625396728516,94.4482650756836,72.91542053222656,185.52000427246094,66.16280364990234
2023-11-27,441.724853515625,174.04934692382812,66.85543060302734,36.857177734375,82.83393096923828,85.38916778564453,95.21492004394531,73.18053436279297,186.77000427246094,65.97486114501953
2023-11-28,442.1622619628906,173.37741088867188,66.87391662597656,37.166038513183594,82.9972152709961,85.76576232910156,95.59371185302734,73.6650619506836,189.25999450683594,66.27556610107422
2023-11-29,441.8512268066406,174.2927703857422,67.01261138916016,36.95077896118164,84.04059600830078,86.21580505371094,96.36933898925781,74.177001953125,189.5399932861328,65.73993682861328
2023-11-30,443.5909729003906,174.95497131347656,66.9571304321289,37.02565383911133,83.06980895996094,85.79328918457031,95.86428833007812,74.71636199951172,188.75,66.39772033691406
2023-12-01,446.2152099609375,180.06747436523438,67.65979766845703,37.184757232666016,84.63434600830078,86.6027603149414,97.01849365234375,76.55387878417969,192.00999450683594,66.67022705078125
2023-12-04,443.87286376953125,181.99563598632812,67.13280487060547,36.76358413696289,84.297607421875,86.24362182617188,96.5749282836914,77.11152648925781,187.86000061035156,66.7547836303711
2023-12-05,443.785400390625,179.5611114501953,66.89240264892578,36.538963317871094,86.10880279541016,86.85140228271484,97.34439849853516,76.59957885742188,187.14999389648438,66.22858428955078
2023-12-06,441.99700927734375,179.23973083496094,67.09581756591797,36.492164611816406,87.25555419921875,87.21057891845703,97.7065200805664,76.37104034423828,187.83999633789062,66.05944061279297
2023-12-07,445.3695983886719,180.534912109375,67.41941833496094,36.66999435424805,86.7549819946289,87.0816421508789,97.71556091308594,76.5904541015625,188.14999389648438,66.34134674072266
2023-12-08,447.28436279296875,181.90798950195312,67.62281799316406,36.510887145996094,86.04507446289062,86.51988983154297,97.19051361083984,76.46245574951172,185.63999938964844,65.88090515136719
2023-12-11,449.0240478515625,182.28778076171875,67.78924560546875,36.72615051269531,85.8630599975586,86.52910614013672,97.16334533691406,76.67271423339844,183.58999633789062,66.51046752929688
2023-12-12,451.07489013671875,182.1027374267578,67.90943145751953,36.73550796508789,86.11790466308594,86.71328735351562,97.71556091308594,76.62700653076172,183.49000549316406,66.72660827636719
2023-12-13,457.2952575683594,188.2669677734375,68.89872741699219,37.100521087646484,88.1384048461914,88.00257873535156,99.35411834716797,79.56155395507812,187.6300048828125,67.93878936767578
2023-12-14,458.7629089355469,193.50611877441406,69.40724182128906,37.64337158203125,90.43116760253906,88.73410034179688,100.41072845458984,81.85614776611328,188.72999572753906,66.94273376464844
2023-12-15,458.00750732421875,191.87979125976562,68.7322998046875,37.41874313354492,90.53160858154297,88.66019439697266,100.26537322998047,80.70428466796875,187.0,66.94273376464844
2023-12-18,460.5838928222656,191.947998046875,68.89872741699219,37.400020599365234,89.81024932861328,88.46623229980469,99.84745025634766,80.52145385742188,187.85000610351562,67.63957977294922
2023-12-19,463.3846130371094,195.66795349121094,69.481201171875,37.71824264526367,90.294189453125,88.63247680664062,99.97465515136719,81.1339340209961,189.1300048828125,67.77213287353516
2023-12-20,456.9633483886719,191.8404998779297,68.78002166748047,37.03925323486328,90.90593719482422,89.06661224365234,100.23809814453125,80.1466293334961,188.10000610351562,66.4560775756836
2023-12-21,461.2962646484375,195.10498046875,69.89405059814453,37.735408782958984,90.33070373535156,88.92805480957031,100.20177459716797,80.85738372802734,189.42999267578125,66.92000579833984
2023-12-22,462.22332763671875,196.9228973388672,69.95958709716797,37.55421447753906,89.9198226928711,88.84493255615234,100.02915954589844,81.17203521728516,190.27000427246094,67.43128204345703
2023-12-26,464.1750793457031,199.48362731933594,70.27787780761719,37.8498420715332,90.17549133300781,88.90033721923828,100.23809814453125,81.7735824584961,191.72000122070312,67.71531677246094
2023-12-27,465.01434326171875,200.1873779296875,70.65234375,38.069175720214844,91.77337646484375,89.59308624267578,101.17391204833984,82.1715316772461,192.58999633789062,68.02776336669922
2023-12-28,465.19000244140625,199.42498779296875,70.46510314941406,38.364810943603516,91.10680389404297,89.25131225585938,100.91040802001953,82.75458526611328,191.47000122070312,68.05616760253906
2023-12-29,463.8432922363281,196.17034912109375,70.54000091552734,38.345733642578125,90.2850570678711,89.02964782714844,100.53794860839844,81.7735824584961,191.1699981689453,68.19818878173828
2024-01-02,461.2474365234375,195.0072479248047,69.75362396240234,37.897525787353516,89.76458740234375,88.69715881347656,99.85652923583984,82.47694396972656,190.72000122070312,68.96510314941406
2024-01-03,457.4805908203125,189.8075408935547,69.2293701171875,37.68772506713867,90.13898468017578,88.90958404541016,99.62940216064453,80.50570678710938,189.1300048828125,68.42542266845703
2024-01-04,456.00701904296875,189.43618774414062,69.38851165771484,37.563751220703125,88.76934814453125,88.37387084960938,99.07518768310547,80.35762786865234,189.32000732421875,68.33073425292969
2024-01-05,456.631591796875,188.87904357910156,69.43531799316406,37.61143493652344,87.92020416259766,88.05062866210938,98.72089385986328,80.15403747558594,189.35000610351562,68.17926788330078
2024-01-08,463.1504211425781,192.2803192138672,70.17488861083984,37.716339111328125,88.78761291503906,88.34616088867188,99.47496032714844,81.30159759521484,187.8699951171875,68.68106079101562
2024-01-09,462.44781494140625,190.5601348876953,69.54766845703125,37.18230056762695,88.22151947021484,88.30921173095703,99.64755249023438,80.75558471679688,187.92999267578125,68.8609619140625
2024-01-10,465.0631408691406,190.66766357421875,69.99701690673828,37.096473693847656,87.81060028076172,88.170654296875,99.52039337158203,80.84812927246094,187.5,68.71893310546875
2024-01-11,464.8582458496094,189.17227172851562,69.98766326904297,37.249053955078125,88.30366516113281,88.6417236328125,100.1199951171875,80.09850311279297,187.8699951171875,68.70946502685547
2024-01-12,465.1802062988281,188.85951232910156,70.27787780761719,37.38256072998047,88.13019561767578,88.88188171386719,100.33805084228516,80.57974243164062,189.7100067138672,68.92723083496094
2024-01-16,463.4724426269531,186.52354431152344,69.09831237792969,36.47660446166992,86.57794189453125,88.16143798828125,99.32050323486328,79.9874496459961,187.91000366210938,68.54851531982422
2024-01-17,460.8961486816406,185.19430541992188,68.4429931640625,35.93303298950195,86.44100189208984,87.8750991821289,99.11154174804688,78.52523040771484,185.83999633789062,68.50117492675781
2024-01-18,464.9948425292969,186.2889862060547,69.05149841308594,36.22866439819336,85.63749694824219,87.68113708496094,98.92076110839844,78.09950256347656,187.3699951171875,68.41596221923828
2024-01-19,470.79150390625,188.0775909423828,69.21063995361328,36.61011505126953,85.91142272949219,87.69037628173828,99.02066802978516,79.03422546386719,187.92999267578125,68.21712493896484
2024-01-22,471.78692626953125,192.0946502685547,69.42596435546875,36.2858772277832,86.4227523803711,87.9582290649414,99.2932357788086,79.5062026977539,187.22000122070312,67.8857421875
2024-01-23,473.1628723144531,191.5375213623047,69.2293701171875,36.600582122802734,85.73793029785156,87.73657989501953,98.9298324584961,78.96018981933594,187.9499969482422,68.62425994873047
2024-01-24,473.68011474609375,189.9639434814453,69.75362396240234,37.01064682006836,85.23574829101562,87.48719787597656,98.73905181884766,77.83112335205078,186.39999389648438,67.7815933227539
2024-01-25,476.2564392089844,191.5375213623047,69.95021057128906,37.058326721191406,85.79271697998047,87.8658676147461,99.3931884765625,78.83062744140625,187.13999938964844,68.43488311767578
2024-01-26,475.6513977050781,191.54730224609375,70.2591552734375,37.08693313598633,85.62834930419922,87.70884704589844,99.11154174804688,78.6085205078125,187.00999450683594,68.76628112792969
2024-01-29,479.4182434082031,194.8997344970703,70.67105865478516,37.10600662231445,86.61449432373047,88.23530578613281,99.52039337158203,79.12677001953125,188.3300018310547,69.1639404296875
2024-01-30,479.0473937988281,193.23817443847656,70.57744598388672,36.81037521362305,87.39974212646484,88.35539245605469,99.83836364746094,78.38640594482422,188.58999633789062,69.5521240234375
2024-01-31,471.2306823730469,188.51742553710938,70.2217025756836,36.61011505126953,88.25801849365234,89.09432220458984,100.09274291992188,77.63677978515625,188.4499969482422,69.04084014892578
2024-02-01,477.398193359375,191.01950073242188,70.91445922851562,36.96296310424805,89.98929595947266,89.6461410522461,100.86681365966797,79.0434799194336,190.41000366210938,70.45158386230469
2024-02-02,482.4239501953125,190.01283264160156,70.35276794433594,36.85805892944336,88.00155639648438,88.47953033447266,99.94596099853516,78.06249237060547,188.61000061035156,70.22434997558594
2024-02-05,480.6673583984375,187.5987091064453,69.97830200195312,36.90574264526367,86.22447967529297,87.61842346191406,98.9886245727539,76.4244384765625,187.57000732421875,69.788818359375
2024-02-06,482.0628967285156,189.28955078125,70.408935546875,37.74494552612305,87.06721496582031,88.09063720703125,99.54480743408203,77.45169067382812,188.5500030517578,69.94978332519531
2024-02-07,486.08349609375,188.84971618652344,70.3714828491211,37.792625427246094,86.64583587646484,87.9332275390625,99.25303649902344,77.34063720703125,188.5,69.88350677490234
2024-02-08,486.2981872558594,191.71347045898438,70.2497787475586,37.58282470703125,86.14203643798828,87.64620971679688,98.7424545288086,77.9699478149414,188.3300018310547,69.86457824707031
2024-02-09,489.1087341308594,194.831298828125,70.49319458007812,37.74494552612305,85.9679946899414,87.48878479003906,98.61480712890625,78.09025573730469,187.60000610351562,69.2207260131836
2024-02-12,488.8940124511719,198.36944580078125,70.6148910522461,38.04056930541992,86.06875610351562,87.57213592529297,98.6239242553711,78.10877227783203,187.11000061035156,69.71307373046875
2024-02-13,482.160400390625,190.20828247070312,69.52893829345703,37.325340270996094,84.59394836425781,86.60919952392578,97.53894805908203,76.49847412109375,184.52999877929688,68.96510314941406
2024-02-14,486.54217529296875,194.62606811523438,70.30596160888672,37.859378814697266,85.02449798583984,86.9332504272461,97.99481964111328,77.10002899169922,184.4199981689453,68.8325424194336
2024-02-15,489.8991394042969,199.81594848632812,71.10169219970703,38.04056930541992,85.4642105102539,87.17398071289062,98.35039520263672,78.8954086303711,185.66000366210938,69.27754211425781
2024-02-16,487.45947265625,197.0988311767578,71.21403503417969,38.22175979614258,84.96954345703125,86.79436492919922,97.99481964111328,78.08100891113281,186.33999633789062,69.38168334960938
2024-02-20,484.7757873535156,194.3817138671875,71.50424194335938,38.27898025512695,85.04280853271484,86.94251251220703,98.32305145263672,77.94217681884766,187.47000122070312,70.1107406616211
2024-02-21,485.2149353027344,193.46298217773438,71.5604248046875,38.345733642578125,84.43822479248047,86.66472625732422,98.0768814086914,78.37715148925781,187.47999572753906,70.36637115478516
2024-02-22,495.2566833496094,194.92904663085938,72.36551666259766,38.736724853515625,84.85044860839844,86.67400360107422,98.23186492919922,78.52523040771484,187.55999755859375,70.58413696289062
2024-02-23,495.5982666015625,195.36886596679688,72.45913696289062,38.7176513671875,85.98632049560547,87.0721206665039,98.52364349365234,78.48820495605469,188.6199951171875,70.80191040039062
2024-02-26,493.78314208984375,196.60035705566406,72.35616302490234,38.545997619628906,85.72982788085938,86.94251251220703,98.21363067626953,77.62752532958984,188.1999969482422,70.51786041259766
2024-02-27,494.7004699707031,199.3859100341797,72.5527572631836,38.62228775024414,85.125244140625,86.74805450439453,98.0768814086914,77.72008514404297,188.0,70.5273208618164
2024-02-28,494.046630859375,197.74391174316406,72.13148498535156,38.116859436035156,85.66570281982422,87.06287384033203,98.0677719116211,78.5067138671875,188.33999633789062,70.60307312011719
2024-02-29,495.82269287109375,199.12200927734375,72.31871032714844,38.13593673706055,86.27029418945312,87.23880767822266,98.158935546875,79.17304992675781,189.30999755859375,70.48945617675781
2024-03-01,500.4776306152344,201.233154296875,73.02083587646484,38.603214263916016,86.80784606933594,87.63707733154297,98.75648498535156,80.11701965332031,192.88999938964844,70.49893188476562
2024-03-04,499.9408874511719,201.04742431640625,72.8335952758789,38.51738739013672,86.45865631103516,87.44210052490234,98.5734634399414,80.86663818359375,196.00999450683594,70.55573272705078
2024-03-05,494.9444274902344,199.12200927734375,72.70254516601562,38.174076080322266,87.68995666503906,87.98055267333984,99.11335754394531,79.8856430053711,197.19000244140625,70.72615814208984
2024-03-06,497.45245361328125,200.60765075683594,73.56381225585938,38.7271842956543,88.20454406738281,88.19407653808594,99.37874603271484,80.28359985351562,198.80999755859375,71.32264709472656
2024-03-07,502.3903503417969,202.2789764404297,74.43444061279297,38.96560287475586,88.12183380126953,88.3426284790039,99.62580108642578,80.26509094238281,199.94000244140625,71.72977447509766
2024-03-08,499.3749084472656,202.15191650390625,74.1910400390625,38.927452087402344,87.96562957763672,88.40758514404297,99.76307678222656,81.1905517578125,201.6300048828125,71.16168975830078
2024-03-11,498.945556640625,200.54898071289062,73.76976013183594,39.01327896118164,87.919677734375,88.29621124267578,99.78137969970703,80.80184936523438,202.0,71.54986572265625
2024-03-12,504.3128967285156,200.2753143310547,74.35954284667969,39.442413330078125,87.18456268310547,87.93414306640625,99.46109008789062,80.62602233886719,199.7899932861328,71.91911315917969
2024-03-13,503.52239990234375,201.05726623535156,74.3689193725586,39.318443298339844,86.76189422607422,87.73919677734375,99.36044311523438,80.21881866455078,201.19000244140625,72.0990219116211
2024-03-14,502.5270080566406,197.46044921875,73.82594299316406,39.11818313598633,85.42950439453125,87.08931732177734,98.62837219238281,79.0157241821289,200.35000610351562,71.54039764404297
2024-03-15,499.0763244628906,197.83189392089844,73.8540267944336,38.8797721862793,85.40191650390625,86.9407958984375,98.65582275390625,78.83988189697266,199.7100067138672,71.51199340820312
2024-03-18,502.0424499511719,196.69808959960938,73.83529663085938,38.94652557373047,85.1446533203125,86.83869934082031,98.49108123779297,78.87690734863281,200.02999877929688,71.97171783447266
2024-03-19,504.8323059082031,197.52890014648438,73.96636199951172,38.75579833984375,85.38355255126953,87.08931732177734,98.77478790283203,78.84913635253906,199.8000030517578,72.23877716064453
2024-03-20,509.5016784667969,201.43841552734375,74.75273132324219,39.1944694519043,85.35596466064453,87.29356384277344,98.95780181884766,79.36740112304688,202.17999267578125,72.45814514160156
2024-03-21,511.1854553222656,203.75286865234375,74.71529388427734,39.24215316772461,85.53974914550781,87.30284881591797,99.10420989990234,79.9411849975586,201.97000122070312,72.49629211425781
2024-03-22,510.2163391113281,200.9406280517578,74.55613708496094,38.96560287475586,86.35758972167969,87.72990417480469,99.44279479980469,78.93500518798828,200.35000610351562,72.14339447021484
2024-03-25,508.8066711425781,201.4011688232422,74.3969955444336,38.994205474853516,85.92567443847656,87.497802734375,99.10420989990234,78.44966125488281,200.99000549316406,71.94310760498047
2024-03-26,507.866943359375,201.03863525390625,74.48124694824219,38.96560287475586,86.1645736694336,87.6277847290039,99.07675170898438,78.13230895996094,201.63999938964844,71.98125457763672
2024-03-27,512.1348876953125,205.41864013671875,74.93061065673828,39.032352447509766,87.0191879272461,87.96198272705078,99.76307678222656,80.14838409423828,203.10000610351562,72.73474884033203
2024-03-28,512.037109375,206.06532287597656,74.7621078491211,39.17539978027344,86.94568634033203,87.87844848632812,99.67157745361328,80.71774291992188,205.72000122070312,72.83011627197266
2024-04-01,511.14630126953125,204.1251983642578,74.44380187988281,39.24215316772461,85.32492065429688,87.08329010009766,98.71720123291016,79.3643569946289,207.82000732421875,72.2483139038086
2024-04-02,507.8963317871094,200.37232971191406,73.9195556640625,39.366127014160156,84.85472106933594,86.8970718383789,98.5702133178711,78.36565399169922,210.88999938964844,71.8763427734375
2024-04-03,508.4542236328125,201.6853485107422,74.33146667480469,39.39473342895508,84.8362808227539,86.99950408935547,98.634521484375,78.44966125488281,212.74000549316406,71.0846939086914
2024-04-04,502.248046875,199.6668243408203,73.69486999511719,39.25168991088867,85.44475555419922,87.29744720458984,98.74475860595703,77.94563293457031,211.52000427246094,70.77950286865234
2024-04-05,507.4948425292969,200.33311462402344,73.92891693115234,39.33751678466797,84.25543975830078,86.72016143798828,98.3130111694336,78.34698486328125,215.13999938964844,70.89396667480469
2024-04-08,507.7787170410156,201.4305877685547,74.29402160644531,39.595001220703125,84.2462387084961,86.52464294433594,98.30384826660156,79.18701171875,216.47999572753906,70.7890396118164
2024-04-09,508.3661804199219,202.22425842285156,74.2846450805664,39.86201477050781,85.02987670898438,86.86915588378906,98.8090591430664,80.24171447753906,217.6699981689453,71.13240814208984
2024-04-10,503.27587890625,196.88401794433594,73.30168151855469,39.318443298339844,83.17679595947266,85.71460723876953,97.40364074707031,76.91893005371094,215.61000061035156,70.87488555908203
2024-04-11,507.07403564453125,198.2166290283203,73.49827575683594,39.556854248046875,82.79878997802734,85.59357452392578,97.20156860351562,77.1802749633789,219.8000030517578,70.70320129394531
2024-04-12,500.0748291015625,194.68911743164062,72.3093490600586,38.65089797973633,83.24134063720703,85.94738006591797,97.42203521728516,76.26557159423828,216.88999938964844,69.98786926269531
2024-04-15,493.80987548828125,191.8377227783203,72.09403228759766,38.4029541015625,81.95063018798828,85.3980484008789,96.34732818603516,74.96818542480469,220.9499969482422,69.70174407958984
2024-04-16,492.90924072265625,191.13221740722656,71.38253784179688,37.897525787353516,81.40667724609375,85.06285858154297,96.02583312988281,73.91348266601562,221.22000122070312,69.73035430908203
2024-04-17,489.9920349121094,189.11367797851562,71.42935943603516,37.86891555786133,82.31017303466797,85.60286712646484,96.54942321777344,73.37212371826172,219.58999633789062,69.98786926269531
2024-04-18,488.9837951660156,188.9569091796875,71.23274993896484,38.02149963378906,81.89530944824219,85.3049545288086,96.35651397705078,73.3814697265625,220.33999633789062,70.31214904785156
2024-04-19,484.7157897949219,189.25086975097656,71.26084899902344,37.86891555786133,82.1903076171875,85.41667175292969,96.45755767822266,73.73613739013672,221.02999877929688,70.9988784790039
2024-04-22,489.1795959472656,191.36740112304688,72.09403228759766,38.27898025512695,82.05204010009766,85.42599487304688,96.69636535644531,74.38949584960938,215.57000732421875,71.67605590820312
2024-04-23,494.9844970703125,194.571533203125,72.88040924072266,38.59368133544922,82.0796890258789,85.5377197265625,96.8617172241211,75.07086181640625,215.0399932861328,71.8763427734375
2024-04-24,494.74957275390625,193.69944763183594,72.73998260498047,38.7271842956543,81.4988784790039,85.2770004272461,96.48507690429688,75.21086120605469,214.63999938964844,72.41998291015625
2024-04-25,492.87005615234375,192.5236053466797,72.40296936035156,38.81301498413086,80.92727661132812,84.95114135742188,96.20037078857422,74.78150939941406,215.9199981689453,72.2483139038086
2024-04-26,497.5394592285156,194.3657684326172,72.98339080810547,39.26122283935547,81.35136413574219,85.18390655517578,96.56778717041016,74.81885528564453,216.6199951171875,72.095703125
2024-04-29,499.301513671875,195.93356323242188,73.26424407958984,39.64268112182617,82.03360748291016,85.52840423583984,96.97193145751953,75.58422088623047,216.17999267578125,72.32461547851562
2024-04-30,491.39190673828125,191.9552764892578,72.3374252319336,39.08957290649414,81.33292388916016,85.1280288696289,96.43914794921875,74.30549621582031,211.8699951171875,72.0098648071289
2024-05-01,489.7962951660156,192.35702514648438,72.17829132080078,39.12771224975586,81.93244171142578,85.46517181396484,96.84033966064453,74.33350372314453,213.7899932861328,71.55205535888672
2024-05-02,494.3775939941406,195.89434814453125,73.15189361572266,40.13856887817383,82.28400421142578,85.86669921875,97.43975067138672,75.37886810302734,213.1300048828125,72.15294647216797
2024-05-03,500.5055847167969,197.83445739746094,73.8821029663086,40.50095748901367,83.11666107177734,86.34295654296875,98.12220001220703,75.88288116455078,212.9600067138672,72.37230682373047
2024-05-06,505.6741638183594,200.3919219970703,74.38763427734375,40.53909683227539,83.44046783447266,86.41767883300781,98.39885711669922,75.94822692871094,215.1999969482422,72.41045379638672
2024-05-07,506.232177734375,200.84266662597656,74.584228515625,40.31022644042969,83.94929504394531,86.64178466796875,98.4449462890625,76.66692352294922,214.2100067138672,73.20208740234375
2024-05-08,506.2810363769531,199.67662048339844,74.4999771118164,40.31976318359375,83.44046783447266,86.39899444580078,98.19595336914062,76.02288818359375,213.5800018310547,72.98271942138672
2024-05-09,509.1982116699219,201.71473693847656,75.07102966308594,40.44373321533203,83.8475112915039,86.66048431396484,98.35273742675781,77.58161926269531,216.9499969482422,73.6122055053711
2024-05-10,509.8541564941406,200.19593811035156,75.21146392822266,40.52956008911133,83.37570190429688,86.38030242919922,98.0391845703125,77.36695098876953,218.7100067138672,74.03186798095703
2024-05-13,509.9226379394531,200.6173095703125,75.21146392822266,40.8347282409668,83.58848571777344,86.48304748535156,98.07608032226562,77.61895751953125,216.25999450683594,73.8220443725586
2024-05-14,512.2620849609375,202.69461059570312,75.7731704711914,41.05406188964844,84.06031799316406,86.73518371582031,98.3619613647461,78.21630859375,218.08999633789062,73.67897033691406
2024-05-15,518.6055908203125,205.22264099121094,76.57826232910156,41.492733001708984,85.20751953125,87.38887023925781,99.23805236816406,79.29901885986328,220.88999938964844,73.72667694091797
2024-05-16,517.5384521484375,203.74305725097656,76.16635131835938,41.57855987548828,85.1242446899414,87.22077941894531,99.08129119873047,79.2430191040039,220.02999877929688,74.77581024169922
2024-05-17,518.2825317382812,203.89002990722656,76.42847442626953,41.7597541809082,84.55062866210938,86.94995880126953,98.85071563720703,79.23367309570312,223.66000366210938,74.5946044921875
2024-05-20,518.879638671875,204.34075927734375,76.48464965820312,41.607173919677734,84.30085754394531,86.8192138671875,98.80461883544922,78.7669906616211,224.55999755859375,74.07955932617188
2024-05-21,520.152099609375,204.14480590820312,76.36294555664062,41.34968948364258,84.73568725585938,87.0433578491211,98.9706039428711,78.73899841308594,224.22999572753906,74.5182876586914
2024-05-22,518.654541015625,202.42022705078125,75.64209747314453,41.216182708740234,84.83744812011719,86.93128204345703,98.82308197021484,78.02963256835938,220.11000061035156,74.22262573242188
2024-05-23,514.8662109375,199.09849548339844,75.25827026367188,40.9110221862793,84.29161834716797,86.62311553955078,98.3896255493164,76.34957122802734,215.72000122070312,73.34515380859375
2024-05-24,518.272705078125,201.30320739746094,75.87614440917969,41.025455474853516,84.54139709472656,86.73518371582031,98.65705871582031,76.40557861328125,215.9199981689453,73.5359115600586
2024-05-28,518.6348876953125,201.02882385253906,75.84805297851562,40.96823501586914,83.32942199707031,86.24959564208984,98.06684875488281,75.90155792236328,218.19000244140625,72.96363830566406
2024-05-29,515.003173828125,198.05982971191406,74.6497573852539,40.357906341552734,82.32101440429688,85.82935333251953,97.54119873046875,75.16419219970703,216.16000366210938,72.43907165527344
2024-05-30,511.5867614746094,199.94119262695312,75.27699279785156,40.243473052978516,83.11666107177734,86.2589340209961,98.14061737060547,76.26557159423828,216.57000732421875,72.62982940673828
2024-05-31,516.2463989257812,201.62657165527344,75.99784088134766,39.852481842041016,83.68098449707031,86.66048431396484,98.57405853271484,77.69361877441406,215.3000030517578,73.76480865478516
2024-06-03,516.6673583984375,200.48989868164062,76.21316528320312,40.27207946777344,85.03450012207031,87.22805786132812,99.25445556640625,77.51628875732422,217.22000122070312,73.73619079589844
2024-06-04,517.2449340820312,197.903076171875,76.11953735351562,39.709434509277344,86.02778625488281,87.70574951171875,99.64324188232422,78.11363220214844,215.27000427246094,74.37523651123047
2024-06-05,523.3923950195312,200.9308319091797,76.65315246582031,40.34836959838867,86.6590576171875,88.02421569824219,99.97651672363281,78.02030181884766,217.82000732421875,74.21308898925781
2024-06-06,523.3825073242188,199.4904327392578,76.915283203125,40.54863357543945,86.52909088134766,87.98674774169922,99.91171264648438,78.16963958740234,219.42999267578125,74.44200134277344
2024-06-07,522.746337890625,197.1485595703125,76.08208465576172,40.09088897705078,84.9416732788086,87.05948638916016,99.01377868652344,77.43228912353516,211.60000610351562,74.07002258300781
2024-06-10,524.3614501953125,197.82467651367188,76.02592468261719,40.32929992675781,84.3753890991211,86.87213897705078,98.81011962890625,77.69361877441406,213.5399932861328,74.01280212402344
2024-06-11,525.6243896484375,197.14865112304688,75.1620101928711,40.19486618041992,85.24801635742188,87.33110809326172,99.23593139648438,77.41361999511719,214.14999389648438,73.97463989257812
2024-06-12,529.9412231445312,200.17506408691406,76.0478286743164,40.59815979003906,85.8885498046875,87.81814575195312,99.84691619873047,78.10430908203125,214.72000122070312,73.1639404296875
2024-06-13,531.0083618164062,198.426025390625,74.96198272705078,40.502140045166016,87.15106964111328,88.39884185791016,100.31904602050781,78.42164611816406,212.97000122070312,73.25930786132812
2024-06-14,531.3314208984375,195.2718963623047,74.13330841064453,40.550148010253906,87.88446044921875,88.60491943359375,100.40234375,78.40298461914062,215.72999572753906,73.39283752441406
2024-06-17,535.5602416992188,196.91281127929688,74.42857360839844,40.809410095214844,87.01183319091797,88.19280242919922,99.93022918701172,78.094970703125,214.61000061035156,74.08910369873047
2024-06-18,536.9209594726562,197.25674438476562,74.72384643554688,41.18389892578125,87.81017303466797,88.5768051147461,100.3930892944336,78.40298461914062,215.47000122070312,74.1844711303711
2024-06-20,535.4623413085938,196.42152404785156,74.77147674560547,41.11668014526367,87.22534942626953,88.35203552246094,100.05982208251953,78.1789779663086,218.16000366210938,74.02233123779297
2024-06-21,534.7445068359375,196.86367797851562,74.24759674072266,40.9726448059082,87.22534942626953,88.37077331542969,100.08760833740234,78.37498474121094,214.77999877929688,74.07955932617188
2024-06-24,533.0061645507812,197.7185516357422,74.8381576538086,40.9726448059082,87.57811737060547,88.44568634033203,100.1894302368164,78.98167419433594,215.6300048828125,74.86949157714844
2024-06-25,535.0587158203125,197.07005310058594,75.01913452148438,40.876625061035156,87.72663879394531,88.5206298828125,100.15239715576172,78.01097106933594,214.55999755859375,74.38899993896484
2024-06-26,535.7265014648438,196.54925537109375,74.4666748046875,40.79020309448242,86.47340393066406,87.98674774169922,99.6062240600586,77.7682876586914,212.5800018310547,74.23524475097656
2024-06-27,536.5711059570312,198.54396057128906,74.52381896972656,40.819007873535156,86.8168716430664,88.18342590332031,99.8006362915039,78.52432250976562,214.99000549316406,73.91810607910156
2024-06-28,534.4596557617188,199.35951232910156,74.60955810546875,40.89582824707031,85.20157623291016,87.71512603759766,99.1618881225586,79.15084075927734,215.00999450683594,73.59138488769531
2024-07-01,535.5595703125,197.68910217285156,74.74290466308594,40.99184799194336,83.73110961914062,87.06214904785156,98.57293701171875,78.40431213378906,215.57000732421875,73.07246398925781
2024-07-02,539.1637573242188,198.36708068847656,74.92388153076172,41.11668014526367,84.38298797607422,87.39099884033203,99.20462036132812,78.7728500366211,215.55999755859375,73.58177185058594
2024-07-03,541.56982421875,198.3179473876953,75.78112030029297,41.72161865234375,85.4912109375,87.97348022460938,99.93850708007812,78.69725799560547,217.99000549316406,73.45684814453125
2024-07-05,544.6928100585938,197.37464904785156,76.28596496582031,41.89445877075195,86.198974609375,88.46202087402344,100.45873260498047,78.91459655761719,220.92999267578125,74.36016845703125
2024-07-08,545.3212890625,198.7601318359375,75.90495300292969,41.9040641784668,86.38524627685547,88.49018859863281,100.4494400024414,79.16973876953125,218.19000244140625,74.24484252929688
2024-07-09,545.8516235351562,197.89541625976562,75.60015869140625,42.076900482177734,86.00341033935547,88.36808013916016,100.26364135742188,79.15084075927734,218.55999755859375,74.05264282226562
2024-07-10,551.2529296875,199.8311309814453,76.66696166992188,42.31695556640625,86.27348327636719,88.45259857177734,100.50517272949219,79.7367172241211,219.36000061035156,74.37938690185547
2024-07-11,546.4996948242188,207.01394653320312,76.88603973388672,42.56661605834961,87.11164855957031,89.01631164550781,101.04396057128906,82.02354431152344,223.25,74.10070037841797
2024-07-12,549.94677734375,209.43113708496094,77.70518493652344,42.73945236206055,87.48416137695312,89.20420837402344,101.41558074951172,82.64723205566406,223.11000061035156,74.42742919921875
2024-07-15,551.4592895507812,213.41065979003906,77.0193862915039,42.28814697265625,86.47835540771484,88.92236328125,100.85818481445312,83.20477294921875,223.8300018310547,73.9949951171875
2024-07-16,554.7294921875,220.69174194335938,77.39086151123047,42.5282096862793,87.69834899902344,89.31694030761719,101.44342803955078,84.225341796875,228.2899932861328,74.70610809326172
2024-07-17,546.9514770507812,218.38262939453125,76.98128509521484,41.83684539794922,87.71696472167969,89.39210510253906,101.48988342285156,84.8017578125,227.22999572753906,75.6670913696289
2024-07-18,542.7482299804688,214.1574249267578,76.21928405761719,41.443153381347656,87.04644775390625,89.13843536376953,101.05326843261719,84.05524444580078,225.77999877929688,75.29229736328125
2024-07-19,539.1441040039062,213.06675720214844,75.75254821777344,41.039859771728516,86.53425598144531,88.8565902709961,100.68167877197266,83.90404510498047,221.72999572753906,75.0424575805664
2024-07-22,544.70263671875,216.45672607421875,76.55265808105469,41.38554382324219,86.28279876708984,88.77204132080078,100.62593841552734,84.7734146118164,221.8000030517578,75.09049224853516
2024-07-23,543.8482666015625,218.75601196289062,76.12403106689453,41.02065658569336,86.16172790527344,88.83779907226562,100.55162048339844,84.70726776123047,222.5800018310547,74.8214340209961
2024-07-24,531.5232543945312,214.05918884277344,75.1620101928711,40.425315856933594,85.2304458618164,88.64054107666016,99.93850708007812,83.45991516113281,221.8000030517578,74.75416564941406
2024-07-25,528.7538452148438,216.7318572998047,74.68576049804688,40.2620849609375,85.92889404296875,88.83779907226562,100.33795928955078,83.18586730957031,218.3300018310547,74.66767120361328
2024-07-26,534.6757202148438,220.31834411621094,75.63826751708984,40.67498016357422,86.59942626953125,89.26057434082031,100.89534759521484,84.64112854003906,220.6300048828125,75.42684936523438
2024-07-29,534.9899291992188,217.8716583251953,75.30487823486328,40.54054641723633,87.0650863647461,89.41089630126953,101.1090087890625,85.07582092285156,220.32000732421875,75.4556655883789
2024-07-30,532.2794799804688,218.6970672607422,75.47632598876953,40.35810470581055,87.40032196044922,89.5987777709961,101.19263458251953,85.7373046875,222.52000427246094,74.94636535644531
2024-07-31,540.931396484375,219.964599609375,76.54313659667969,41.24150848388672,88.29435729980469,90.25643157958984,101.77786254882812,85.43490600585938,226.5500030517578,74.81182098388672
2024-08-01,533.2713623046875,212.81129455566406,74.5143051147461,40.52134323120117,89.05586242675781,90.641845703125,102.11534881591797,86.2948226928711,225.77000427246094,75.50371551513672
2024-08-02,523.3426513671875,205.2845916748047,73.34272003173828,39.94520950317383,91.83100891113281,92.04590606689453,103.11293029785156,86.24757385253906,225.33999633789062,76.16679382324219
2024-08-05,508.1010437011719,198.68150329589844,71.74252319335938,38.81214904785156,92.31685638427734,92.14014434814453,102.85188293457031,83.78119659423828,222.47999572753906,74.66767120361328
2024-08-06,512.7855224609375,200.84323120117188,71.86634063720703,39.03300094604492,90.25188446044922,91.32032012939453,102.18062591552734,85.43490600585938,220.6999969482422,75.18659973144531
2024-08-07,509.3580017089844,198.46531677246094,72.20924377441406,39.27305603027344,89.61650848388672,90.99050903320312,101.71446228027344,84.84900665283203,220.5500030517578,75.26347351074219
2024-08-08,521.133056640625,203.2899169921875,73.41893005371094,40.16606140136719,89.06523132324219,90.71721649169922,101.76109313964844,85.68059539794922,224.00999450683594,75.9457778930664
2024-08-09,523.4309692382812,202.8673858642578,73.70467376708984,40.38691329956055,89.94355010986328,91.08470916748047,102.28317260742188,86.07747650146484,224.55999755859375,76.06108856201172
2024-08-12,523.7060546875,201.03976440429688,73.63800048828125,40.52134323120117,90.27056121826172,91.33915710449219,102.49761199951172,85.44435119628906,228.41000366210938,75.67669677734375
2024-08-13,532.3187255859375,204.35108947753906,74.90483093261719,40.9726448059082,90.8966064453125,91.74436950683594,103.2154769897461,86.19087982177734,228.05999755859375,76.02265167236328
2024-08-14,533.9981079101562,203.08352661132812,75.1810531616211,40.751792907714844,91.46656799316406,91.86686706542969,103.67230224609375,86.41767120361328,226.1999969482422,76.36859893798828
2024-08-15,543.1509399414062,208.35028076171875,76.095458984375,41.203102111816406,90.72840118408203,91.29203796386719,103.3553237915039,86.35152435302734,226.91000366210938,77.15660095214844
2024-08-16,544.3687133789062,208.90054321289062,76.51456451416016,41.68320846557617,91.04611206054688,91.47107696533203,103.66297912597656,86.30428314208984,231.99000549316406,77.36801147460938
2024-08-19,549.5736083984375,211.45529174804688,77.44801330566406,42.08650207519531,91.46656799316406,91.59357452392578,103.9053726196289,87.02245330810547,231.61000061035156,77.62747192382812
2024-08-20,548.679931640625,208.98895263671875,77.20987701416016,41.76002883911133,92.19541931152344,91.96109771728516,104.1757583618164,86.91850280761719,232.4600067138672,78.01187896728516
2024-08-21,550.5654907226562,211.7107696533203,77.92426300048828,41.92326736450195,92.25145721435547,92.14955139160156,104.40882110595703,87.38154602050781,232.14999389648438,78.5404052734375
2024-08-22,546.2444458007812,209.8438262939453,77.4670639038086,41.404747009277344,91.33576202392578,91.72551727294922,103.97996520996094,87.63668060302734,229.3699951171875,78.42508697509766
2024-08-23,552.0484619140625,216.545166015625,78.88629150390625,42.09610366821289,91.93376922607422,92.14955139160156,104.57664489746094,89.5644302368164,232.02000427246094,78.64611053466797
2024-08-26,550.732421875,216.6139373779297,78.53385925292969,41.74082565307617,91.70018005371094,92.03649139404297,104.44612884521484,89.52662658691406,232.75999450683594,79.20347595214844
2024-08-27,551.4885864257812,214.9337158203125,78.89582061767578,41.798439025878906,91.54132843017578,91.99877166748047,104.36219787597656,89.65892791748047,233.38999938964844,79.39566802978516
2024-08-28,548.2871704101562,213.4794464111328,78.61959075927734,41.5391731262207,91.42919921875,91.95167541503906,104.14778900146484,89.30928802490234,231.75,79.05933380126953
2024-08-29,548.3361206054688,215.0024871826172,78.91487121582031,41.558380126953125,91.13018798828125,91.79147338867188,103.97062683105469,89.03524780273438,232.9499969482422,78.66532897949219
2024-08-30,553.5706176757812,216.2503662109375,79.03868865966797,41.644798278808594,90.15843963623047,91.47107696533203,103.68164825439453,89.8951644897461,231.2899932861328,79.28996276855469
2024-09-03,542.1787109375,209.63748168945312,77.79090881347656,40.819007873535156,91.63301086425781,92.07406616210938,103.99510955810547,89.8479232788086,230.2899932861328,79.84732818603516
2024-09-04,541.0689697265625,209.2837677001953,77.44801330566406,40.809410095214844,92.81417083740234,92.61279296875,104.64075469970703,90.10305786132812,230.42999267578125,80.22210693359375
2024-09-05,539.7529296875,208.24217224121094,77.4670639038086,40.86702346801758,93.33911895751953,92.8301773071289,105.1553726196289,89.81012725830078,232.35000610351562,79.91458892822266
2024-09-06,530.6688232421875,204.28231811523438,76.0097427368164,40.118045806884766,93.32974243164062,92.96247863769531,105.10858917236328,89.7250747680664,230.6300048828125,79.75122833251953
2024-09-09,536.6104125976562,204.85223388671875,76.77173614501953,40.454132080078125,93.73283386230469,93.0948257446289,105.34254455566406,90.72674560546875,231.60000610351562,80.36624145507812
2024-09-10,538.9476928710938,204.6851806640625,76.39073181152344,40.30049133300781,94.3890380859375,93.49173736572266,105.63257598876953,92.04025268554688,232.6199951171875,80.34703063964844
2024-09-11,544.4766845703125,205.2845916748047,76.84793853759766,40.59815979003906,94.31404113769531,93.42560577392578,105.67938232421875,91.86071014404297,232.25,79.59748077392578
2024-09-12,549.06298828125,207.92776489257812,77.4765853881836,40.93423843383789,93.87345123291016,93.27437591552734,105.60453796386719,92.24815368652344,236.3300018310547,80.08756256103516
2024-09-13,551.9306030273438,213.0569305419922,77.65756225585938,41.126285552978516,94.12655639648438,93.4539566040039,105.93201446533203,93.21202087402344,238.67999267578125,80.654541015625
2024-09-16,552.7457275390625,213.8233642578125,78.28621673583984,41.26071548461914,94.98899841308594,93.6996841430664,106.3998794555664,93.52386474609375,238.66000366210938,80.97167205810547
2024-09-17,552.9715576171875,215.59205627441406,77.84806823730469,41.3087272644043,94.5296401977539,93.52954864501953,106.40925598144531,92.871826171875,237.33999633789062,80.20288848876953
2024-09-18,551.33154296875,215.63133239746094,77.60041809082031,41.16468811035156,93.35787200927734,93.12316131591797,105.96944427490234,92.75843811035156,235.50999450683594,79.89537811279297
2024-09-19,560.73974609375,220.07269287109375,79.13394165039062,42.038490295410156,93.04851531982422,93.04756164550781,106.06302642822266,92.77732849121094,239.1699981689453,79.42449951171875
2024-09-20,559.7703857421875,217.7144775390625,78.35289001464844,41.95207214355469,92.69230651855469,93.01919555664062,106.15658569335938,92.4087905883789,242.2100067138672,79.80889129638672
2024-09-23,561.169189453125,216.91854858398438,78.64816284179688,42.27854537963867,92.4954605102539,92.96247863769531,106.00687408447266,93.3254165649414,242.67999267578125,80.27163696289062
2024-09-24,562.77490234375,217.2821044921875,79.1148910522461,43.71887969970703,92.47672271728516,93.06646728515625,106.1846694946289,93.45771026611328,246.07000732421875,80.07841491699219
2024-09-25,561.5336303710938,214.63185119628906,78.68626403808594,43.257972717285156,91.7080078125,92.68840789794922,105.5577392578125,92.83403778076172,245.72999572753906,79.87554168701172
2024-09-26,563.760009765625,215.7755889892578,80.4198226928711,44.84233856201172,91.92361450195312,92.62223815917969,105.5577392578125,91.99300384521484,246.97999572753906,80.05911254882812
2024-09-27,562.9423217773438,217.2347869873047,79.93404388427734,44.755916595458984,92.4017105102539,92.99085998535156,105.97881317138672,92.11022186279297,245.02000427246094,80.20401763916016
2024-09-30,565.1981201171875,217.78692626953125,79.6578140258789,44.03575134277344,91.96113586425781,92.73566436767578,105.71681213378906,92.8344497680664,243.05999755859375,80.1846923828125
2024-10-01,560.1348266601562,214.8290557861328,79.06726837158203,44.35262680053711,92.62506866455078,93.07311248779297,106.2248764038086,92.23410034179688,245.61000061035156,79.91419982910156
2024-10-02,560.3712768554688,214.5332794189453,78.90534210205078,45.2264289855957,91.84449768066406,92.80770111083984,105.9901123046875,91.91009521484375,245.66000366210938,79.23793029785156
2024-10-03,559.3468627929688,213.0937957763672,78.17192077636719,44.68870544433594,90.97929382324219,92.3337631225586,105.30452728271484,91.07152557373047,245.49000549316406,78.44574737548828
2024-10-04,564.4298706054688,216.0713653564453,78.62911987304688,45.101600646972656,89.86015319824219,91.44276428222656,104.73165130615234,90.63317108154297,245.0,78.70659637451172
2024-10-07,559.3271484375,214.37551879882812,78.19096374511719,45.47608184814453,89.18302154541016,91.1109848022461,104.19635772705078,89.83271789550781,244.1699981689453,77.92406463623047
2024-10-08,564.616943359375,214.52342224121094,78.067138671875,44.35262680053711,89.33348083496094,91.18680572509766,104.40296936035156,90.0137710571289,242.3699951171875,78.31049346923828
2024-10-09,568.5277709960938,214.99667358398438,78.08618927001953,44.11256790161133,88.82565307617188,90.84556579589844,104.19635772705078,90.10906219482422,241.0500030517578,78.78387451171875
2024-10-10,567.5328369140625,213.80368041992188,77.99093627929688,44.19898986816406,88.4776611328125,90.83609771728516,104.08367919921875,89.30860137939453,242.82000732421875,78.43609619140625
2024-10-11,570.9313354492188,218.1517333984375,78.3909912109375,44.515865325927734,88.12031555175781,90.8645248413086,104.06488800048828,90.31871032714844,245.47000122070312,78.87081146240234
2024-10-14,575.6006469726562,219.75880432128906,78.61959075927734,44.33341979980469,88.18614959716797,90.70339965820312,104.07426452636719,90.86187744140625,245.07000732421875,79.18962860107422
2024-10-15,571.1283569335938,219.93629455566406,77.31465911865234,43.39240264892578,89.25826263427734,91.1678466796875,104.5814208984375,91.9577407836914,245.9199981689453,79.6919937133789
2024-10-16,573.6107177734375,223.55474853515625,77.51468658447266,43.728485107421875,89.63442993164062,91.31005859375,104.91009521484375,92.96784973144531,247.14999389648438,79.63401794433594
2024-10-17,573.6600341796875,222.9434356689453,77.52421569824219,43.6612663269043,88.21435546875,90.83609771728516,104.13060760498047,92.23410034179688,248.6300048828125,79.27658081054688
2024-10-18,575.8665771484375,222.48004150390625,78.048095703125,44.09336471557617,88.28018188476562,90.94035339355469,104.008544921875,92.92021179199219,251.27000427246094,79.4504623413086
2024-10-21,574.9209594726562,218.9799346923828,77.12416076660156,43.786094665527344,86.73785400390625,90.23892974853516,102.94731903076172,91.10011291503906,251.22000122070312,78.78387451171875
2024-10-22,574.6155395507812,218.1517333984375,76.6860122680664,43.6900749206543,86.82249450683594,90.15362548828125,102.93793487548828,91.2335205078125,253.92999267578125,79.22827911376953
2024-10-23,569.3650512695312,216.1601104736328,75.91448211669922,43.43081283569336,86.58738708496094,89.94508361816406,102.59043884277344,91.90057373046875,250.8699951171875,79.0737075805664
2024-10-24,570.596435546875,216.6333465576172,76.3431167602539,43.36359786987305,87.14225769042969,90.1441421508789,102.90035247802734,92.1006851196289,252.8000030517578,78.9674301147461
2024-10-25,570.3992919921875,215.81500244140625,76.0859375,43.32518768310547,86.65319061279297,89.94508361816406,102.65618133544922,91.2335205078125,253.32000732421875,78.31049346923828
2024-10-28,572.1626586914062,219.3348846435547,76.6955337524414,43.51723098754883,86.41810607910156,89.73653411865234,102.57167053222656,91.51940155029297,253.3300018310547,78.45541381835938
2024-10-29,573.0886840820312,218.62498474121094,76.4193115234375,43.3828010559082,86.54973602294922,89.77445220947266,102.69377136230469,90.86187744140625,256.0899963378906,77.68254089355469
2024-10-30,571.3549194335938,218.32919311523438,75.92400360107422,42.960304260253906,86.80369567871094,89.64175415039062,102.56227111816406,91.2621078491211,257.5,77.55695343017578
2024-10-31,560.154541015625,214.7008819580078,75.45728302001953,42.68184280395508,86.94474029541016,89.59434509277344,102.35567474365234,89.71836853027344,253.50999450683594,77.40238952636719
2024-11-01,562.5187377929688,215.9037628173828,75.60968780517578,42.72024917602539,85.71897888183594,89.06379699707031,101.79489135742188,88.72731018066406,252.47000122070312,77.43136596679688
2024-11-04,561.30712890625,216.99815368652344,75.66683959960938,42.960304260253906,87.04949951171875,89.5392074584961,102.54887390136719,89.69930267333984,252.8300018310547,77.64390563964844
2024-11-05,568.0942993164062,221.0800018310547,76.4193115234375,43.54603576660156,87.51184844970703,89.58674621582031,103.03894805908203,90.89046478271484,253.39999389648438,78.13660430908203
2024-11-06,582.2203369140625,233.88751220703125,75.31440734863281,43.0083122253418,85.11505126953125,88.66445922851562,101.96453857421875,88.95602416992188,245.6999969482422,76.86137390136719
2024-11-07,586.7221069335938,233.059326171875,76.4573974609375,43.95893096923828,86.18135833740234,89.37757873535156,103.17089080810547,90.02330017089844,249.64999389648438,77.14153289794922
2024-11-08,589.2636108398438,234.77487182617188,75.40013122558594,42.87388610839844,87.27594757080078,89.56773376464844,103.52901458740234,91.36693572998047,247.9600067138672,78.0786361694336
2024-11-11,589.8251342773438,238.30458068847656,75.41918182373047,42.54741287231445,86.85132598876953,89.3205337524414,103.33109283447266,90.90953063964844,242.13999938964844,77.80813598632812
2024-11-12,587.9927978515625,234.12416076660156,74.01899719238281,41.74082565307617,85.54911804199219,88.75952911376953,102.39807891845703,89.65165710449219,240.0500030517578,77.89507293701172
2024-11-13,588.2785034179688,231.80715942382812,73.58085632324219,41.47195816040039,84.73760986328125,88.70248413085938,102.01166534423828,90.14717864990234,237.6300048828125,78.12693786621094
2024-11-14,584.495849609375,228.68167114257812,73.7332534790039,41.24150848388672,85.22827911376953,88.69297790527344,101.9833984375,89.33719635009766,237.00999450683594,77.9337158203125
2024-11-15,577.0093383789062,225.27029418945312,73.46654510498047,41.24150848388672,85.00181579589844,88.73100280761719,102.030517578125,89.38483428955078,236.58999633789062,77.24781799316406
2024-11-18,579.37353515625,225.71397399902344,73.8666000366211,41.712013244628906,85.15280151367188,88.93067932128906,102.21900177001953,90.03282928466797,241.08999633789062,77.788818359375
2024-11-19,581.4913330078125,227.39010620117188,73.77134704589844,41.68320846557617,85.58686065673828,89.120849609375,102.43576049804688,90.47118377685547,243.25,77.89507293701172
2024-11-20,581.6883544921875,227.68588256835938,73.57132720947266,41.63520050048828,85.31322479248047,88.98772430419922,102.19073486328125,90.3568344116211,244.6199951171875,77.49898529052734
2024-11-21,584.81103515625,231.14657592773438,73.59037780761719,41.54877853393555,85.24714660644531,88.940185546875,102.06822967529297,91.02388000488281,246.66000366210938,78.3394775390625
2024-11-22,586.6235961914062,235.41574096679688,73.8761215209961,41.558380126953125,85.29434204101562,88.99726104736328,102.16246032714844,91.70999145507812,249.83999633789062,79.06403350830078
2024-11-25,588.613525390625,238.99473571777344,74.25713348388672,41.58718490600586,87.50243377685547,89.95757293701172,103.43477630615234,92.98690795898438,242.47999572753906,79.498779296875
2024-11-26,591.6869506835938,237.23976135253906,73.82849884033203,41.41434860229492,87.16273498535156,89.76741790771484,103.17089080810547,93.35856628417969,242.9499969482422,79.82723236083984
2024-11-27,589.89404296875,237.56512451171875,74.22855377197266,41.47195816040039,87.76666259765625,90.12871551513672,103.5478744506836,93.95890045166016,243.49000549316406,79.9914779663086
2024-11-29,593.5585327148438,238.47216796875,75.21915435791016,41.5391731262207,88.67253875732422,90.50906372070312,104.18875885009766,93.53961944580078,245.58999633789062,80.39723205566406
2024-12-02,594.6224365234375,238.3538818359375,75.42870330810547,41.702415466308594,88.88555908203125,90.50143432617188,104.35236358642578,92.17691802978516,243.44000244140625,80.30061340332031
2024-12-03,594.8983154296875,236.6580352783203,75.8573226928711,41.78883361816406,88.11859130859375,90.24390411376953,103.9835205078125,91.70999145507812,243.92999267578125,79.88521575927734
2024-12-04,598.59228515625,237.50595092773438,75.91448211669922,41.89445877075195,89.06549072265625,90.5872573852539,104.4847640991211,91.46223449707031,244.6699981689453,79.66301727294922
2024-12-05,597.6072387695312,234.73541259765625,76.28596496582031,42.17292022705078,89.24540710449219,90.57772827148438,104.45639038085938,91.24305725097656,242.86000061035156,79.98182678222656
2024-12-06,598.7401123046875,235.57350158691406,76.27643585205078,42.105709075927734,89.37796783447266,90.86386108398438,104.69281768798828,91.1096420288086,242.9499969482422,79.5857162475586
2024-12-09,595.6567993164062,234.3903350830078,76.22880554199219,42.969905853271484,88.55416107177734,90.54912567138672,104.42802429199219,91.36693572998047,245.36000061035156,79.46013641357422
2024-12-10,593.8048706054688,233.37481689453125,75.54300689697266,42.27854537963867,88.13752746582031,90.38697052001953,104.2672348022461,90.0423583984375,248.58999633789062,79.83689880371094
2024-12-11,598.3953247070312,234.4298095703125,76.01925659179688,42.45138931274414,87.30423736572266,90.11991882324219,103.9835205078125,89.83271789550781,250.9600067138672,79.22827911376953
2024-12-12,595.3120727539062,231.38319396972656,75.35250091552734,42.24013900756836,86.24372863769531,89.77656555175781,103.39717864990234,89.68977355957031,247.27999877929688,79.46013641357422
2024-12-13,595.1937255859375,229.79583740234375,75.14295196533203,42.27854537963867,85.36312103271484,89.35692596435547,102.82027435302734,89.43248748779297,244.2899932861328,79.25724792480469
2024-12-16,597.7352905273438,231.14657592773438,74.89530181884766,42.048095703125,85.6187744140625,89.38553619384766,102.95266723632812,89.1180191040039,244.8800048828125,78.84183502197266
2024-12-17,595.2725830078125,228.50033569335938,74.77655029296875,41.9475212097168,85.82707214355469,89.38553619384766,102.9621353149414,88.68919372558594,243.94000244140625,78.70659637451172
2024-12-18,577.5313720703125,218.3840789794922,72.942138671875,40.97108840942383,84.75389099121094,88.69466400146484,101.68559265136719,85.02995300292969,239.25999450683594,77.50865936279297
2024-12-19,577.35400390625,217.4149932861328,72.71041870117188,41.1077880859375,83.4705810546875,88.2927474975586,101.1351318359375,83.71489715576172,239.60000610351562,76.9579849243164
2024-12-20,584.28857421875,219.45208740234375,72.5076675415039,41.27378463745117,83.94588470458984,88.61811828613281,101.53374481201172,85.125244140625,242.10000610351562,77.22848510742188
2024-12-23,587.7874755859375,218.94775390625,72.98075103759766,41.50812530517578,83.17591094970703,88.22577667236328,101.2395248413086,85.4581527709961,240.9600067138672,76.82160186767578
2024-12-24,594.32080078125,220.90574645996094,73.2414321899414,41.63506317138672,83.52762603759766,88.27364349365234,101.55274200439453,86.02581787109375,241.44000244140625,77.32777404785156
2024-12-26,594.3603515625,223.17025756835938,73.58900451660156,41.48860168457031,83.48011016845703,88.3405990600586,101.64763641357422,86.2567367553711,243.07000732421875,77.57112884521484
2024-12-27,588.1038208007812,219.9168701171875,73.4828109741211,41.303077697753906,82.7956771850586,88.1109619140625,101.22054290771484,85.39079284667969,241.39999389648438,77.1915054321289
2024-12-30,581.3925170898438,218.22586059570312,73.00006103515625,40.97108840942383,83.4610824584961,88.627685546875,101.6571273803711,84.96744537353516,240.6300048828125,76.28621673583984
