date,variant,SPY,IWM,EFA,EEM,TLT,IEF,LQD,VNQ,GLD,XLP
2010-02-26,historical_mean,-0.0755509568267637,-0.079953755375823,-0.08671984284740664,0.01975821289967534,0.06032256650916599,0.07426401410032639,0.051042422739406776,-0.1732601328878931,0.1637643894442376,0.01992047698282283
2010-02-26,capm,-0.04677592964315781,-0.059659634201734896,-0.059312892590687276,-0.07831865793933698,0.022663026617216912,0.022759484555095764,0.002249073657776342,-0.09405678804292902,0.012541092452415512,-0.020115676286606245
2010-02-26,ff3f,-0.05079998255716391,-0.041879095420385135,-0.067084453034786,-0.06366110765018108,0.0008460354010088123,0.009886524495328024,0.008437443819901583,-0.10722125094152476,-0.005232919078108101,-0.031179740398058896
2010-03-31,historical_mean,-0.058707370305923164,-0.06316908188517631,-0.08542750562753454,0.03659638470861698,0.04807002818530266,0.06858768976396662,0.0461246563574777,-0.14603303921091348,0.1661279590588483,0.035484503449236496
2010-03-31,capm,-0.030064654251855373,-0.039636702120783615,-0.038813829523453976,-0.052352046716615565,0.02040764928223891,0.02048092420372097,0.00563419076669554,-0.0646232334007661,0.01281007144721751,-0.010714260478671786
2010-03-31,ff3f,-0.03374733274857995,-0.022909964904317962,-0.045898685800899425,-0.04061522282391802,0.0014394457275673858,0.009056691180927261,0.010646528994970861,-0.07248858664219195,-0.005177413081001078,-0.02034615112212737
2010-04-30,historical_mean,-0.04284877910014228,-0.04005561483749385,-0.0743224130759044,0.04526837566309544,0.04685705032294057,0.0655073664992036,0.05054805957665415,-0.10670839736344331,0.1683938325463559,0.04099399047339146
2010-04-30,capm,-0.012679013103613548,-0.01863695972960327,-0.017870860083198475,-0.025913224650609683,0.018351383058176057,0.018296505325711247,0.009245278049710799,-0.03380034683698272,0.013763366996526041,-0.000810196756107215
2010-04-30,ff3f,-0.01668791048524875,0.0004794101144610938,-0.025848095226310604,-0.01761991084349433,0.00021441025377107095,0.006954389850945874,0.013769601802735553,-0.03500660482674682,-0.007612313335470544,-0.010409473450275486
2010-05-31,historical_mean,-0.052179037276902186,-0.0270141610657475,-0.096070511203128,0.03252203248103302,0.05474656231260757,0.06895617715194804,0.05388870330303114,-0.08326769566280257,0.18067424394590378,0.028142939587075692
2010-05-31,capm,-0.019056766435176804,-0.02662081258515814,-0.024964173060493713,-0.03466391553822232,0.017053932567239603,0.0170541363023215,0.006394853856686901,-0.04475464516626572,0.011563423408045954,-0.005081652033027166
2010-05-31,ff3f,-0.026135481615455276,0.014025657625484512,-0.045963624129556895,-0.044915967377813185,-0.0017123484590799258,0.0023469835911363113,0.010783253979027279,-0.014708140567301787,-0.03199066710143898,-0.02157714014527537
2010-06-30,historical_mean,-0.09089458315296349,-0.06739712416377988,-0.14342077378431586,-0.01682813877523436,0.0791571202437672,0.08327020229665884,0.05362731154213807,-0.10027741408195168,0.1984846335419915,0.007860718667464161
2010-06-30,capm,-0.057633098003705044,-0.07263225421162794,-0.07098978950150028,-0.08983966923169892,0.018802687164776122,0.018079104875482865,-0.005009391023318877,-0.10893685414488373,0.00628027538475978,-0.02885885785978904
2010-06-30,ff3f,-0.06546776016934086,-0.026505854008804,-0.09524058593482407,-0.10463886626885635,0.0006861897338931288,0.0028551357099083135,-0.0014437967257297252,-0.0687922383776856,-0.04353565395883827,-0.04673915402408099
2010-07-30,historical_mean,-0.10369422041567586,-0.0894337443422071,-0.14929458163138182,-0.03356405598957084,0.10133889247152579,0.09484168920943298,0.06709146506033745,-0.08665549865693489,0.21276724776919914,0.006023125404916431
2010-07-30,capm,-0.070836722476385,-0.0889597512437583,-0.08516136537984464,-0.1071557319977232,0.019967983507983057,0.01826616655757387,-0.008089948855390447,-0.12909386064542994,0.004408495089317675,-0.03708922556971324
2010-07-30,ff3f,-0.07801108552439684,-0.048835834381984175,-0.10791751357173393,-0.11752897786882566,0.00043837777950730527,0.003390995020711783,-0.0044204852835428455,-0.10113047445482226,-0.037116700453247956,-0.053710338788848566
2010-08-31,historical_mean,-0.0710675662478055,-0.04354310543473627,-0.10495605997009991,-0.0013521850246177394,0.08728569850317519,0.09042096889376162,0.07681218717514951,-0.027384787120343625,0.18757202087202707,0.034455351225802205
2010-08-31,capm,-0.036645428371646485,-0.04615162163603043,-0.0459733345036961,-0.058010428010392204,0.0155785741284718,0.014254042359394892,-0.00040213751049341913,-0.06893465701963405,0.008513515429185135,-0.0173618393398483
2010-08-31,ff3f,-0.044182463713619516,-0.003946197282549833,-0.07019391387482167,-0.06598933382379427,-0.004229811199768129,-0.0015244379250377686,0.0030380189477763513,-0.03964047806891481,-0.03458006071171325,-0.036717754933000196
2010-09-30,historical_mean,-0.09065921210639957,-0.07634370219805424,-0.11573390891184128,-0.015771547291609615,0.10823758674429032,0.0939646287607872,0.07833622762182671,-0.053420721657715345,0.2023913262250858,0.02044702336835586
2010-09-30,capm,-0.05701248420441968,-0.07079870808445665,-0.0698103259060994,-0.08644180107794705,0.017431179422097036,0.014644177493598025,-0.005666304622057203,-0.10065752029547909,0.006867388899439254,-0.0299719523555713
2010-09-30,ff3f,-0.06373075275541196,-0.03271838198296003,-0.09266330444434959,-0.09868920070510316,-0.002725047593566661,0.00028602287733041614,-0.005846457259795185,-0.0751606356623654,-0.03414022029063562,-0.046295868990279855
2010-10-29,historical_mean,-0.07473058746639803,-0.043513287145687515,-0.10131869281745343,-0.015216720639967466,0.098968830760822,0.09366025333617992,0.07741911058871981,-0.051650229979456494,0.18463514659841967,0.025016229627102003
2010-10-29,capm,-0.036648368080989854,-0.04670383350539886,-0.045061899915507374,-0.055450697010144004,0.014681898674799927,0.012049912210584981,-0.001120728142444348,-0.06335991337586927,0.0068871706612073915,-0.01812872999564324
2010-10-29,ff3f,-0.04614177046914669,0.00438123292245216,-0.07688279178384548,-0.0689322097554632,-0.01656069632719607,-0.00900914083934246,-0.004542463996637939,-0.041605487460842284,-0.039509703207517316,-0.039414459202625186
2010-11-30,historical_mean,-0.06672561005611535,-0.03932784962529705,-0.10274262399091658,-0.04270347889205784,0.07772857299042599,0.09006620238813397,0.0733417672377203,-0.04312896336440315,0.17428723473134472,0.030407156949733276
2010-11-30,capm,-0.030833945762354938,-0.03922893863654992,-0.037762227674752805,-0.0459787877661841,0.013362819456013298,0.010598548670284928,-0.0004625543486417522,-0.053343943915609544,0.0062124810966489065,-0.015136562000131967
2010-11-30,ff3f,-0.0405994889421311,0.013276276201634652,-0.07035978536653759,-0.05970261251049411,-0.01914429504430765,-0.011045157576206848,-0.0042816650848927825,-0.030877436250130626,-0.04092367094106362,-0.03693940102305758
2010-12-31,historical_mean,-0.05355800855435465,-0.004120704413450154,-0.10691915909167535,-0.026003919529301495,0.05467313706758081,0.07383264958074473,0.06453245491731241,-0.0161922751432297,0.1868094653809953,0.01612382142070901
2010-12-31,capm,-0.014093453860818155,-0.01847721775713085,-0.017856704683498974,-0.02203390289392991,0.009501500465475784,0.008076895147547294,0.0022412908285515225,-0.025928255978902606,0.006084144231741579,-0.005900367719083463
2010-12-31,ff3f,-0.025727977635519348,0.04913042153637606,-0.06325251438909897,-0.0470756502636613,-0.02942596089712577,-0.01775646028273909,-0.0045573204879422536,-0.005270791048093266,-0.05645695302186074,-0.030141355348496282
2011-01-31,historical_mean,-0.028212359163057085,0.023792798593593158,-0.07022727826919693,0.0021354904340877326,0.044207778592136475,0.062027092182057084,0.0647050106214463,0.01719163753812658,0.1733814018853082,0.033253578918931236
2011-01-31,capm,0.010623347609779295,0.01160339272005445,0.011486755171631162,0.012370781970740728,0.005206456248461256,0.005523028459453696,0.006861469548932179,0.013155787779844334,0.00608247677192025,0.008766118545111862
2011-01-31,ff3f,-0.0006443325889062155,0.07854783597017223,-0.03352370724959882,-0.013713784570876518,-0.028172035472089546,-0.016668450550732267,0.0008272143816102609,0.0440866877301602,-0.055663109451566106,-0.014230649960047014
2011-02-28,historical_mean,0.00025399697549063904,0.04508254049868372,-0.036073953941042784,0.020230603608574423,0.026861409520542924,0.050953019463509386,0.056383136392959374,0.03046921415838872,0.11709613912322739,0.04737993738431661
2011-02-28,capm,0.037651204011229254,0.04428629828015516,0.04349611248544973,0.04920186450733198,0.00045008437620679543,0.0029486631641579193,0.012249148772554359,0.05623270481750414,0.007491015463941786,0.0244238579341885
2011-02-28,ff3f,0.027351968630547407,0.10148651289374533,0.005811539616416359,0.04635062124701443,-0.03174288831965277,-0.01582470614869933,0.014336166036807724,0.06293370023323164,-0.02006670706830738,0.004616803165553124
2011-03-31,historical_mean,0.02036389000381205,0.07298178778593967,-0.021019134306755154,0.013502739816456602,0.03383861855639002,0.04615245335604438,0.06232625390867745,0.0565724266137468,0.1195218215167676,0.05779584464272616
2011-03-31,capm,0.059254173909287736,0.07047119131444207,0.06935408793901782,0.0788095825537703,-0.0031295424909867837,0.0010278384503712872,0.016508730494252232,0.09042001765382357,0.009709445338224251,0.03721628563729285
2011-03-31,ff3f,0.04872372397751269,0.1306717230099408,0.030953992090708864,0.0770412850511614,-0.036696170601365735,-0.01840608681979651,0.01833675376910718,0.09884084671066008,-0.017702065865143,0.01708294786387489
2011-04-29,historical_mean,0.023398036714563048,0.08351439428182338,-0.03047055605112239,0.04658622302475876,0.02688192463793392,0.04120823384553812,0.06251649166201488,0.03021404334597423,0.14542900179496177,0.05129484136920604
2011-04-29,capm,0.06337333720874651,0.0755480722208323,0.07444982394678618,0.08444811075426022,-0.0042541911700343825,0.00021256352367569399,0.016917523213500794,0.09764720033799476,0.009172449843440848,0.039641477847675036
2011-04-29,ff3f,0.05227432157072604,0.13938571560290652,0.03264393907428422,0.09107279447350283,-0.04139316537333051,-0.020865766835098748,0.01884547017598614,0.09919032420592802,-0.016809616961526684,0.018897409654184426
2011-05-31,historical_mean,0.01739432175808429,0.07734726646302054,-0.0298774554603629,0.026424421836084344,0.04298133131311475,0.055446832497214354,0.0666384979876697,0.028225687599797503,0.18814490255473515,0.07118205311620852
2011-05-31,capm,0.05705930586711799,0.06818321661963354,0.06725436510553584,0.07561275842481904,-0.0034493502386165665,0.0005694757205846018,0.015279558073241833,0.08827846617221696,0.009672478272061729,0.03651776608835343
2011-05-31,ff3f,0.045014664984050996,0.1371264063723006,0.020812053625743704,0.08560141275192854,-0.047414890276694155,-0.026456283137610292,0.016090311319786714,0.09027465880600258,-0.029929252531742268,0.007823562373013225
2011-06-30,historical_mean,0.008633766714135217,0.056385558277000064,-0.04124744869411749,0.006094880012726175,0.06328361327230196,0.06967421077237479,0.07827625949200027,0.03348088537968373,0.179055079611236,0.06945761204195873
2011-06-30,capm,0.04596146296532203,0.054841332792711917,0.05418064050300826,0.06088689477789684,-0.002643527756289209,0.0005950817866062957,0.012496554655362337,0.07100007016016235,0.008094542291573836,0.029263853117782367
2011-06-30,ff3f,0.035221249740647054,0.11407942017298567,0.01319715344941722,0.0715652673197377,-0.04127226131123525,-0.021997515671117907,0.017304568690793703,0.07003560936848946,-0.023059164368870955,0.0005925207152508066
2011-07-29,historical_mean,0.032054820829626955,0.07435504546569481,-0.01465103160214743,0.03538742816996778,0.04671850196084308,0.06419058365925567,0.07994194990770732,0.05970499906356781,0.1561203755179047,0.08001588856691072
2011-07-29,capm,0.06762665590339052,0.08220497593349867,0.08068557903868223,0.09105614254235433,-0.005532900070568346,-0.0011905569991973197,0.016859287391546164,0.10682358489081431,0.01216006903327977,0.04202191837165754
2011-07-29,ff3f,0.05800248116748618,0.1334047532701233,0.042473334352994,0.09995872224728264,-0.04067178255768271,-0.021103231478071062,0.022165767671157948,0.1017140349275111,-0.01629985941445884,0.017614184929808686
2011-08-31,historical_mean,0.02832761873302178,0.050779247543785946,-0.011417382577687126,0.05080918713568197,0.062344715686321564,0.07219820646170283,0.08664776888687703,0.054652223212406856,0.18791018885476718,0.06771592832303197
2011-08-31,capm,0.06171592205171415,0.07548435104571524,0.07353329231550275,0.08274287931192337,-0.0058748495088098976,-0.0016894501278035656,0.014882145767091192,0.0973164674413198,0.009827771282477993,0.038439090046481494
2011-08-31,ff3f,0.05375858796830857,0.1140616706821365,0.04347237024701763,0.10099348141894257,-0.04420029182712736,-0.019374557422271996,0.024011100256945903,0.06553903718431531,-0.003686321562166206,0.017853611987510794
2011-09-30,historical_mean,0.00436764795994392,0.008029917148084265,-0.027489411999931778,0.04018415859424692,0.08409771186104582,0.08230325632286699,0.08729806832809804,0.02755400555260899,0.25901096758145725,0.05948122797891604
2011-09-30,capm,0.03629250661335522,0.04462513779471693,0.04364194787341323,0.049103115720046595,-0.004250703092404706,-0.001107976567277535,0.00898647948719138,0.056482744839834495,0.004851094343986382,0.02223904380598246
2011-09-30,ff3f,0.030603768807028607,0.0689388448460393,0.02677414943365449,0.07581533441668625,-0.04280645565184207,-0.015750822142473933,0.020325060366460618,0.010279042276954583,0.005423708700038706,0.00534774530926784
2011-10-31,historical_mean,0.013354140487171848,-0.004483522367439351,-0.025134529952488306,0.027388053981157047,0.1205607818358353,0.09014563709953444,0.12630289660378605,-0.010286437148266861,0.20650008297677047,0.052507759155688435
2011-10-31,capm,0.04139146813236135,0.05295658893544329,0.05054147098734514,0.05790980397983676,-0.008460858535829851,-0.002779849566853923,0.006520627334807261,0.06931811801454485,0.008716879946502533,0.02613030217895931
2011-10-31,ff3f,0.03606354607332834,0.07440145433084265,0.04274525600545232,0.10769711549706557,-0.0725105406335274,-0.020031439141255093,-0.0032127840128466315,0.010259123162587504,0.06582230189057313,0.02565443093010407
2011-11-30,historical_mean,0.10806698002558679,0.12078484837061665,0.0833827520291619,0.1761029187023268,0.113806125711325,0.08871808699037052,0.14109871125159337,0.1614587125190462,0.2841901734618825,0.11259152177942854
2011-11-30,capm,0.13257706562404636,0.17132948856276717,0.1569586177880302,0.17831118906051846,-0.04895450515627437,-0.02052818696822644,0.017198869682595923,0.20385499076250552,-0.005827240368513486,0.07432339497793217
2011-11-30,ff3f,0.12450754064627442,0.18096621664530574,0.14297410074247302,0.2332026803067097,-0.15738780879229625,-0.05016246146407421,0.001930983774413214,0.07093795178501058,0.047100792759376287,0.0686536230236357
2011-12-30,historical_mean,0.13075875147165567,0.1618505237255185,0.09799463865315383,0.20370761756449968,0.07569897860682162,0.06575226742929693,0.11941100159621473,0.2344417312937298,0.2502229211979775,0.12239306511896783
2011-12-30,capm,0.15723640296729846,0.19893197361662668,0.18965045448639334,0.21091524738004105,-0.046051956673833286,-0.0173704393697086,0.025321395333356388,0.22317193524703377,0.005074284463817427,0.0919362972514639
2011-12-30,ff3f,0.14837059816782389,0.21532084422832032,0.17180437584358066,0.2627141950132454,-0.15617673439081417,-0.050750519951055784,0.009857770525367928,0.11565666996863969,0.04377098232810917,0.08033626282622111
2012-01-31,historical_mean,0.13097401015564417,0.147917091466917,0.06234181752865116,0.15640022154467076,0.04433050123507679,0.05555432040292266,0.08770691893003923,0.19871989504030968,0.1878130676882119,0.1314486061499549
2012-01-31,capm,0.15391802096151969,0.19456104773562954,0.18536643383328638,0.20639423831550818,-0.046083975198324814,-0.017396460786500454,0.02381152979962451,0.21732154112400193,0.005706177035581544,0.08992366334890728
2012-01-31,ff3f,0.14692966946265992,0.20050790017585357,0.17500565557333603,0.2575396237365663,-0.14810710396568028,-0.04728041959166909,0.005393770080789229,0.10814285842798907,0.05898865091266135,0.08153043826811807
2012-02-29,historical_mean,0.17464529990726527,0.20481251275237417,0.12869530057733006,0.2236652746248915,0.08992107562407409,0.07163097354172125,0.10083670657141022,0.28358207828716364,0.20582368527656886,0.15162379911186474
2012-02-29,capm,0.19546372525556865,0.24960523916382388,0.22868231006388234,0.26889833750113634,-0.09213733490633746,-0.032571773100026624,0.028541031737747306,0.26173495401852576,0.02118483343306568,0.10536509352435103
2012-02-29,ff3f,0.1905568776829772,0.2554443218032569,0.23294702565697673,0.31456116736293127,-0.12923960106009366,-0.04138603050225355,0.016260940511851146,0.18819511422424137,0.06341148186292608,0.1042599273033883
2012-03-30,historical_mean,0.22669909416794204,0.25581411420943817,0.18098737657326494,0.262372215096375,0.08629562604850809,0.07040296497260964,0.12405010885288532,0.3563027122231171,0.19100669481248778,0.19197223463358976
2012-03-30,capm,0.23768000253262922,0.3084287235114815,0.28871561534687956,0.3591652023492123,-0.14303616798309957,-0.05297410066360541,0.01959737361709145,0.2850732653243711,0.025937559587948474,0.11886951579755267
2012-03-30,ff3f,0.23776637788883784,0.2976895087219188,0.30090762694470763,0.3891070376127327,-0.15740728477548124,-0.05139727321568814,0.018059052563426617,0.22934425311178608,0.06670084625649363,0.12845924640071002
2012-04-30,historical_mean,0.2105776755088688,0.23909042835667416,0.15552875924567428,0.19988658004596868,0.05864299277531952,0.05418962833987312,0.11770945590361742,0.3612785176028686,0.19514027773785514,0.18828278343844318
2012-04-30,capm,0.2200204086841365,0.29018639769396193,0.26811373463150673,0.3218494868901997,-0.14753434290679754,-0.05765938234395224,0.019368664706443744,0.27735053576584734,0.03249389476782465,0.11128026659339624
2012-04-30,ff3f,0.21991079747891665,0.2781659668639395,0.28039671789253323,0.35446276511727515,-0.15811395738594,-0.054029476421311645,0.01800130650639853,0.2186485807839568,0.07208844748029741,0.12049060475324377
2012-05-31,historical_mean,0.17677333241603954,0.1859467700801139,0.11219127673101939,0.14597097164286962,0.09839803915572626,0.07172921207678301,0.1121678063112293,0.2814728630779776,0.2059495424872238,0.17533627078186587
2012-05-31,capm,0.18516202337570253,0.23982477663648927,0.22546304589834418,0.26747379237307667,-0.12026862513373973,-0.046721215371182956,0.013799568582603183,0.2012235327900079,0.041599511640204596,0.09650356339049465
2012-05-31,ff3f,0.18571651378119686,0.22386396834480993,0.24312016235704476,0.30638020093484675,-0.1345550317324934,-0.04316126071554949,0.014947473525232551,0.1535270515765163,0.07989476099530045,0.10722186516814106
2012-06-29,historical_mean,0.13719199555739128,0.152114567747668,0.0315017233048597,0.05892533596192251,0.13975110040882072,0.08815664760831757,0.10704742385118901,0.25749703590093387,0.15164934415842443,0.1548605111201766
2012-06-29,capm,0.1487404405448573,0.1930877194910404,0.18120725324999748,0.21123480408334966,-0.09898710719710768,-0.03648980328096628,0.009912658641517356,0.16291773924151048,0.03762379749218267,0.07467363846093512
2012-06-29,ff3f,0.14686789769453584,0.19196391772601218,0.18805559048177353,0.24645802294259117,-0.11551563171939724,-0.036153970327096,0.007702230827415328,0.12147117139014438,0.06823763251403869,0.07805369768299769
2012-07-31,historical_mean,0.1506700154506529,0.16255145665741216,0.058905747865332314,0.08288506231468408,0.13161528504836378,0.08863553054900203,0.10043857774687812,0.286228588474061,0.17727153676100046,0.16611461610183853
2012-07-31,capm,0.15984530281268317,0.2079349870254622,0.19629761642303128,0.2270314177019839,-0.10724542325597566,-0.03985885510574879,0.010878754751250335,0.1743381838230639,0.03929453323467161,0.08055612370639144
2012-07-31,ff3f,0.15948002939708794,0.1998030908185648,0.2064181923922085,0.2575555388234871,-0.119522557924638,-0.03695726964847939,0.008958749262120154,0.14051473544781407,0.07203822186166728,0.08636004413359812
2012-08-31,historical_mean,0.13060537516004686,0.12819432527391753,0.027276827779338993,0.04796948594600799,0.14218832679256205,0.09051239961842049,0.09675599136437302,0.2587391106141832,0.17221209721182137,0.1527820356827692
2012-08-31,capm,0.137822738313716,0.17986304822343305,0.16709616229577173,0.19417418983823392,-0.09683568591148117,-0.03629133075474497,0.00520554985505358,0.14867584301379033,0.03466474217017657,0.0668724071294354
2012-08-31,ff3f,0.13842653933675145,0.16214363953312705,0.1859931360244088,0.23156374436304977,-0.10510301303342695,-0.02878763227774124,0.009454976624749872,0.10778502972632126,0.07529918658565887,0.07962572806184819
2012-09-28,historical_mean,0.12676227553718505,0.1301387251341265,0.023094151510819505,0.0537373726180137,0.13040831950403525,0.08758666375614065,0.09223811840202939,0.21406954801981248,0.18810521271405067,0.14713427901051848
2012-09-28,capm,0.1351366140868821,0.17709349581646844,0.16371392145676927,0.19199402202189256,-0.09642633855888974,-0.03596546754986372,0.004727005840392906,0.14150276593470895,0.03555550095994064,0.06547677663097037
2012-09-28,ff3f,0.13453961224076458,0.16167703860045418,0.19457635828574177,0.2509521580680386,-0.10544772783980205,-0.023530238603674602,0.008721628637338741,0.1149984947467888,0.10058574827807587,0.07743059856181696
2012-10-31,historical_mean,0.12349309538566827,0.12279040021407073,0.019596968080350646,0.038333450492197677,0.11376196738285752,0.08269667445441953,0.09007316538633238,0.1865184532191433,0.18441706653630632,0.1420813483914423
2012-10-31,capm,0.1310169749762043,0.1711505584133426,0.15861618334670555,0.1838094546817297,-0.09582602647252406,-0.03559180698368271,0.004207547277393446,0.13462742576865067,0.03340366268242673,0.06298552857400501
2012-10-31,ff3f,0.13117039909942912,0.15144096727249493,0.19017007006696648,0.23914442214547627,-0.09748880362008201,-0.020957446753412698,0.00994194439940343,0.11555234218770691,0.09500323301672167,0.07732418191850896
2012-11-30,historical_mean,0.12384193664650142,0.13784986626693813,0.031745534311401556,0.04856031890383732,0.12098146201357513,0.08183364856975506,0.0961917301696554,0.19869726534203974,0.16227330468898932,0.1331532019836635
2012-11-30,capm,0.1339202105532973,0.1720412481245688,0.16036338246338008,0.18635482432465472,-0.09992662554435738,-0.03645742468332854,0.003178343878090202,0.13527443875527417,0.03814529085013031,0.06609562860220553
2012-11-30,ff3f,0.13344702880677423,0.16475976245355453,0.1691865544918587,0.21062616874126078,-0.08724811945229713,-0.02313817122964927,0.006866358652764758,0.12753796055132166,0.07399739183290584,0.07310598188674335
2012-12-31,historical_mean,0.10579533357340151,0.12942696957902688,0.028067757513577637,0.028508182804810288,0.12080445823703252,0.07842501083258739,0.08732560674568521,0.17661876468312507,0.12060235144372952,0.12718031424740522
2012-12-31,capm,0.11795942430223015,0.1549131681515134,0.14290848078220356,0.16382898269326318,-0.09084358162008477,-0.03405281428006106,0.0021673217015878068,0.1194357132835851,0.026607063764134256,0.058177203027989
2012-12-31,ff3f,0.11593498823391779,0.15693226610447075,0.14675708431385853,0.1897586379893309,-0.08296103530602447,-0.02383046201114457,0.0018467314119378086,0.11309306754716995,0.06029151103733518,0.06156614969219246
2013-01-31,historical_mean,0.10245306818443725,0.11585506349474695,0.040003649937462187,0.039704202640342294,0.13426033143234783,0.0902844001302649,0.09318524340207622,0.16504710197346717,0.13733266386141177,0.12092440699999915
2013-01-31,capm,0.11300556195833739,0.1469553703262999,0.13724959382530544,0.15667956887207393,-0.08511403920743779,-0.031219782430984777,0.002896253224506532,0.11313863203679288,0.027939584452483342,0.05616567845782014
2013-01-31,ff3f,0.11291778769484007,0.1395842757103115,0.14162258766065183,0.16624043319089482,-0.07463877323276642,-0.02187503859811863,0.006245527494607264,0.1060528653476266,0.04995549959535139,0.06416234673604101
2013-02-28,historical_mean,0.13143388688632396,0.1487028319917448,0.06953202452360853,0.06564763896263551,0.11461455854049629,0.0781376643392632,0.08469693370916545,0.19621177162337128,0.13986138512582305,0.1426457284993094
2013-02-28,capm,0.14081887047778638,0.18397608544196442,0.1695848030486577,0.18783744586748952,-0.10915984093795786,-0.03959480676246023,0.0020806627443707383,0.1370832583426032,0.031185871641499427,0.07223676385087831
2013-02-28,ff3f,0.14157508112079006,0.1691925458013266,0.1797017543766921,0.19513014474209833,-0.09691724335605614,-0.028500426572228024,0.00835264941539424,0.12730038368955404,0.04981156566010843,0.08457653348552571
2013-03-29,historical_mean,0.12542064395161476,0.13744228296963817,0.06432085989294503,0.05207658118125723,0.11986119973941317,0.08078687216588944,0.08657969748241082,0.18213084030131144,0.11171761439110235,0.14310099109152027
2013-03-29,capm,0.13416302468472038,0.17502498209165537,0.1626703537815525,0.1794927718279124,-0.10404655103633223,-0.03778043622231942,0.0021131280457680006,0.1297914812562112,0.028902926346427462,0.06848560304927148
2013-03-29,ff3f,0.1350654730070303,0.15605324042859847,0.1729511182342607,0.18756621518302347,-0.08752138232167357,-0.02282601064754744,0.01012922501855038,0.1189237304615865,0.05569844649098357,0.08567984177105022
2013-04-30,historical_mean,0.11814383075444132,0.12625644527680896,0.04801140245274907,0.022669156609254948,0.12538998555348238,0.08528309230906507,0.08425839602966026,0.15923427653967978,0.11632712207523875,0.14680352003156838
2013-04-30,capm,0.12695848227426204,0.1651736287794781,0.15280933218935763,0.1662622759789627,-0.09878258863528133,-0.03520332612989423,0.0016934252161762016,0.11874883451015447,0.029381436750798868,0.06601413713820539
2013-04-30,ff3f,0.12773976198139742,0.14520957289041114,0.16282191515812455,0.17601980581424798,-0.07938647931631022,-0.018280673084245913,0.010171330910957151,0.10864549194085507,0.05983995038937088,0.08529830359099592
2013-05-31,historical_mean,0.11937004330258211,0.10667916275057074,0.07381601571442725,0.02725182225199435,0.12975858863044673,0.08486469594710012,0.08512603908673677,0.15793930840495887,0.07105909829970924,0.16006829606850229
2013-05-31,capm,0.12565251569338648,0.16263729111577915,0.1521813594055845,0.1647223891164135,-0.09788560579744132,-0.03496208734247727,0.0015787340809962718,0.11706009682887747,0.0275161890617236,0.0658545272861035
2013-05-31,ff3f,0.1302394416756881,0.11754776982514246,0.17286737156828505,0.1587833542341443,-0.046629465422109745,-0.001396542143908705,0.03089266079624342,0.12660229680315632,0.058494725634400335,0.09879715668273265
2013-06-28,historical_mean,0.1547447231339723,0.14565391380810155,0.10316504147873318,0.0436392048423058,0.08981667155416521,0.06471401868097033,0.07861394040969921,0.1556672819802331,0.03970934506759502,0.1685532276386942
2013-06-28,capm,0.15771403468698597,0.2127709158316281,0.18600361141405516,0.20935070976624692,-0.13422983568734106,-0.04655478017109292,-0.004522053526365075,0.14818647500133195,0.04253463320096129,0.07793018763999818
2013-06-28,ff3f,0.16354893554202563,0.16476031222131587,0.22204995079926232,0.21018098050039097,-0.07913945842084474,-0.013221374147211315,0.030670618790347413,0.18172496576221564,0.06580645081150174,0.11642698467507734
2013-07-31,historical_mean,0.16797579039162158,0.16978156495948116,0.1010619374596381,0.030091430433107462,0.05994365652540995,0.04610782598289853,0.05678702106431516,0.1668379678278031,-0.007115736480659833,0.1760906230558785
2013-07-31,capm,0.17137115958121493,0.2291720279343587,0.2131194236289322,0.24477738860964668,-0.1424203958105714,-0.04637830148188573,0.003546122441814227,0.16072499214164013,0.0638847246994638,0.0834029739028899
2013-07-31,ff3f,0.17627755617463917,0.19268266749769875,0.2362777829416262,0.23695566719884925,-0.0990092768942398,-0.02170897148276152,0.030166877687667907,0.18677982541390972,0.0786702866083091,0.11106999837206044
2013-08-30,historical_mean,0.1627480382562049,0.17166025611731892,0.08173392403898617,-0.00010587551998674644,0.05550035801470179,0.0419115986613049,0.05349106762747086,0.13929586819218798,0.03417792676554368,0.17143278459510072
2013-08-30,capm,0.16684249551011446,0.2272748549602111,0.20110536401830537,0.22849122651846643,-0.14320597939381038,-0.04809568612195869,0.001615144941586391,0.14660859217959574,0.0816567942752732,0.07973230815830744
2013-08-30,ff3f,0.1714039179878109,0.19462900688399754,0.21941320970086772,0.21996861313781055,-0.1054544562866363,-0.026966389242540228,0.024890820540916653,0.16949387152885448,0.10000373263918108,0.10369428856202809
2013-09-30,historical_mean,0.1679386610492704,0.1867272812448782,0.08804807068792703,0.002293169551488688,0.024144003083710838,0.026132873291544623,0.040762210856116206,0.11945707703241112,0.0325931252588439,0.16217310283759165
2013-09-30,capm,0.17374797101091993,0.23260154632976826,0.21123728310359605,0.24333549441772193,-0.1361883096098751,-0.043298387796085566,0.00868217761129466,0.16493382945320845,0.09237645737290416,0.08765085822017436
2013-09-30,ff3f,0.1765549208613194,0.21089566355035513,0.2195500769704759,0.23670349435898463,-0.10591779396319304,-0.025241259017291684,0.023778392257554425,0.17843607300234393,0.11402841062739155,0.10736113862012987
2013-10-31,historical_mean,0.14973433553217846,0.16858600236064109,0.08147586150566723,-0.011563909806158956,0.03481855928546002,0.03224056423287516,0.041707461530058165,0.11628691426513728,0.0007028495647705066,0.14717014830160083
2013-10-31,capm,0.15629140946564907,0.20964238223705467,0.1936694354802766,0.21967137827956906,-0.12894956362219412,-0.041621222434444646,0.008710167263388873,0.15839478982239585,0.07663271374081179,0.07571659205347453
2013-10-31,ff3f,0.158534231210336,0.19199780809621794,0.19838575590005347,0.2158438919197474,-0.10288191539270426,-0.02536539340528995,0.021565392894194426,0.17181792488591388,0.10646913694036925,0.09308451580112342
2013-11-29,historical_mean,0.15232644370944398,0.16300863254164616,0.07972014624258802,-0.00784636317539307,0.05479346943299739,0.0348470593626298,0.048557868437979435,0.1155796010530882,-0.012496975904159135,0.15739609486109107
2013-11-29,capm,0.15768811297719157,0.20891527324244924,0.19400869355799655,0.22162068365271076,-0.12422864165479239,-0.04106201037900962,0.010568899676790852,0.15898915749605394,0.07348567688321678,0.07896659387423655
2013-11-29,ff3f,0.1609914284362131,0.1867123161059934,0.2005555103528828,0.2136015473894054,-0.0957475139777829,-0.02600444768584484,0.02566706626142445,0.17286968786290682,0.08988769784353659,0.09864830906761096
2013-12-31,historical_mean,0.16206215705880303,0.16452350822809883,0.09801642543373329,0.0011174892656716576,0.05133763152603979,0.034920633263466866,0.05352147257569086,0.10382967079157303,-0.03835764790551272,0.16780585471793458
2013-12-31,capm,0.1654684729760347,0.22056907701425787,0.20111742621181217,0.23078156610748637,-0.13250987966772368,-0.044044975638482704,0.010071644559533072,0.16169996423775893,0.07424382720603995,0.08181084238524242
2013-12-31,ff3f,0.1705767574692496,0.1884424743704654,0.20602428132311779,0.20995623752055317,-0.09800181365896293,-0.026987688928728104,0.029930141855911495,0.18281121601556807,0.08863757191582111,0.1075859952843466
2014-01-31,historical_mean,0.14902321411515798,0.14543679038180488,0.07858929082796651,-0.023657802333661368,0.05761030698726605,0.039515028034252095,0.05675316569065867,0.08933516639230413,-0.05927778634086769,0.15574572449274438
2014-01-31,capm,0.1526815586222349,0.20391614088115476,0.18374460542152588,0.21212954837320164,-0.1227860651576361,-0.03715875996961456,0.011971309269624733,0.15089056375572268,0.06563353591050024,0.07411941723096536
2014-01-31,ff3f,0.15781046177319,0.16958406953693117,0.18876464760729353,0.1912707323753094,-0.08375874414508663,-0.01904025143106693,0.03282289480242286,0.17197102708485357,0.08660261059740204,0.10179207888486536
2014-02-28,historical_mean,0.12938406929711316,0.13729734334691732,0.05387206633884645,-0.04070871679027546,0.08841636289933612,0.049643761807790565,0.06284800491097149,0.09262534451234525,-0.026097493782139953,0.14299433605488301
2014-02-28,capm,0.13637292593044809,0.1796171455421147,0.16432449822077716,0.19346353079491063,-0.11131956636296746,-0.03514801778782815,0.008486451039626721,0.12360489002800268,0.052305854534768575,0.07258472755922643
2014-02-28,ff3f,0.13875980945583835,0.1594867358839232,0.16632924972009822,0.18998149545933074,-0.07480627877357027,-0.018402710731681152,0.023299271650847195,0.13537102642454168,0.09172730631291753,0.09616634112471192
2014-03-31,historical_mean,0.13283836423289092,0.13487833648418343,0.062079444588223245,-0.029489574737350872,0.08470274973775095,0.051528384636595106,0.0630618934542961,0.09376984244769007,-0.02524326120367329,0.1461930544651436
2014-03-31,capm,0.14005448780138563,0.18275837212608753,0.17007983003400742,0.1995717339401466,-0.11367000864361876,-0.03529435006094263,0.008828942055675366,0.12693005731777893,0.05535581111159922,0.07509652105017736
2014-03-31,ff3f,0.14312872612674604,0.159076020665631,0.17364996634863178,0.1924956198962643,-0.0664166005301626,-0.01484898577740073,0.02722739181400094,0.14314122762438924,0.10905821261115024,0.10442876325047543
2014-04-30,historical_mean,0.13555216102882087,0.12406837134918146,0.06860303441781465,-0.03714810966052631,0.0870369941925635,0.05016896905387397,0.06477163984443653,0.10083476340590052,-0.04117015793409566,0.14929681346108342
2014-04-30,capm,0.13976111358054163,0.18338551478891565,0.1695122200512963,0.19993766448738753,-0.11380804963399388,-0.035211969074961325,0.008674193397992403,0.12634326778244853,0.05640832263232469,0.07480246717360198
2014-04-30,ff3f,0.14579695556091857,0.14946750294190095,0.17335844772330886,0.19138496805028826,-0.07517955211446456,-0.022535727321661276,0.02882638448051398,0.13814095158172943,0.07010353458865151,0.11497838241065889
2014-05-30,historical_mean,0.12834474053257836,0.10265850166848184,0.055868495774916094,-0.043543880744473476,0.08624168554638299,0.04660510330097963,0.06092839719860373,0.09298429018205268,-0.06808584815913342,0.1409431839438241
2014-05-30,capm,0.12963132135438882,0.17198822313467116,0.15527068520371623,0.18455473049693805,-0.10734917422954195,-0.03361951125063633,0.0068765914049776404,0.11462214084850951,0.047968800143165485,0.06729189960039211
2014-05-30,ff3f,0.13849309558815842,0.12910550102833335,0.16423493111446247,0.18445527602053308,-0.07365821070920772,-0.024789250972519425,0.027559408500955188,0.13226925682613208,0.04901007155758038,0.11241111238325313
2014-06-30,historical_mean,0.13975090899191425,0.1113026804675269,0.06858075351912336,-0.023899883074900014,0.08471237433960062,0.0443860560541339,0.061733203823930896,0.0963358964590143,-0.07238791053156865,0.13866560629524893
2014-06-30,capm,0.14024500086529748,0.18584624546183792,0.16785264973627234,0.2004333261902706,-0.11476022098842914,-0.03482316717175825,0.008307658333507613,0.12604443088658793,0.050825500243020176,0.07463149440028036
2014-06-30,ff3f,0.15032793726015314,0.13952098584195172,0.1779908076567523,0.2048584172552022,-0.07999205796132723,-0.025802454062191834,0.030290380220263993,0.14507603426445564,0.04016372734710624,0.12218088744259037
2014-07-31,historical_mean,0.15223369771304693,0.13654145562532596,0.07569634513338608,-0.01285565463438854,0.09170866354020343,0.045348353313932395,0.06442371478157927,0.11127827467323131,-0.04375465301412553,0.14682328775462303
2014-07-31,capm,0.15370808783157247,0.20542555510787802,0.1853813204347894,0.22372776369510472,-0.1315409771676287,-0.04000206492810914,0.007656431637463421,0.13630082706556731,0.05752348094180684,0.07857191110317585
2014-07-31,ff3f,0.16246481554753742,0.16361740291703597,0.19591136310991286,0.2265211191049361,-0.10357192236653212,-0.031875176439011055,0.026460330815091568,0.15279313331154454,0.04101763217890212,0.11988015869660734
2014-08-29,historical_mean,0.15445999402064728,0.1272753799379629,0.07492468068867791,-0.004888066677235773,0.0795155734315192,0.03421131799689073,0.05535321449841206,0.1063722373992505,-0.08302622843958236,0.13987648843282396
2014-08-29,capm,0.15431715890474712,0.21045584191268873,0.18741434440841231,0.2233990461290847,-0.12842441456668813,-0.03630321711263536,0.011083852288116454,0.13960809981067868,0.07268773213065713,0.08159058115394688
2014-08-29,ff3f,0.1655521661822497,0.15660756293912229,0.2007925985461598,0.23979221817723564,-0.10402256471419397,-0.030833543802133857,0.030650934152454623,0.1622880419404349,0.04677849881535088,0.1223991095161654
2014-09-30,historical_mean,0.18620983020375034,0.17403659514076428,0.10606518656766498,0.03678548963729276,0.06414015520698686,0.025265434756717026,0.06083459000787689,0.1356453920424818,-0.12035246149957537,0.15426048563748448
2014-09-30,capm,0.18600599756053565,0.25073498166925745,0.21697506281798581,0.26957343631514596,-0.1381322632007765,-0.03220943427427365,0.016125171675676928,0.16664262030791255,0.14135102236432684,0.10999920736140908
2014-09-30,ff3f,0.196601340158923,0.20371888722011589,0.23101974079986753,0.28765017204082366,-0.12627035592209346,-0.03257864805948884,0.031735945408428466,0.18646877723983724,0.09935908949529493,0.14581120868411196
2014-10-31,historical_mean,0.2055616786316654,0.193075067805551,0.13099314716964458,0.07555606175690256,0.01567684863178164,0.014374338453436298,0.054013114477217156,0.15312960195027112,-0.10252526699139616,0.1673878254598381
2014-10-31,capm,0.20223623379358524,0.2724063701883774,0.2271534944050584,0.2609989121193422,-0.10896866532995492,-0.028321352605024268,0.02528480170780343,0.16494906219491728,0.13777832170608734,0.12024269522277944
2014-10-31,ff3f,0.21422968031669265,0.21876442002787305,0.24170432534223701,0.27797807815678205,-0.10544144567624561,-0.031785619526806974,0.03911052879880879,0.18149206541364934,0.08876433368778153,0.16019113996380893
2014-11-28,historical_mean,0.1787905688415846,0.16747881786787963,0.09946885840535989,0.030013035838242417,0.03795708610190201,0.023772877091356934,0.04984037184359596,0.14018311443082637,-0.13188439433692922,0.16384678529016605
2014-11-28,capm,0.17647819407524037,0.23482603058568183,0.2078807940202992,0.205296839469938,-0.09743249042653579,-0.022374490029270465,0.016013845515999395,0.11466527283888114,0.11386041148754235,0.11965610029426935
2014-11-28,ff3f,0.18459885022274475,0.19047196462102584,0.22047443607604716,0.21748147817166158,-0.09804673350493245,-0.026509199993955797,0.02510894625673659,0.11444177217481433,0.08839172788788639,0.14296376395609636
2014-12-31,historical_mean,0.18918174895382972,0.16911409062183763,0.10701212126230333,0.03143176704802178,0.041139222671384666,0.026113654847365494,0.06355706599129143,0.1597023474858366,-0.1390274472616005,0.1727256171686864
2014-12-31,capm,0.1853247069443116,0.2456653549896934,0.21566703928052683,0.2133450740761597,-0.09922134179472467,-0.022459706872537042,0.012190077862825534,0.1150337860601923,0.1250673123478025,0.1316032333973347
2014-12-31,ff3f,0.1944499572328828,0.19370378165869068,0.22711351571394575,0.22253340482856399,-0.09374787300908849,-0.024293865741441108,0.02256402205863022,0.11478834415704191,0.10146758505440581,0.16136849264341316
2015-01-30,historical_mean,0.1848703032483314,0.17690775670883335,0.10075947746549883,0.032479169251831336,0.040514993373920866,0.0199841232599106,0.0520711689164397,0.15020115311356566,-0.0971024382598066,0.16048330027006222
2015-01-30,capm,0.1832863217304264,0.23817138665634546,0.21517532096512132,0.2111449898440047,-0.0986639633793114,-0.02077706730075184,0.014414820037512531,0.11407093998186205,0.1131075628719696,0.13251169035863788
2015-01-30,ff3f,0.19000231238449616,0.19987509814185378,0.22780381203772648,0.22411464822104804,-0.10294714152769027,-0.02532118568913648,0.020117331509138706,0.11046389230212253,0.09013896336937458,0.15283914925206227
2015-02-27,historical_mean,0.15973420175157235,0.14279481429369112,0.08571725228543707,-0.0045793204390752315,0.07282765139470057,0.031163998059754797,0.057273973055471925,0.1516787246326983,-0.10529838288326968,0.1619898032476664
2015-02-27,capm,0.15840435931702357,0.19942153458445683,0.17031626486722157,0.15598404189628462,-0.10518044095084016,-0.02979916066624124,-0.0005330533347833219,0.06950753691179884,0.043696435723606805,0.12279826393606441
2015-02-27,ff3f,0.16470729955968907,0.15906648490402994,0.18096659474336282,0.16493385174776506,-0.09748651652699292,-0.02741204713296619,0.008937091399149229,0.07038945423671276,0.03407503104165322,0.1437404737067327
2015-03-31,historical_mean,0.16379833584745146,0.1535939224686785,0.09046744043208121,-0.00732596079429113,0.0604827287042865,0.02650797242641523,0.04710648479893,0.14305862164559613,-0.11555484514979443,0.16326491503372126
2015-03-31,capm,0.1627206681965057,0.20725870513675826,0.1761636782314589,0.15690863287407292,-0.11748232062985753,-0.03471365677743081,-0.007908172930462695,0.05887234862460138,0.032319801741650965,0.12463516265555769
2015-03-31,ff3f,0.16864516650486805,0.16991066276784306,0.18583223308300426,0.16339324593531104,-0.10957503085813411,-0.03199557276945811,-7.49671455037748e-05,0.061045395280047696,0.024133340327114023,0.14464617554338763
2015-04-30,historical_mean,0.14796901594241532,0.15126120794462644,0.08427156903561578,-0.0018130788887853618,0.07853147106913409,0.034695960225626994,0.05252736504213727,0.1318838834191327,-0.11837506785092106,0.1465462783230324
2015-04-30,capm,0.14991772995737104,0.18647494702345552,0.1632202685505546,0.14745815401333756,-0.10272450626130628,-0.030559207853536823,-0.005123876450792996,0.04900024742917852,0.031322435025405056,0.11592613111900327
2015-04-30,ff3f,0.15291207101285437,0.1660308277130102,0.16786257694683107,0.1487865415347715,-0.09470660519761817,-0.027361215924689687,-0.00011997667676098793,0.04985112072886082,0.03036261083646115,0.12733933997022084
2015-05-29,historical_mean,0.1534636012954596,0.1480379504881951,0.10320631443886329,0.02599479133971161,0.0511773896355133,0.0243185385885723,0.04495880898171853,0.10240169809055472,-0.1184389515366632,0.14302968815530895
2015-05-29,capm,0.15446545868380288,0.1930170235943633,0.16588679628091002,0.14914905363722766,-0.10052011528289366,-0.028816938787023072,-0.0038560228520121793,0.0564747758724643,0.03343375077927252,0.12089765050480297
2015-05-29,ff3f,0.15924573295834754,0.1636573975123537,0.1748294347161206,0.15976077527671526,-0.09877956813818081,-0.02877589297188276,0.0003842850226113832,0.05124297226919537,0.027256130627952947,0.1338891138782722
2015-06-30,historical_mean,0.17836654939968544,0.1780954596781367,0.1432422345034606,0.0497692051534008,0.014370517567237298,0.013497598135029832,0.03868868550506707,0.11676081970067295,-0.09476737164300726,0.14983551365224865
2015-06-30,capm,0.1760231355414203,0.2280867828318713,0.15961580175457452,0.1431963399420126,-0.09309201313933851,-0.02511930635748856,-0.0031058990483413492,0.04707759654564224,0.01266362441573888,0.15988673251330224
2015-06-30,ff3f,0.1823922672696335,0.18762619599922387,0.1691326727363151,0.1557430557801519,-0.08701154263106914,-0.02371355258371486,0.003504072692700428,0.03880947064699024,0.0018886516040398562,0.18010370295966222
2015-07-31,historical_mean,0.15826648791475226,0.1642661763201903,0.1099948305024777,0.023477934518958743,0.0061545816649710315,0.00940021008844713,0.029459229891752203,0.08292307067137639,-0.1076177220177131,0.13174785901983202
2015-07-31,capm,0.1599697394099718,0.19855256243103658,0.1414665861899007,0.12676327800020828,-0.07047816751878544,-0.017643347225625366,0.0010346085660031987,0.04636888071597811,0.007241295916414442,0.14494674753856585
2015-07-31,ff3f,0.16341216077128207,0.1764335442647792,0.14712356242439192,0.13196289272651754,-0.062393878350704125,-0.014691121675784366,0.006111271592297385,0.045862905238457374,0.0039025663210895973,0.15605698590497485
2015-08-31,historical_mean,0.16179234071054308,0.16567450946647105,0.11643277982314558,0.001837088676566313,0.008485784452589261,0.009785563872057229,0.02080871916414703,0.09501569550134922,-0.1332328937330726,0.14206068593676804
2015-08-31,capm,0.16270628368050027,0.20028082891518278,0.14357212235862246,0.12814739981323275,-0.06946387132111978,-0.017171576917601215,0.002639582711038602,0.04826103509009224,0.007610915283408057,0.14849225019561335
2015-08-31,ff3f,0.16666154396833976,0.17518895604809295,0.150224639716862,0.12118721629564658,-0.0529335017148337,-0.010474374934820067,0.008295911677585794,0.05495827430616607,0.00024266781466670515,0.1656312230378773
2015-09-30,historical_mean,0.13258201887079324,0.13236340748705494,0.0802158773903575,-0.030360763736416052,0.010605355016489357,0.010439647687500228,0.01821824925333429,0.07340642627058594,-0.1371706204868707,0.12316086762793158
2015-09-30,capm,0.1379691281873829,0.16385520681157278,0.1280622860309003,0.12089899176107122,-0.043534512177560894,-0.011525937366648737,0.005645829150426665,0.060091687067253416,-0.016201843858647414,0.12906913259551964
2015-09-30,ff3f,0.140474308671535,0.15012487218574624,0.132363870923845,0.12601152461934612,-0.042051361952619666,-0.011830960551525316,0.0071278447568059525,0.05903196292599896,-0.024024175974125372,0.13539538099420295
2015-10-30,historical_mean,0.1156212706260847,0.10479290021176943,0.05622742036151772,-0.05792684504034623,0.025649335979014695,0.0168256961565245,0.018514032931447995,0.08972193261749659,-0.15844505384930663,0.11865306844889248
2015-10-30,capm,0.11884948953584291,0.1438838796251106,0.11282803531266963,0.10072475554289284,-0.03713698994942855,-0.011712199288442558,0.0022142878399475313,0.047095983271403796,-0.016208956981625083,0.106791124714484
2015-10-30,ff3f,0.12312072068405104,0.12036407885094558,0.1196773497528395,0.10658464414437006,-0.03129336534983419,-0.010315286421242919,0.005765113227231096,0.048905664644884925,-0.02861743941444276,0.11954644766822281
2015-11-30,historical_mean,0.14895502051181872,0.1303375227521033,0.07394140276619693,-0.03586922639191756,0.025901185576389697,0.016018648670667598,0.01596310618702566,0.11142553806347304,-0.14095963924657665,0.1412511158882417
2015-11-30,capm,0.15124468692214985,0.17113521063616732,0.14556223161693632,0.13334001390680703,-0.04467971569930259,-0.016343980030778797,0.005391777018863024,0.0651446336194811,-0.009858451005869899,0.13052934031975366
2015-11-30,ff3f,0.15523002235323033,0.14823422114522325,0.15315682554927804,0.13095287658609167,-0.029154881099780296,-0.010341529962155364,0.01148589230722932,0.07411897974528536,-0.015295538230809383,0.1452963644961036
2015-12-31,historical_mean,0.14828990718055268,0.13919809392244706,0.06227974081770948,-0.049533710017835464,0.01915431982484746,0.011341935662089063,0.017869155070723692,0.11021418775561681,-0.16270026411435223,0.13209616330429888
2015-12-31,capm,0.1505478318889372,0.16935098623834585,0.14573947610897237,0.13381312109270332,-0.04388556242277282,-0.015900044587366848,0.005218175490687404,0.065006617936719,-0.007699556504850975,0.13067587511389425
2015-12-31,ff3f,0.1526198220314507,0.15650138851054246,0.15046563505098534,0.13038684585581858,-0.03239216220944078,-0.011118858038838629,0.009463077976686305,0.07210500095329479,-0.007945714361257098,0.1399275192426561
2016-01-29,historical_mean,0.13951393975081644,0.11014399806456723,0.04012171243794677,-0.08445660233990243,0.02655962833272476,0.012977816186479965,0.015349706539841693,0.10407837693993571,-0.15601839588576355,0.14867756407044835
2016-01-29,capm,0.13933227728966346,0.16093085161538212,0.13491799167571178,0.1250932176909481,-0.03876261909466631,-0.013496336596825234,0.006430684208867152,0.05714020948353821,-0.008174178519812867,0.11479114515966182
2016-01-29,ff3f,0.14375669153772122,0.13331717725223544,0.1522041546552914,0.1206540180097431,-0.011688621186985805,-0.001961286172845222,0.01623439611164104,0.08373512593981357,-0.006867517135244976,0.13819484888433287
2016-02-29,historical_mean,0.10584986306172114,0.06007988712542575,0.009000273111859152,-0.10069038494373776,0.0554276932118145,0.0282469463837271,0.020112502892642187,0.08018695223006067,-0.13676146804901607,0.13215158368486365
2016-02-29,capm,0.10276785768529838,0.1227812951378446,0.09991286940628451,0.0941199991711096,-0.03188884084547927,-0.013382475720796625,0.006429957134174149,0.04394498981633835,-0.019176501537896247,0.07468466663814108
2016-02-29,ff3f,0.10917900909208274,0.08416949518371251,0.11781736799700407,0.09552788501207765,-0.007638589433654582,-0.003893165600183721,0.0154160527984845,0.06715113178740763,-0.022187701538933527,0.10205796522214772
2016-03-31,historical_mean,0.10134838047366057,0.056002075893770396,0.002018840163547489,-0.09572574634542627,0.06145534844757876,0.029410250797131908,0.02003234213329403,0.07494385048245532,-0.0847814095691089,0.12234933191901448
2016-03-31,capm,0.0985596188801484,0.11762679005370011,0.09666494629901778,0.09025959665767609,-0.031163102487554224,-0.01314118523281837,0.005896973056963656,0.042299995008429375,-0.020683662643028716,0.07144821163900376
2016-03-31,ff3f,0.10422698926000551,0.08296753164311825,0.11423238527078297,0.08912461034294021,-0.007125160218352345,-0.0035498499323089634,0.014761229880064303,0.06662508184603488,-0.024505096030847003,0.09713632897143805
2016-04-29,historical_mean,0.11062593676383452,0.06651824814923632,0.018944284696465488,-0.05168775213547555,0.06254497262049438,0.02823519089492254,0.03202392123151912,0.09868240861099414,-0.09074709703607445,0.12175124904807769
2016-04-29,capm,0.10774515596018383,0.12883076708576977,0.1083808046514961,0.1143679990799013,-0.03200214866449108,-0.013951111222613926,0.01196410037265377,0.05708117707146639,-0.022768399788186143,0.07578977196408605
2016-04-29,ff3f,0.11371369134560677,0.09297001621619755,0.12529213576332918,0.11192517837414542,-0.009312685898756824,-0.004946676836938221,0.019509187292599275,0.07783102926226784,-0.02727890169844705,0.10203994136900996
2016-05-31,historical_mean,0.10559346800900206,0.07321321279886184,0.009946729500931726,-0.05435630484966609,0.0448193330882287,0.022668670324426602,0.02999873605656097,0.0690272308362686,-0.04792665580629252,0.10727725977976593
2016-05-31,capm,0.10566394164512176,0.12670580876519394,0.1056228706396912,0.11205169405349602,-0.032110385619348134,-0.013890380835572324,0.01145155348655934,0.055073625595732964,-0.021053156671347634,0.07412248975193614
2016-05-31,ff3f,0.11033865971991791,0.09988517358525056,0.11490980605816273,0.11180152949391253,-0.01790412668709664,-0.008356979125367408,0.015292530896947883,0.06812845758152684,-0.025901542794355824,0.09362870987682029
2016-06-30,historical_mean,0.10343805675220255,0.06774322550680231,0.01987996604834199,-0.050404743933421474,0.07082784331597476,0.0328517522105134,0.03918767472963313,0.09698533051713762,-0.047711771780559284,0.11689008056776447
2016-06-30,capm,0.10261178413129317,0.12241724849666538,0.10470856426024916,0.11092229013764021,-0.027401995798905277,-0.011868018195883715,0.012843463370409175,0.05765796997221542,-0.01884739664802093,0.07392469238749465
2016-06-30,ff3f,0.10790858484070232,0.09101894728194963,0.1126098456315964,0.09787837185856843,-0.011498532478080917,-0.005938114200932305,0.014590733594946453,0.07296463471493228,-0.032780677141751105,0.09566596367949651
2016-07-29,historical_mean,0.10907269632563667,0.0704231351483074,0.020764142514591764,-0.017301025289919097,0.10426249844394689,0.05158496264300649,0.06041958713424464,0.12598796113892116,0.019985898175641226,0.13529909979999755
2016-07-29,capm,0.10621074521978187,0.1274350119244169,0.10856343499373275,0.11175501913411548,-0.032582482416203214,-0.01480099375997175,0.010583494777087997,0.05711072863736681,-0.02883291710690956,0.07548326521426459
2016-07-29,ff3f,0.11216737129113977,0.09231555929039914,0.1169964282598085,0.09563868773267592,-0.015384462971150873,-0.008930991185147416,0.011425589262857479,0.07504042729679,-0.048948939994675714,0.1009820930020915
2016-08-31,historical_mean,0.1042181263665289,0.0658602594244145,0.016477427780543025,-0.004206917589524244,0.11881090235812228,0.05358345793137194,0.06103071486122373,0.1369096066415234,0.0026465375102396596,0.11841995771529279
2016-08-31,capm,0.10114227843330317,0.12093713828212606,0.10317865636659185,0.11242025118727883,-0.026738078105945008,-0.013597672593046308,0.010318730430330495,0.05897960866946893,-0.03598346416992141,0.06839080959883416
2016-08-31,ff3f,0.1065234827516458,0.08827623576369244,0.11133810027761863,0.09065380158718375,-0.009482710699059874,-0.007118272362515344,0.011216555221643689,0.07740360209828712,-0.05191173125628977,0.09433688336134116
2016-09-30,historical_mean,0.11476761849128658,0.08247265652759889,0.024835213154291453,0.007294444832182695,0.11991363952423925,0.054970655544320776,0.0649755982445174,0.14823874880720944,-0.02530126047056367,0.13195939871846857
2016-09-30,capm,0.11098167419364355,0.13344524322290735,0.11522380851832353,0.1251988093095621,-0.032902168867136664,-0.017458029133900523,0.010084780219512103,0.05833371507129414,-0.03468080128719267,0.0717421342973103
2016-09-30,ff3f,0.11651324320440692,0.10126698098658393,0.1215756253882774,0.11841402389027283,-0.02348630805357197,-0.013859501985897941,0.010769707028506478,0.06808786552320722,-0.045378424967332215,0.09350079212410514
2016-10-31,historical_mean,0.10440149356424969,0.0650752776703846,0.004148764450104127,-0.007610799203715013,0.1126816483907915,0.04966327570854988,0.06145811787346135,0.13066486670417737,-0.006671599707822535,0.12222833038751105
2016-10-31,capm,0.10037620000043758,0.1178781461116246,0.09956056098693211,0.10885776161064009,-0.02938427072533984,-0.017046741761847253,0.009347684605000718,0.05236822334185145,-0.027949316063061003,0.06623102929556571
2016-10-31,ff3f,0.10558488006812736,0.08759298955288669,0.10676415985909146,0.10130183143887435,-0.018289529324489826,-0.012259801271666232,0.010349377121926314,0.06448813633866449,-0.04003768923180366,0.0877553399737396
2016-11-30,historical_mean,0.08348294260741859,0.04141759908200274,-0.014013053537953965,-0.024001965169563735,0.0930158744827904,0.04206095808799502,0.05035018041712346,0.09621757895772351,-0.01548926363637677,0.09894934749442764
2016-11-30,capm,0.08015128836009103,0.09747350618228592,0.07966672822482442,0.08544279507982638,-0.02057759805553672,-0.01270841871825498,0.008003719504602621,0.044314896271587856,-0.02036499003956791,0.05071645068239062
2016-11-30,ff3f,0.08643375850323937,0.059258202008055996,0.08944623185551459,0.08656216658653582,-0.01754614746868138,-0.011796530422737588,0.007073435429471235,0.04558512633203318,-0.0372056201469233,0.07309993400346369
2016-12-30,historical_mean,0.08580594871852032,0.06346050815549396,-0.021821055026409242,-0.03819135483800948,0.07358143900079434,0.0305974307474436,0.04008544426531393,0.10856420775246547,-0.02568128977532707,0.07947625675848498
2016-12-30,capm,0.0847385675311506,0.10918674506403268,0.08052195569391335,0.08428240996592103,-0.028673465469347417,-0.017144026502448468,0.004973903762294774,0.04701617021771317,-0.026535059972063305,0.04702700819227856
2016-12-30,ff3f,0.08936908620802748,0.07959437842232257,0.0888257016393663,0.0973187712256402,-0.03723330710285888,-0.0215451567253844,0.0024714281643003003,0.03257069646045071,-0.04059529143443327,0.05965808741761777
2017-01-31,historical_mean,0.08396366829006896,0.06626943956881325,-0.02009613075222903,-0.03767660161465122,0.07832729143218631,0.03724496138970702,0.042155837182189494,0.12390711711141893,-0.019231848671122213,0.08702634168952976
2017-01-31,capm,0.0818080689128976,0.10599599343255929,0.07787529915262821,0.08200562890622319,-0.026771300937075214,-0.015460214277853906,0.005128034811078657,0.04714291894709133,-0.024289736794597956,0.046351843096037716
2017-01-31,ff3f,0.08598307778557411,0.07959132515375655,0.08499318819228799,0.09565504942750155,-0.04187131721684729,-0.022785057750885927,0.0008480437820909484,0.028079364314036456,-0.0411628201196812,0.05516948400967427
2017-02-28,historical_mean,0.10183731328314963,0.0765843943443612,0.00850221797068573,0.013908219794504798,0.06065674337980509,0.027917828042175262,0.03642134267895654,0.10930614034627872,-0.012846022682260932,0.1103292502262356
2017-02-28,capm,0.0979107748305238,0.1290684797817964,0.09260855157779331,0.09447421628048967,-0.02691011195147549,-0.016178880076975696,0.008211569072753467,0.0628015547010544,-0.024500723592483564,0.05108610314114248
2017-02-28,ff3f,0.10383274687816135,0.09135092565871324,0.10230614746071606,0.10802463283742246,-0.0392622154772819,-0.022259791698550677,0.005326562048277941,0.04570520399785274,-0.044755198383576965,0.06360015738699187
2017-03-31,historical_mean,0.09984696102007165,0.06739595724738048,-0.0073871903743637606,0.008587386902048796,0.064154945395868,0.029131683653983755,0.03700099801321817,0.10433002763199077,-0.02266756366287214,0.11311474090078327
2017-03-31,capm,0.09487763271703104,0.12369805588067126,0.08559146725001074,0.09082595631919711,-0.025555073057181285,-0.01556913178072218,0.00806536970996931,0.05945211076951973,-0.028375719389701674,0.05013756009972719
2017-03-31,ff3f,0.101693153851875,0.08089045106197384,0.09624718576096239,0.10519857353427257,-0.03520426306536046,-0.02036783152151833,0.006096937077273459,0.04378471372488485,-0.04722931474989768,0.06681336686890729
2017-04-28,historical_mean,0.09750938266054181,0.06998701478637731,0.004748871713522998,0.007976432197258458,0.059532104029960294,0.031275536329495056,0.036112508458730534,0.09449943710492308,-0.013454554378726238,0.10447183639064389
2017-04-28,capm,0.09422361126484294,0.12258882304594541,0.08423332720391166,0.0898303970983832,-0.024949782336563257,-0.01536757523349381,0.008179189374396172,0.05958812109253328,-0.028288028878265085,0.05017386644894431
2017-04-28,ff3f,0.10007057790875676,0.0865426080337415,0.0944971068971973,0.0976186815969889,-0.017884181413941432,-0.011931746768906747,0.01089032431240502,0.06067309097591497,-0.03269418324226535,0.07190132984849434
2017-05-31,historical_mean,0.09849265175338554,0.08652826886958011,0.007223109663657978,0.011007507091528715,0.05782372454079267,0.0324332394287528,0.0356502115951947,0.08453121188486823,-0.009388771488969043,0.0991045639841143
2017-05-31,capm,0.09860988067606466,0.1269459434032479,0.08885718251526864,0.09437557052068267,-0.025402006015927923,-0.01573883556262336,0.009049239928717673,0.06315402181869204,-0.029147401661387882,0.05316988576143523
2017-05-31,ff3f,0.10242601910622391,0.10365292384830463,0.09694759984259811,0.10040397602982462,-0.013613648557624045,-0.010160691655556314,0.012400281993663238,0.06907369983394253,-0.0279048334337197,0.07123814569589147
2017-06-30,historical_mean,0.09551727376899495,0.07728541607624698,0.0135503769254745,0.010663879591301028,0.054368332519236104,0.02914770921444353,0.035054739243586805,0.07420371914423578,0.000525485662312129,0.1018356482009711
2017-06-30,capm,0.09561413235272079,0.12343951968306857,0.08631523266823896,0.09116447937537123,-0.025244492196136885,-0.0155893624053562,0.00866476543045787,0.06092936510811723,-0.027027326273887528,0.05170197604480005
2017-06-30,ff3f,0.10000506760368603,0.09678983208630194,0.0986558321426313,0.0999721420436622,-0.006572649758725865,-0.007047771336803815,0.01419502070944643,0.07111784630300275,-0.021755759143877493,0.07524140362764421
2017-07-31,historical_mean,0.0908237811359784,0.07122198241337828,0.01148051157240064,0.005827141612584523,0.05783614195744245,0.02816827682238996,0.036629286519683196,0.07780460685307375,-0.02716286316023544,0.09508358690183033
2017-07-31,capm,0.09032119272777209,0.11506737951094403,0.08172852046710813,0.0855753377676674,-0.023314706705809804,-0.014284865984329466,0.008633477076869279,0.0578044764944744,-0.02849131642639653,0.049859993147746445
2017-07-31,ff3f,0.0944122980197947,0.08899404856435071,0.09185924134552483,0.0929213992013874,-0.009742052666959104,-0.007732762416589419,0.012563803535586653,0.06341318043357522,-0.02322457002121356,0.07089711644430413
2017-08-31,historical_mean,0.10211541692617648,0.0948693176386095,0.029003125301333595,0.020173414321419888,0.05342796838557366,0.030151449964822365,0.04023776503123963,0.0816371725798652,-0.0072092578104122375,0.10862499653412253
2017-08-31,capm,0.10349997017225654,0.12747911999945208,0.09330686068045618,0.10262399667411068,-0.027382380298696024,-0.01706134068781924,0.009558027630822918,0.06688975178002093,-0.03570015253710982,0.05400063890378988
2017-08-31,ff3f,0.1063083377840463,0.11015028235311158,0.10203091366686723,0.1082429053560304,-0.013805589632701572,-0.010388044886518523,0.013625635250864836,0.07391501864771222,-0.028595374703290828,0.0713724876892113
2017-09-29,historical_mean,0.09018485582474178,0.0749279354612289,0.028253519306366937,0.018619868086763254,0.04921556965692839,0.028765496349970034,0.03587357732194916,0.0707702973364156,0.005233470426240002,0.08989684795617958
2017-09-29,capm,0.09105648403126114,0.11207034659584145,0.08493807373614812,0.09019352433057733,-0.029038011483127714,-0.01679739282155325,0.007377582579622388,0.058744805865926744,-0.03297326024472962,0.045969421266581455
2017-09-29,ff3f,0.0946072963382448,0.0899294499477561,0.09615446389635435,0.09812691948279625,-0.01117240234813923,-0.00810407447441416,0.01259365344679329,0.0675883279987458,-0.022887760383136807,0.06732804207648678
2017-10-31,historical_mean,0.10146538352069104,0.11567551352593482,0.04923394161601681,0.045423334291742154,0.048497672519865635,0.027442289284574935,0.04136192276887827,0.0911589921512029,0.015057868674833764,0.0855479610965975
2017-10-31,capm,0.10574750254098603,0.12829492007016263,0.09697147081022542,0.0978812864674774,-0.038380801796331326,-0.022126172513555434,0.006408147203610061,0.06195384540107439,-0.04725434595271202,0.053085041739216174
2017-10-31,ff3f,0.10584509094879849,0.12879306942227617,0.0992493704263259,0.0997916183550851,-0.030707175018417528,-0.018742096323084885,0.008556076679924765,0.06848078369941792,-0.04370293528182664,0.05634980361381896
2017-11-30,historical_mean,0.10146954435859667,0.09681219260858887,0.05567014291583994,0.05148403190936186,0.03910405853371193,0.021729508838215762,0.03791448676386333,0.05598904611525378,0.022895021979673934,0.06838824904887673
2017-11-30,capm,0.10532444426210405,0.12473916719981998,0.09769253582513002,0.09839700940323645,-0.03944222282920697,-0.022659917488267383,0.006078580320430244,0.056158597862669093,-0.045344304031360735,0.050400854358908
2017-11-30,ff3f,0.10730192241034678,0.11212616238949855,0.1018926251942797,0.10337148396218729,-0.03313727925120427,-0.01914617793746196,0.008071439651634153,0.059334499719417004,-0.040517228315249745,0.06044757130284957
2017-12-29,historical_mean,0.10247183661110482,0.10610301711117612,0.057751741607182897,0.05536546670751792,0.03182455372513866,0.016529426682615672,0.03447793374191163,0.058151851345874125,0.02571203344972247,0.06848486091658153
2017-12-29,capm,0.10719193459491444,0.12822622956476548,0.09928825075008907,0.10010768228868672,-0.040847637848074686,-0.023702996671876145,0.00564216559558162,0.0577170051625428,-0.045114262291885386,0.05206838410203365
2017-12-29,ff3f,0.10846516858578435,0.11984096681899162,0.10082017125556383,0.10263375450589549,-0.04026998469554305,-0.022959139231198637,0.005918296264824513,0.05729505676598209,-0.04380952778812678,0.0572783180667258
2018-01-31,historical_mean,0.10733673222457171,0.09526587105684473,0.0758000417921058,0.08115455917537764,0.027147183296930128,0.016713455771262598,0.038578631137687,0.051373231442033616,0.028315851912389268,0.07904508538100775
2018-01-31,capm,0.11097517127105806,0.1338166678084986,0.10156808257750344,0.10254003247476967,-0.04105185528866765,-0.02438938639672794,0.005975680825316316,0.060521348548876384,-0.046121715262058834,0.05372268654693248
2018-01-31,ff3f,0.1142865523929534,0.11317860509531984,0.10702768464837023,0.11041444765076808,-0.032352165878547515,-0.01991209795338221,0.008520898266778638,0.06453987438106622,-0.03855048479819071,0.06939692978064396
2018-02-28,historical_mean,0.13563860907874542,0.11479199148236971,0.09005338483280378,0.11002524158863622,-0.01509644542597537,-0.004573151469092164,0.02219065105481464,0.014791679493872773,0.01115198819017226,0.08769688656785828
2018-02-28,capm,0.1390970342227139,0.16143222644900787,0.13425344277066995,0.13884653214934262,-0.04105005058730288,-0.027648358351869986,0.010267165272086841,0.07722831521016182,-0.03652248044464716,0.06504694776433546
2018-02-28,ff3f,0.14244935638221456,0.13772499710186836,0.13687917257265592,0.14629825257206477,-0.04098705432685293,-0.027190423677611722,0.01019064931933985,0.07223083801421641,-0.029952561516495883,0.076621042698025
2018-03-30,historical_mean,0.10506532077956149,0.08247243202046518,0.053051341440243496,0.07538112177168076,-0.004275795888459462,0.0006455888636022657,0.019417219171998738,0.0006411336196426171,0.02444838489979722,0.04771614406142829
2018-03-30,capm,0.10947757381805467,0.12607629480803917,0.10515638212725596,0.11445768760709638,-0.014642944344095942,-0.014348227311972134,0.016129330272686638,0.08150311937161107,-0.0123988873273864,0.059701920061253105
2018-03-30,ff3f,0.11242033226126241,0.10542300897963952,0.108508269545846,0.12172514246862459,-0.01260784236088553,-0.012965201719187618,0.01669412886058949,0.07864388494501255,-0.00584093253861942,0.07218152074761465
2018-04-30,historical_mean,0.10107759783391347,0.08065793679258888,0.0550369972042025,0.08220982091545383,0.001501497439047364,0.0016348580849398341,0.02061837535450453,0.007640942877386982,0.03380076301338839,0.05121867531379051
2018-04-30,capm,0.10620089151473522,0.11970214354679837,0.09998158479680293,0.1073028004580775,-0.01535636170573283,-0.013434623172555296,0.015552169354228883,0.07461502555306765,-0.01294933320250487,0.05685820162549675
2018-04-30,ff3f,0.10838265650632481,0.10424584093863068,0.10117299850936956,0.11056446524572058,-0.015730255178470286,-0.012929072365114931,0.015489758522276862,0.0700182406205388,-0.009777658205480466,0.06469251592597065
2018-05-31,historical_mean,0.09953405863540085,0.09257455116592594,0.04813068020393983,0.05059173742635881,0.006084759409478908,-0.000530927313582366,0.019338063875261702,0.030452802481107176,0.031163273785550293,0.039657526782742654
2018-05-31,capm,0.1056430554899466,0.11856594130638042,0.09949295025971729,0.10788066043240296,-0.01454850876078583,-0.012552190319264115,0.016137727903513376,0.07363594296583398,-0.012065618495665412,0.057568951642339786
2018-05-31,ff3f,0.10626482394567,0.1140933623094804,0.09941570609260515,0.10820046859960519,-0.013981920710674979,-0.012201620298562471,0.016379430008484484,0.07306228272530316,-0.010890193857702544,0.06035010770813927
2018-06-29,historical_mean,0.10328211277688817,0.1051392105468226,0.04110509648411937,0.05570716115109281,0.02070356957849574,0.004130564719350233,0.024827221345047598,0.04350813427671901,0.025307259100035825,0.03151458013561713
2018-06-29,capm,0.11012176544543473,0.12545941936336644,0.10157196490598215,0.11047133040937857,-0.013233852622995392,-0.012059514790288078,0.017312937868068368,0.07831293137108164,-0.013122830084761089,0.058432425527154594
2018-06-29,ff3f,0.10970673603018234,0.12892167473951094,0.1014266011662556,0.11015465911311254,-0.011849503917564081,-0.011496959978002735,0.017489783495571874,0.07995395691765658,-0.013481283960438375,0.05647609374725061
2018-07-31,historical_mean,0.11203387094707776,0.10458121074756008,0.046342071976893266,0.05011516578304409,0.03670671080803748,0.010269173619670335,0.029536070852328733,0.0731659592062953,0.01812699112666366,0.05257847110424409
2018-07-31,capm,0.11660143807471454,0.13573223388939526,0.10709534345127991,0.11732651700570845,-0.018227043885946925,-0.01450800620240279,0.017018680302986373,0.07949288631404644,-0.01502149381311801,0.06065237228713451
2018-07-31,ff3f,0.11736156952241164,0.13129122153695216,0.10917453992890278,0.11993828835081655,-0.013031208168106732,-0.012126402239380728,0.018218023796236344,0.08228033725355059,-0.011573775385211309,0.06531163591471094
2018-08-31,historical_mean,0.11671356774676993,0.11373333440074654,0.04901104076005809,0.08340823925914137,0.017063589135087907,0.0034821196760620645,0.031223692772960464,0.056464859921816477,0.03340349933274079,0.04706320267849655
2018-08-31,capm,0.12256801968117625,0.14141227110468518,0.1124550727672071,0.12536769400904624,-0.02091298467063166,-0.015549244931672413,0.01858569591065734,0.08122173052306884,-0.015770392686657253,0.06461246332038681
2018-08-31,ff3f,0.12205680712660132,0.14467289241968773,0.11095121839465105,0.1222124592500318,-0.024389437628811378,-0.01720393399268333,0.017711088059238773,0.0797239299825799,-0.01947363585400373,0.061527891154913056
2018-09-28,historical_mean,0.1481496211572213,0.14953088491801048,0.06719131109083626,0.10144560797473738,0.02371461130505204,0.0065819290263372365,0.0340599381285636,0.08659892073567392,0.014065273111211089,0.06886109694645662
2018-09-28,capm,0.15150602474065922,0.17979246092363121,0.12723614057372995,0.1366324840014209,-0.035223116962367726,-0.023959889001744325,0.020262384988475296,0.09162269399679249,-0.015035229789730414,0.06635409790243797
2018-09-28,ff3f,0.15242355710951633,0.17354823099088892,0.12915235367448377,0.1416126857605458,-0.02343070765968321,-0.018314794215171334,0.022701777679579573,0.09765168701190333,-0.004924448513267444,0.0725347081676144
2018-10-31,historical_mean,0.15874114611538018,0.15856359769970169,0.08545841828845063,0.11011786359465708,0.007535017863670942,-0.0026825126741779003,0.029647576213856365,0.06755090438901995,0.017914037649841466,0.07083898781173438
2018-10-31,capm,0.1625682833973869,0.19032178943242584,0.1304797397752255,0.14564586176723893,-0.03302604857906338,-0.022336739236645007,0.025747203351242885,0.11357311193407899,-0.02218912220587648,0.07465632337727761
2018-10-31,ff3f,0.1634328281171938,0.18521233649513494,0.13197497260380042,0.1501066512224314,-0.01578524933194468,-0.014114957651395692,0.029309643113265525,0.12467884911864728,-0.010458817501829584,0.0811361526416419
2018-11-30,historical_mean,0.10766013322195371,0.1015300971223797,0.03583830301558247,0.05895437316497588,-0.0010139922108455303,-0.0015643282037733999,0.0208393954741056,0.038992231939298606,0.01737973880483274,0.058968996158478906
2018-11-30,capm,0.1120744543518708,0.1506012910458424,0.0980298489425837,0.11123874749873568,-0.00489964066200185,-0.007117821320524312,0.02617037538481988,0.0709137822839345,-0.021482441650425007,0.0314298526477565
2018-11-30,ff3f,0.11431464061817018,0.13190360106914933,0.10267891469499979,0.12252790889270368,-0.0034563966460413745,-0.005962411558680307,0.027513094264161972,0.0659790955443041,-0.009557464970991275,0.044645422804182475
2018-12-31,historical_mean,0.11257038110725898,0.09654239210502683,0.040007190059578646,0.08342971831445448,0.007795822417668307,0.004268886493673231,0.020156665661300095,0.056309089699405936,0.04180954147292438,0.06954686782055469
2018-12-31,capm,0.11624510528746537,0.15644880921376586,0.10144015111666493,0.1159999372986357,-0.004347579122434017,-0.0067029091375093545,0.027127871900539204,0.07466231642477311,-0.02290253488591297,0.0330759660437941
2018-12-31,ff3f,0.11996620117706215,0.12590251409558625,0.10852827521489108,0.13369380866000752,-0.006412137201587349,-0.0067010170098771825,0.028319587842221886,0.06381363249927238,-0.009385075563974296,0.05515779454405076
2019-01-31,historical_mean,0.0876588027291725,0.07124121436671287,0.02954500979110574,0.08457473491654077,0.027749536331055168,0.0150011759837275,0.029920968613582538,0.02264141807111259,0.05939663556752621,0.028836424298164257
2019-01-31,capm,0.09490688170441182,0.12431649657279159,0.0759386815050807,0.07940087803128966,-0.011653251439188462,-0.006219341396405689,0.015563944205381767,0.06995934111768154,-0.020059714256312818,0.049050740006211846
2019-01-31,ff3f,0.09756896079722359,0.10299496049144716,0.08128644862149381,0.09288790306772701,-0.009854903691835074,-0.0045413058351664905,0.0171780548921923,0.06314760583312645,-0.008158761070046624,0.06440422160109921
2019-02-28,historical_mean,0.13035553682726758,0.13688618447848208,0.06987791691626291,0.1345950355616987,0.010931667041183174,0.0062386643381367,0.040554292607710304,0.07164150916080664,0.051316775879216237,0.0437655824524252
2019-02-28,capm,0.14024934634685354,0.18290409569320606,0.10995303074924483,0.12255415430416072,-0.008649851491756264,-0.004464220271141756,0.026384860372970796,0.11836236900363334,-0.01663443284115316,0.08127021094052017
2019-02-28,ff3f,0.14229884666298076,0.16754122423453763,0.11493931333296598,0.1343910175159944,0.0014855894840221026,0.0007094456450489864,0.029653254795509378,0.11714329576375705,-0.0031773261567500676,0.09159046105761082
2019-03-29,historical_mean,0.14126486908288416,0.15446318392513148,0.08953271007342771,0.1321883268422326,-0.003819296179417,-0.0004346771421946319,0.0363868182820098,0.07516586241618142,0.014702402425862507,0.048595614703274864
2019-03-29,capm,0.15170099612065924,0.198934252147712,0.11762822704306236,0.12846072326987704,-0.009345539780507716,-0.004851904050748179,0.02801264209199797,0.12664527276179338,-0.01422655807517925,0.08823935403614325
2019-03-29,ff3f,0.15388731795255065,0.18279445690085544,0.12309766061083234,0.14091876134545359,0.0036848751911505834,0.0017065316776352407,0.031963468751912714,0.12620247335028162,0.0015534997686505563,0.0991254454054817
2019-04-30,historical_mean,0.1255442236220198,0.12171614196848662,0.07133018088594652,0.09531088191527357,0.014565270286872503,0.00852075954861573,0.0341737748770172,0.05575489420161353,0.012157972532799568,0.045669704343562156
2019-04-30,capm,0.13380044913289285,0.17629611193163375,0.10089674082212965,0.09994956123298813,-0.007709540257980825,-0.003472412623470841,0.020874683915920907,0.10187265756722357,-0.010531381509366096,0.0759541071585266
2019-04-30,ff3f,0.13751005431069632,0.15005617174303254,0.10932517737586142,0.11914124562059117,0.016682807041931882,0.008649705493544178,0.029235185905894117,0.105180385204319,0.01148054863952036,0.09460614972396406
2019-05-31,historical_mean,0.13757991064646985,0.12732246616083517,0.0736295143066426,0.10170432569117097,0.010325512648488104,0.007308534528799463,0.030483152696995003,0.0631473397454447,-0.0066709859506792635,0.059850754396807246
2019-05-31,capm,0.14418527907799844,0.18850353521801017,0.10896325528047036,0.10699708889664741,-0.010489829255825681,-0.004361921710674528,0.02223988419376676,0.10657101477339795,-0.01154219799767612,0.08247256913520991
2019-05-31,ff3f,0.1487884757424817,0.15427797997600062,0.12105610194800914,0.1319182593963479,0.018710712961922237,0.01036478820828817,0.033524452877880154,0.10784314884650414,0.0199181850149762,0.10610399072598314
2019-06-28,historical_mean,0.10999198392629522,0.09267630332390046,0.05670128176296241,0.08887263930632536,0.029703174941288935,0.01764974500690093,0.037652868153037325,0.056195833729677167,0.02025214223265007,0.04520848340973514
2019-06-28,capm,0.11759259333396167,0.15049676721100647,0.09010354057599128,0.0948822590557577,-0.015465920915868287,-0.004069585618605125,0.017181963877881422,0.0773743749978729,-0.00537531639865006,0.06884158417305167
2019-06-28,ff3f,0.1218702875395821,0.11902685787486562,0.10275680616831606,0.120181758947473,0.020390358543260923,0.013627001860930014,0.030672222974687136,0.08339948014965756,0.029827392735314533,0.0905387702464409
2019-07-31,historical_mean,0.13125930744617872,0.11524028567518427,0.0840102514000688,0.09408737746807432,0.010507274484349263,0.0115462574549323,0.03814520527782517,0.039007043250895546,0.017282199883730927,0.044768407344239126
2019-07-31,capm,0.1404850434054384,0.177672549831156,0.10794089706588324,0.11546928675292537,-0.015247396961429767,-0.0029845864460972425,0.02385676937586606,0.08963920577979073,0.008031930171214854,0.08562167577384475
2019-07-31,ff3f,0.14511343491513393,0.14240568059655484,0.12126057932283549,0.1418882426646682,0.01782557033599296,0.01378078508364351,0.037088964229508296,0.09174154872961851,0.04454154481479839,0.10962920319317895
2019-08-30,historical_mean,0.12432073133458052,0.09847532812110218,0.06445492676362033,0.06763118552322667,0.004425697602069001,0.010853017860195697,0.034713194403234934,0.030726383047307272,0.010756520102250616,0.05521613894691719
2019-08-30,capm,0.13253751846610862,0.16603294119061263,0.10095182164223918,0.10707627297489124,-0.014845958532626477,-0.0017940515129193741,0.023039949328763114,0.08328990296578194,0.007358590886709513,0.08341630631816009
2019-08-30,ff3f,0.13814806098697818,0.12311500719978938,0.11467280957633362,0.1368966265773151,0.014371843833858613,0.013357010440103973,0.03574542745430138,0.08085993041711201,0.046090478583831314,0.1132103111937108
2019-09-30,historical_mean,0.11829346927313061,0.07572501447681018,0.05620362278616724,0.05184492791858866,0.04275535386752747,0.02716012135796573,0.04682062860204096,0.05577503574933464,0.04717450092588745,0.06432993128060263
2019-09-30,capm,0.12274624976497395,0.1555769531584622,0.09437086182838489,0.10151423848175395,-0.020225922719288778,-0.002968219786268409,0.019590545674376753,0.07316129341167073,0.0018343738438933816,0.07506658635652344
2019-09-30,ff3f,0.13070625032931812,0.09891836662547893,0.11532266077476981,0.14177485373587362,0.04063880794558433,0.025125246178824213,0.044780505589272816,0.07736116888819611,0.06415664459633884,0.11804972216201687
2019-10-31,historical_mean,0.12469789143014129,0.07888657936424971,0.06216070527264686,0.04914664720123853,0.038766786835601495,0.02239233262817266,0.0453450355796737,0.06830281143420797,0.03337251291258356,0.07530873450672165
2019-10-31,capm,0.12689398105392236,0.16113247431759836,0.09806343063410511,0.10551327915897066,-0.021492865112099562,-0.00314409037200876,0.02007898815278271,0.07544849381559701,0.0016166020331482185,0.07743173424572714
2019-10-31,ff3f,0.13480859672275894,0.09973523337771942,0.11486676764526696,0.14627610534770094,0.014416112157822441,0.01481469710343757,0.03783998940827669,0.06433479538539033,0.05628657584701645,0.12229508231090366
2019-11-29,historical_mean,0.1378154037553738,0.10350523014972529,0.08073812737744374,0.06558010271618146,0.049966686072783234,0.02803772402861343,0.05196041028934456,0.0917442059233045,0.05177381967405455,0.07647323763066009
2019-11-29,capm,0.14040709345114316,0.17724306868312278,0.10817815804185751,0.118192056055726,-0.030403382813191417,-0.006480350688235562,0.019687574892233065,0.07865646137802089,-0.001839718437048092,0.08490218782903798
2019-11-29,ff3f,0.14713406777034863,0.12369098425456736,0.12470273125601952,0.15605503908857796,0.0233134116031609,0.01916631466468293,0.04270830270711673,0.07686600776796465,0.059016068549401765,0.12261325278195563
2019-12-31,historical_mean,0.13760954295238575,0.08181238863332166,0.09046616806447717,0.0803208868341809,0.07717612111407984,0.04013675305534334,0.06426933063146839,0.0930006937882523,0.06999148279705221,0.09533852124019332
2019-12-31,capm,0.13850530133312436,0.16795403849385718,0.11031151857804368,0.12209044700429186,-0.020836112589583226,-0.001920295317455919,0.023751748201358433,0.07914867650964502,0.005356508781436073,0.09010339705173664
2019-12-31,ff3f,0.144696471237157,0.1000483578851142,0.11017197497473485,0.14371397583475187,0.04123296789833767,0.02600192090915126,0.04686765873495502,0.05180712988377509,0.06926292802666491,0.11712615838642224
2020-01-31,historical_mean,0.14046708219940943,0.08149490876506492,0.09140322367399838,0.10598426804835089,0.06788935822425696,0.037423954232692014,0.06323686566683603,0.07987186315904284,0.0884054751426667,0.09344365808917209
2020-01-31,capm,0.1419236008997596,0.1718583251907736,0.11318627071710209,0.1279341758364262,-0.022827700812486158,-0.0024276925029078763,0.02419523200660988,0.07995853285131674,0.007428923479783672,0.0922422023844315
2020-01-31,ff3f,0.1484158409124725,0.1062390468933603,0.11404893247161327,0.1369128549506213,0.05062844330976973,0.029944912937730682,0.05072496085793232,0.06267127116396418,0.06470435425234926,0.12096061312409045
2020-02-28,historical_mean,0.13442034188006766,0.07005139627735604,0.07106534703685556,0.06334580978750494,0.089885166445887,0.04805036979752807,0.07080906529272545,0.08458912737115819,0.08548509039995873,0.08887554789617659
2020-02-28,capm,0.13572261474741185,0.16511586614058435,0.1088057746510046,0.12314077937642309,-0.02267449400292724,-0.0021207190121387953,0.02352927286500528,0.07685653405517057,0.005921896566627328,0.08837589586768614
2020-02-28,ff3f,0.14200756762868777,0.09438320101342051,0.0975024939967464,0.1036480695736525,0.07087832900658064,0.039539656064350726,0.05671184510089704,0.06554908865480145,0.0683347945315412,0.11659294384082707
2020-03-31,historical_mean,0.09408196941305355,0.03280699483467352,0.0401754639142053,0.04476317529844559,0.10603175691356173,0.05537590036419566,0.0700526303168065,0.04880906005532787,0.07290738489857164,0.0447619183380972
2020-03-31,capm,0.09920773213265725,0.11795637438892757,0.08322401640136456,0.08540022560217092,-0.015113648131976706,0.0017467847296627715,0.019637645865966752,0.062330395038503156,0.011024497197452798,0.07049833455921356
2020-03-31,ff3f,0.10314050699140145,0.06176649032119926,0.0701750213338146,0.06158390786141875,0.08444218267605444,0.04571598276507906,0.053787215780809305,0.05455531387367295,0.06540531006806666,0.08477329835624037
2020-04-30,historical_mean,0.0492043174471207,-0.04787308860744294,-0.021114594497739635,-0.024505999526329796,0.12882826275872244,0.0672910674490338,0.0493053012412286,-0.01486926260461957,0.07359409515311616,0.0272038486491043
2020-04-30,capm,0.05635584317719824,0.07080913590884808,0.05187362259492547,0.05416114567126548,0.0014855219471144347,0.009007897978387523,0.02312787390881354,0.04940292768487956,0.015322036014312616,0.04014919365664073
2020-04-30,ff3f,0.058256019488801866,-0.02180997499391181,0.01791460258098746,0.003314268377554004,0.09314290596976998,0.052887522716132146,0.024619579103042605,-0.02481364334011505,0.06028049665831266,0.07026797921053213
2020-05-29,historical_mean,0.0857601792691249,-0.00845181684621073,-0.01025026791251901,-0.006473491751984496,0.12766360982554117,0.06453163344795312,0.06113906484359107,0.012934189626133755,0.09125256184648625,0.0459814237845428
2020-05-29,capm,0.09539888114633997,0.1212099420947579,0.08124591508201573,0.08675298905719799,-0.008000343509980808,0.0038314022777674135,0.032402025761031336,0.08066324288302651,0.022037550801388063,0.06287296584713271
2020-05-29,ff3f,0.09573615301102861,0.020311994132385082,0.03921970442605606,0.029309465721416426,0.09078344174341517,0.050877093545959255,0.03717488679030456,0.0027897281498158195,0.07803112395908687,0.09290273190221282
2020-06-30,historical_mean,0.09660357266716942,0.019461068449108745,-0.004237845702650634,-0.006055152368037603,0.11550386760394465,0.0628769295295648,0.06482616212459463,0.021090382378100302,0.10018426425468077,0.04278053852278818
2020-06-30,capm,0.10927118099808636,0.1403376812866792,0.0936023264570123,0.09877371729970219,-0.013256595467224158,0.0017053122512191796,0.03567530857423371,0.09116996677733072,0.02371648670584204,0.07041810685664554
2020-06-30,ff3f,0.10720006451082474,0.048161550434401595,0.04756089262583251,0.03304036791859366,0.08199117004357939,0.049456153769721074,0.041126149129461935,0.01302961345535355,0.08277812535471571,0.09118867641672919
2020-07-31,historical_mean,0.10034518835070773,0.019640077400773677,0.00628015823100731,0.012190094729281805,0.1139950768751738,0.06472202749419807,0.07024664211327633,0.02171692999390786,0.11645094272217704,0.0496285141020499
2020-07-31,capm,0.11429544472215183,0.14745487900028667,0.09823484666105482,0.10421075699321565,-0.015095405424752052,0.000689524583272174,0.036853197824020335,0.09546175068306056,0.02428202748997991,0.0730650248635025
2020-07-31,ff3f,0.11185886064740086,0.052500929274946914,0.047674442609019055,0.032835018820321235,0.09065856026368203,0.05160442834274509,0.04279759827941322,0.013404368549578443,0.08285254931552447,0.0902935082738679
2020-08-31,historical_mean,0.11263749996314007,0.02640256784333528,0.003950827132859424,0.019756006376567038,0.13066204743026077,0.06630990935115254,0.07788155679420697,0.029540945118361396,0.1429850401026816,0.06964572317931665
2020-08-31,capm,0.12677036949666978,0.1620225213111845,0.10715993887337386,0.11693406265793346,-0.016161252864960837,-0.0007791507089269373,0.04024817669223159,0.10518315624809046,0.030325404509580246,0.08233726797020288
2020-08-31,ff3f,0.12452014034149073,0.06115209305040173,0.05280928071893441,0.049897140094513515,0.09921932246793162,0.05308232437060723,0.04876198631194617,0.02153010958838269,0.10301556993934752,0.10418466583082972
2020-09-30,historical_mean,0.1341558562322563,0.048394342183373504,0.0194799433444397,0.02149665050202585,0.10222776669388277,0.05823775137085192,0.0696511249396083,0.031883540054584984,0.12819472729496567,0.08831146107073745
2020-09-30,capm,0.14980297694022107,0.19001183370929892,0.12597583415014546,0.135915525920351,-0.02689528403360976,-0.004887643684460231,0.04182732154185444,0.1196147592850681,0.03155226897811855,0.09629264703038704
2020-09-30,ff3f,0.14638130973028743,0.08581322080898117,0.07036506064472312,0.06113159997670016,0.0787492310042884,0.04754915921018659,0.04321445463510214,0.02787549220922009,0.09688239536653775,0.11763464134498046
2020-10-30,historical_mean,0.1147853925454955,0.016964057187304704,0.004805591183914673,0.018260591628921918,0.1126303769062477,0.06416877320347925,0.0683466599697968,0.023262452328212144,0.12541831467047884,0.08507358939821752
2020-10-30,capm,0.13028415146487024,0.16245764422847156,0.10859767297576106,0.11677817553599976,-0.019747225724496657,-0.0014853217770175722,0.03790764169111473,0.10412242367902866,0.032354005738099136,0.08446910098346493
2020-10-30,ff3f,0.12672746960148495,0.04157045516094228,0.04733113780848863,0.02220666580220747,0.09289524351193126,0.05251066915247675,0.03428284850373968,-0.019830201644358343,0.09682123052139824,0.11114813544944338
2020-11-30,historical_mean,0.09860525087112657,0.021807303079910544,-0.012796433907603554,0.012155724214772975,0.1012793906546584,0.06016448540754651,0.06599940747518879,0.016693805194950454,0.12618672142359527,0.08090686273941888
2020-11-30,capm,0.11633179659512627,0.14285779524631398,0.09740106045667553,0.1028351140093768,-0.014142949840050281,0.001021269892745152,0.03513108416059885,0.09377661246199057,0.030630170025023894,0.07687877839923064
2020-11-30,ff3f,0.11207432911986998,0.05082217392867679,0.05512901571266413,0.01357706524130809,0.09458756209693045,0.05284228959198164,0.03620903825707805,0.01550306594365572,0.07281956816587914,0.08420523423261828
2020-12-31,historical_mean,0.12298830956317282,0.0680052802988343,0.0293765375066029,0.04215385296349583,0.10431219787919666,0.0622226824856478,0.07875138406728116,0.038712808843882944,0.10646638686969545,0.08683138420293704
2020-12-31,capm,0.14383356043938625,0.18378047785904886,0.12769505720853536,0.12758943070487622,-0.01752028737024746,-0.0012174482270276956,0.042486982055998705,0.11725413300263675,0.024136117817349236,0.09380959695009906
2020-12-31,ff3f,0.1395458407047403,0.10200418299165365,0.08041514575502048,0.03984220616399119,0.08550092546146357,0.04838025761797226,0.04284515087296573,0.04465025393139428,0.0686052127185383,0.09389362551204529
2021-01-29,historical_mean,0.13109642973506572,0.09697919223334923,0.041222766595864456,0.05280154093167669,0.09420672845818652,0.060811512859089825,0.07520949970026593,0.04819579397434291,0.12211632562452174,0.08486321659025046
2021-01-29,capm,0.15451833857471553,0.19968339011378722,0.138065756405102,0.1388253410728692,-0.02107507738438566,-0.0029828528512578266,0.04415801522562453,0.12580935687696732,0.027215649446150257,0.10000262144706215
2021-01-29,ff3f,0.14799897019206582,0.12936010190123187,0.09167660996065397,0.05296249953449776,0.08681367542112542,0.04861668050841933,0.04559700313043148,0.05548723371031124,0.07011896502202754,0.0918094960081766
2021-02-26,historical_mean,0.10940590203159417,0.10433195674150592,0.0222794864723368,0.036645042098571376,0.09290440907471864,0.06439669881596263,0.0731587268325659,0.06280388634453012,0.10058085409783546,0.06242535940654999
2021-02-26,capm,0.13641178614203692,0.17706805358033012,0.12159556797234658,0.12024333527252623,-0.014769603305136953,0.00018343069802347848,0.0417152933787999,0.11538154933777102,0.024857287578281147,0.09029679610371685
2021-02-26,ff3f,0.12616668628846558,0.14429409023633422,0.08514828413164668,0.04934654329304699,0.08227024646419707,0.046074083860844356,0.044773431480031455,0.0609685521375652,0.05381309192996605,0.06307854529244458
2021-03-31,historical_mean,0.1308938754749879,0.13745644960311437,0.04617541109650308,0.05952615287788467,0.0835203975712549,0.059548351119024866,0.07306938627912918,0.10065839103610122,0.0860363516737705,0.08473662803927255
2021-03-31,capm,0.15615880138611182,0.20496266684758832,0.13827632897199843,0.13552448414190796,-0.024449400660967662,-0.004345365889045047,0.04399855557916829,0.12884091343634002,0.023040767138165073,0.0981626315069053
2021-03-31,ff3f,0.14617776284650044,0.17893741676287786,0.10906874048723832,0.08606044188368026,0.06483432176662957,0.037190647169636395,0.05443967731637759,0.08305735980551834,0.0626013878421066,0.07802561521676077
2021-04-30,historical_mean,0.15495793663069404,0.1380405631628147,0.05725965954709325,0.05529789912084561,0.05616265173157938,0.047668989954651395,0.06625519077864041,0.10468082608099147,0.08010332294059314,0.11496115683586197
2021-04-30,capm,0.1731451250340454,0.229798345386664,0.15410326977398892,0.15083841205663054,-0.03024151438625275,-0.007499637819504194,0.047002908973923126,0.1464083491132749,0.02333494631362052,0.10992223141527371
2021-04-30,ff3f,0.16500277268366276,0.19245668696707777,0.12797322366245314,0.11201053563282053,0.055411187127172086,0.03203517483873502,0.06264370986605322,0.10181377418655284,0.06773150419237145,0.09708166567543541
2021-05-31,historical_mean,0.1704256329289924,0.1406920330307296,0.061925944893487184,0.06879797281368515,0.07141161209276778,0.055272487854149524,0.07497558799117751,0.1271743456203549,0.09496973345293663,0.13520275689556022
2021-05-31,capm,0.18774773590988086,0.24731578735807508,0.16673284258793974,0.16132584874547162,-0.0336259157216988,-0.009629338626385457,0.049150968348441265,0.16057857910009332,0.02498386733133689,0.11676937954838972
2021-05-31,ff3f,0.18152603135885903,0.19545271453303825,0.1389153866095196,0.1137003089174177,0.05874867962416367,0.032414803069435116,0.065411455752652,0.11463040023436494,0.07721033122622603,0.11125811129662252
2021-06-30,historical_mean,0.16460101972230307,0.12165787026885667,0.07971070393509705,0.0831039520665874,0.06480360213477039,0.053414944157857164,0.07531127733553737,0.11780880858216199,0.1236397042720633,0.14630487988630048
2021-06-30,capm,0.1798019949277228,0.2361521033126138,0.1596272318189716,0.15494482671781215,-0.0322769873189364,-0.009241976138361679,0.0471520279328098,0.15339829418959453,0.0231253330743515,0.11226488550321417
2021-06-30,ff3f,0.17768946563385782,0.18317565555782664,0.13331136314347186,0.11279383387777717,0.035122836200485216,0.020589058668111566,0.05843731475353599,0.12182043152717775,0.05551276340214702,0.11983993107710329
2021-07-30,historical_mean,0.1700828760013328,0.12578872548764564,0.08142045649943745,0.10176448016295653,0.07707213040628641,0.05614856249009263,0.08423040750633233,0.11276599587036149,0.11119280623406555,0.12959256912889902
2021-07-30,capm,0.18635895157454235,0.2451275968316508,0.16457662955174218,0.1595562945582886,-0.0338327084527596,-0.010530625185703045,0.04825968801279187,0.1596910742522813,0.020633107644427825,0.11619408778862235
2021-07-30,ff3f,0.18371612611791382,0.1877392148970196,0.1329742785467144,0.11438517251444198,0.04401098265548198,0.022546154338678716,0.062417844135750244,0.12635830618334531,0.04414383034756093,0.12027295455410679
2021-08-31,historical_mean,0.1659970331084435,0.10802101313308887,0.07461456223064572,0.06801903656811883,0.09406052697293557,0.06448133748226759,0.08447772075952617,0.12518624773440298,0.12707837787470203,0.12390769274759764
2021-08-31,capm,0.17980030565647104,0.2373321019682597,0.15873960394751407,0.1539285908078047,-0.032434409856994,-0.010116152480428043,0.04642535359929929,0.1545990585852496,0.020678119325917323,0.11165095301452041
2021-08-31,ff3f,0.17805473940855288,0.1737935747161321,0.12585331113691997,0.10160354623063857,0.05087464843276413,0.02544879531610792,0.061696165152805925,0.12248946569695829,0.047027517540739416,0.11762504892743789
2021-09-30,historical_mean,0.16529847390914568,0.1012173132278798,0.08693960475248125,0.08601108133851781,0.08857959144802868,0.059800967676932035,0.08326274008219875,0.12381672750274117,0.13402743326172695,0.1260816396980925
2021-09-30,capm,0.17778157204481504,0.2343061348232171,0.15816810107856347,0.15391215469802397,-0.032999550369717995,-0.010799045984437629,0.04562755345743211,0.15275486024320764,0.020856967589228503,0.1105670746846932
2021-09-30,ff3f,0.17727045943565642,0.16949054769577585,0.12951909868672332,0.10517063032238869,0.04572773719069627,0.022615290255337338,0.0607082601307333,0.12401747469574553,0.05033343437537439,0.12129714957827697
2021-10-29,historical_mean,0.14741378128172747,0.09931673840039018,0.07268495617589274,0.07477942460372164,0.08843309438158739,0.0584757617615361,0.07866927118230899,0.11332100183248564,0.12531510484104677,0.10871596267220862
2021-10-29,capm,0.1638363669133737,0.2118100697911305,0.14483588718219745,0.14127347067807056,-0.02645634298920923,-0.007610287921446602,0.042900898375659094,0.14159680700656418,0.02243470396063999,0.10338247908359771
2021-10-29,ff3f,0.16315183587505266,0.16628272989718426,0.12394492693969983,0.10967176881659045,0.03437612964616889,0.018935484029679674,0.0546556824522544,0.1234640692010871,0.0459195762905691,0.10977821923679765
2021-11-30,historical_mean,0.19388695572122966,0.15199429326100067,0.11139497067680387,0.10889395852553091,0.10646461561679735,0.05800764833276456,0.08733624000341253,0.14618392431287305,0.1232200428703567,0.11357661269963573
2021-11-30,capm,0.20870699619081026,0.2646022298550796,0.1787141981335242,0.17063778508504465,-0.045679550954701546,-0.017190065189368515,0.04887492522346484,0.18687741329976623,0.028348108469076077,0.1406453461964641
2021-11-30,ff3f,0.20452954183182717,0.216225691012094,0.15067111903886432,0.1355655073228135,0.025318034810144857,0.014326540657028552,0.06301309071795821,0.16156910618530484,0.05285689986855523,0.1432757342692237
2021-12-31,historical_mean,0.18507153238090882,0.13152546384644048,0.09427542621030224,0.07903675388457365,0.10967241829122029,0.05722380245711353,0.0881378432363082,0.12385358373400207,0.11978479884669974,0.10156518744355916
2021-12-31,capm,0.19725819303974457,0.25163400489799154,0.17095527921372144,0.16304948269515018,-0.04400731119554439,-0.016539365314613187,0.04633288000925659,0.17728485496198684,0.027574286997161492,0.13329779003851353
2021-12-31,ff3f,0.19307958690080884,0.20333510676896316,0.1433805491582602,0.12901451034197586,0.026928077908263744,0.015048107997311051,0.06021590157857457,0.15297337898913133,0.0523618901169559,0.13654079154600557
2022-01-31,historical_mean,0.23086417035716147,0.18151806204805196,0.12692690522668054,0.09586019016172265,0.08392930439557335,0.046253789179790734,0.0818826353962032,0.182349927157993,0.11452504015495561,0.16583434898608065
2022-01-31,capm,0.23647249264445735,0.30170288340266666,0.21336039233414855,0.20765030271104268,-0.05193503573602575,-0.020774193653125696,0.06220863154889582,0.21476920264611313,0.0451599511626956,0.15217177225564235
2022-01-31,ff3f,0.23251668764311173,0.25164333365315433,0.18558831487787392,0.17299139915544004,0.01945717795921835,0.010560680666850245,0.07678517596400575,0.18863378817762455,0.07086116966338327,0.15269317576064956
2022-02-28,historical_mean,0.18712944714368307,0.11236485928891504,0.09317110216924987,0.06298396546164486,0.06936127568131512,0.03696647035432904,0.0586469715518792,0.11568144128729142,0.09939593127569216,0.1441625405328324
2022-02-28,capm,0.1899566857545552,0.24286746065728054,0.16849813268365624,0.1532535714779263,-0.03193917189042116,-0.011577562682057514,0.05306199622787266,0.17232317183686785,0.03812314392400181,0.1199984949007063
2022-02-28,ff3f,0.19634768234361763,0.19087930281785748,0.15285093235437605,0.11557919852556785,0.01017288445632938,0.005544250875379067,0.05901877497926917,0.17410389484865618,0.0661195327949074,0.14614734997524306
2022-03-31,historical_mean,0.16650840400127745,0.09896081014661653,0.07318971847582362,0.05340668385775027,0.06849291603606505,0.03770767525291657,0.052145332712381844,0.101555603126534,0.12123841121615317,0.13355523925799032
2022-03-31,capm,0.17207804790252734,0.21542276500148544,0.1527167400112212,0.14084827751592832,-0.026132217235486824,-0.009396828503551766,0.04952509522234791,0.15696654774148938,0.03143795121732566,0.10878868223898042
2022-03-31,ff3f,0.17862351736711726,0.17335990790477063,0.14355721149456524,0.11425729135385354,0.0014984114713219006,0.00120203086982054,0.05296728148260358,0.16087617090668965,0.048805588321793,0.13205930083595677
2022-04-29,historical_mean,0.17282926480977318,0.10984890809932198,0.0718690625380947,0.03819251739509416,0.03175893685696239,0.015153621801072943,0.03273425204572024,0.10804089791178306,0.13081946590378069,0.12693517444994568
2022-04-29,capm,0.1779551222166086,0.2220297712293588,0.15722741006826838,0.143898840794263,-0.029321262561156525,-0.011699664672996782,0.04962238966637217,0.1633449147885523,0.03154485305495801,0.11212777323964057
2022-04-29,ff3f,0.1840755001974906,0.1852471079003139,0.1489556974950661,0.11858106906338803,-0.010142829191502608,-0.005276744755745063,0.04992700742884568,0.16684235750280263,0.04834419979039824,0.13238511963096272
2022-05-31,historical_mean,0.12886187956915146,0.06396775208241498,0.038988229917940403,0.009334688590066328,0.005469697219247264,0.002485711825080244,0.008168629921456774,0.0946657915670811,0.12606636697507934,0.12516236581774093
2022-05-31,capm,0.13535640947946165,0.16632829525067877,0.11741252869455016,0.10724304836719033,-0.004680161488052982,-0.0006066378867054176,0.04441570356600817,0.11951441197450305,0.027589944428800146,0.07556613941223475
2022-05-31,ff3f,0.14108723036398568,0.14370974430245895,0.11578782484310662,0.09402216438553751,-0.00161369910602215,-0.0010174266848802143,0.04182229180975157,0.1262641551885329,0.037806775430569234,0.0935423584523509
2022-06-30,historical_mean,0.1515784483961087,0.09187641803990797,0.06278927789209625,0.03674799383825246,-0.02417887087434048,-0.005469396039672861,0.008867542947868538,0.07820941584074691,0.10920607566627817,0.12362255724214434
2022-06-30,capm,0.15517440054029233,0.19187853171778418,0.13515299406051365,0.12018650325843652,0.0007719853008413865,0.0006154857163643045,0.05399636702775669,0.14553815513323548,0.033729198815151164,0.08626443578655109
2022-06-30,ff3f,0.16368758928699856,0.1738183645979193,0.14202495130851636,0.11393485089685997,-0.014842434236392156,-0.007535852494895067,0.04817878019176762,0.157323799877977,0.03892318569422712,0.10943769218447047
2022-07-29,historical_mean,0.10046807696818627,0.04024666115662511,0.013061034200280791,-0.0009790257083547374,-0.03160698651133151,-0.01239281330711606,-0.014083168348053097,0.04726523482635521,0.07828221251546455,0.09874551713493333
2022-07-29,capm,0.10690813347134046,0.1298451061772709,0.09403984629326086,0.08046163701670259,0.0024038606095998973,0.0020067530276487748,0.037830885766149416,0.10208651754970116,0.021512282354713225,0.05768196607642538
2022-07-29,ff3f,0.11090797707443481,0.12172432824502435,0.0979789926343809,0.07761916103637781,-0.0047150121202002345,-0.0014932947368806009,0.03540979594099818,0.10740169326077006,0.023676236190334602,0.0672783563016165
2022-08-31,historical_mean,0.12482947737457939,0.07145488533005118,0.036415203100670535,0.006830637165906918,-0.02445432268824142,-0.0027920523395908274,-0.00043388027944953284,0.06917978097035508,0.06951638484197663,0.10152943400534142
2022-08-31,capm,0.1326803549138707,0.16145529113570817,0.11458040556396144,0.0934669540857156,0.004097307897033059,0.003975908667689854,0.047690950434322255,0.12687869018091147,0.02096768210578252,0.06907235379085867
2022-08-31,ff3f,0.13436027160207664,0.15912291430419478,0.11713404214768369,0.09391268452616687,-0.0005073552857687499,0.0016817800270258695,0.04629653901723154,0.12924205460771657,0.0217793774017982,0.07308512754868693
2022-09-30,historical_mean,0.11657200805334123,0.08156733773856917,0.02185111807282189,0.015233367487512289,-0.07492201092037687,-0.02881085188163453,-0.02824254419879036,0.03625121533943483,0.03417507413716717,0.08813828337580955
2022-09-30,capm,0.12955393208236438,0.15467253269795622,0.11309626420232449,0.08934914535397366,0.010887878352027277,0.00777023169418207,0.05009514161757876,0.12714042929128105,0.02517692298429408,0.06868276591902388
2022-09-30,ff3f,0.12926839168666007,0.1702347436319668,0.12131592198928237,0.10303716349114082,-0.00689549171785008,0.00020422185696261663,0.04780105918214461,0.1309376790235377,0.01875247437894055,0.06728728755570344
2022-10-31,historical_mean,0.0778141810346829,0.04098051938902024,-0.02078359885384834,-0.031230368322160248,-0.09451382333512777,-0.04100251879900996,-0.04626694034830013,-0.016039367024611735,0.03591853155377741,0.054075756727034144
2022-10-31,capm,0.0960229205313424,0.11288956538844397,0.08434916765617573,0.07044273574938871,0.014981489187276532,0.0103602550886491,0.039559369313666506,0.09690960044912614,0.02106633928317407,0.05432822794247509
2022-10-31,ff3f,0.09368195446769909,0.1285971133660282,0.08774554977975513,0.08101871943065757,0.0054030396732153325,0.006555915420489028,0.039042984908788124,0.0967545785857008,0.014492422493265327,0.04813410545422
2022-11-30,historical_mean,0.09657353005505875,0.06732458514120931,-0.01281057031136804,-0.05155325164935862,-0.11128108877378284,-0.046510539835419126,-0.0502412425343603,-0.008288359934931712,0.02147922160115466,0.08423536959319759
2022-11-30,capm,0.11489258743282152,0.1361916726885255,0.10041589262476686,0.07972516515080512,0.01368390696104059,0.010721290448906948,0.04502436957706174,0.11384824056051393,0.022412454759096086,0.06732362610172916
2022-11-30,ff3f,0.11414626337248301,0.15660387756254085,0.10986084729410778,0.0952329480708474,-0.009058192395231717,0.0013742281613402327,0.04177098040304641,0.11697969349755385,0.014265069962201258,0.06538524995937699
2022-12-30,historical_mean,0.10275438880837498,0.06130647375383329,0.02468763526653292,-0.0029488281293443184,-0.08689821406151113,-0.03238376706783607,-0.030367210636614496,0.015970015463818963,0.059518199515931694,0.0994811195928374
2022-12-30,capm,0.11824713053291902,0.13882969449242918,0.106381736785847,0.08629999997143213,0.0167156531802513,0.012663541505331026,0.04824217620107693,0.1186378048435349,0.026644165635948118,0.07050491103162829
2022-12-30,ff3f,0.12027565098857182,0.15042672693812537,0.1172958618930316,0.0973814226551439,-0.006980635749048125,0.0026330360371884082,0.043824697223906986,0.1236594493653976,0.02211222162765198,0.07589584693000392
2023-01-31,historical_mean,0.07342208527510868,0.029691867064363685,0.00875116270568216,-0.03667863793275237,-0.08491576854728933,-0.0342733002799562,-0.03733142381717994,-0.003801691394056707,0.05717783292814767,0.08231602023567344
2023-01-31,capm,0.08945236310271212,0.10430780404432022,0.07880934148545263,0.06415245542836856,0.015456084584315594,0.012021993518151025,0.037259441507711474,0.08925077697946104,0.019934570595978533,0.0540459599553217
2023-01-31,ff3f,0.09170185779351975,0.11525314538240927,0.09016586759665922,0.07485404526948485,-0.00819590371440006,0.001954194924187149,0.03287733994353928,0.09465063192622675,0.015844002981502285,0.060048001955756825
2023-02-28,historical_mean,0.09388637904460051,0.07141792547347967,0.04703215708938206,0.013603745089616795,-0.0850627970003932,-0.033901933620689696,-0.02861642660846054,0.02511546562269193,0.061171691837424505,0.07761765658219906
2023-02-28,capm,0.11156420350032384,0.1312042033923404,0.09961758000017149,0.08155662433038802,0.022310421735047707,0.0158944304765873,0.04754018183068717,0.11338644936591583,0.026219803835082486,0.06487281807074818
2023-02-28,ff3f,0.10993709829213208,0.16547634345121393,0.11136805357099802,0.09983791700920587,-0.012234340232630692,0.0016353077172172005,0.04275055352652422,0.11913480235921411,0.012418075800405312,0.060055307623254714
2023-03-31,historical_mean,0.11289031353222222,0.09649536193429256,0.0635664397842112,0.00020238610935345105,-0.12302393189894456,-0.05471553748115846,-0.04642945514371053,0.029256592285526916,0.044908963483682486,0.09836914573603626
2023-03-31,capm,0.12994606132955427,0.15308858834756806,0.11577112233425316,0.0989293077842204,0.0342380854390429,0.02253927512391795,0.06023565524033646,0.13450658810075752,0.03252459063947636,0.07215398727570674
2023-03-31,ff3f,0.12949942128033218,0.18722829250294945,0.13015409402687075,0.11878811858816823,-0.004069289473660103,0.006734145003317483,0.0552361673551913,0.14206046181208457,0.019046946711510658,0.0702742596982909
2023-04-28,historical_mean,0.16948720680258836,0.16052606018879242,0.12452487000463855,0.06796438829819586,-0.12787624900910316,-0.054720967417293646,-0.0121092769437245,0.09384987238951534,0.07104584936298029,0.13111481307985406
2023-04-28,capm,0.18048734762922342,0.1930317724712573,0.15328941746913727,0.12180429600416237,0.07055625393624362,0.04345874417979155,0.08279370530641512,0.16980091663956184,0.04970341695831508,0.10177228822149978
2023-04-28,ff3f,0.18030074650608752,0.23144165900266422,0.17046133451072892,0.1310448777027387,0.020128486668350945,0.024358367643220587,0.06611458560507742,0.17161953082734538,0.0246934814899167,0.10800760063163446
2023-05-31,historical_mean,0.13492194622512874,0.11126238027295704,0.11532301519531504,0.041510493593502,-0.1307890589978066,-0.05293219340764249,-0.025875213136247334,0.06628222040797285,0.0505428692302571,0.12065611790423952
2023-05-31,capm,0.1419026995969812,0.15124623480953336,0.12812889663566926,0.09756528141340995,0.05982574230558957,0.038786686269619106,0.06620760897832156,0.13729001874069652,0.03460004035799789,0.08130347658999301
2023-05-31,ff3f,0.14428341978262416,0.17716426861903395,0.14574417434730835,0.10481016914382801,0.014807914139646479,0.021897837926119948,0.05135736780231011,0.14012342925115162,0.016506300440206352,0.0938116519038324
2023-06-30,historical_mean,0.12094213240564217,0.08725114676390085,0.08407527335097695,0.023633500688658597,-0.13506907284079211,-0.0588513094290737,-0.03992597809769296,0.04707661812533058,0.0375218338507792,0.09396035296549483
2023-06-30,capm,0.12662526837498456,0.13395461067712336,0.11427052595016074,0.08784817983786908,0.056012120213249965,0.036390435089073046,0.05979949515248721,0.12415341704618203,0.03196125980003211,0.07482106612638595
2023-06-30,ff3f,0.12820527816128482,0.15737921451453754,0.13358998157738383,0.0963572020362437,0.020067303448826873,0.023701006214994744,0.04974868563657414,0.12904007502976528,0.0196998957560895,0.09111674038424997
2023-07-31,historical_mean,0.13601133120357836,0.10187128316370282,0.08714883667320264,0.016663244398627926,-0.135466506000811,-0.06320437869259461,-0.044254049674008124,0.05734563887927059,0.021030792526074035,0.10387673883530171
2023-07-31,capm,0.14074407304066452,0.14958059121087214,0.12589555258543844,0.09701185914947516,0.06146081318396718,0.038905912246007465,0.06524088161469453,0.13771624440605285,0.032523079208946676,0.08268529564434467
2023-07-31,ff3f,0.1434270411733076,0.1703420375039856,0.14816584987548587,0.10725182029587946,0.024203547929915845,0.025909059034957375,0.055644291060138434,0.14358101925330513,0.022847798725001645,0.10321180071234895
2023-08-31,historical_mean,0.12767327527194086,0.11204424088053677,0.08964066230330087,0.009785798997684891,-0.15852243495532226,-0.06821873124004592,-0.05425141673437853,0.05213525891812967,-0.00558315403820184,0.0885881018623182
2023-08-31,capm,0.13361057027879608,0.144378486781239,0.12149009044651857,0.09107048196468616,0.056685773154801895,0.03805428453908015,0.06202687046451262,0.1314769353682857,0.027347639452381185,0.07739658454536794
2023-08-31,ff3f,0.13386966802238837,0.1799615263647819,0.14354216798122738,0.10844236230906801,0.011012576452314599,0.021284785664256636,0.049569844763430924,0.13631905116339432,0.013878614246743727,0.09403877857311876
2023-09-29,historical_mean,0.09972199004105534,0.07688356877075903,0.060879240764238104,-0.02255863493671164,-0.1519028730904734,-0.06741519187673359,-0.052392870964366164,0.039209891432539286,-0.008789504679696266,0.06019440494982779
2023-09-29,capm,0.10322296642568729,0.11325753202437547,0.09582786506227507,0.07411779967971188,0.05085857397280816,0.033958471616205646,0.05294194421207114,0.1056651988099562,0.02607105920405217,0.06245201237535215
2023-09-29,ff3f,0.10469616146163194,0.1413919367002238,0.11900231558227001,0.09134679302598613,0.005341889851581382,0.01766126340201172,0.039730166653435435,0.10850976775763432,0.016321603036126515,0.08491245641044547
2023-10-31,historical_mean,0.09624397285993744,0.06782951277228695,0.05538250942780738,-0.029721012084445886,-0.1820879989674876,-0.07913654318453413,-0.06299737642300228,0.02307441706231959,-0.010845260094423704,0.049469777940086744
2023-10-31,capm,0.09947673063491899,0.109546563863828,0.09265778763112796,0.07257696603268197,0.054266355193705346,0.035876828961641204,0.05339998381082103,0.10350209957483328,0.02776659951505299,0.06252947185513813
2023-10-31,ff3f,0.10281107033159996,0.13435918053193624,0.12156875789456789,0.09173817965827702,0.007903819341343425,0.020108302050757032,0.041125158798598675,0.10884051393356964,0.01804195146617483,0.0931098420206075
2023-11-30,historical_mean,0.09734467573576963,0.03668300442833584,0.057617138869056866,-0.04553997621286351,-0.1893354160069155,-0.08099026578976401,-0.0694300064015074,0.020937154461376853,0.014601684127735035,0.054544078485767554
2023-11-30,capm,0.09730159221337778,0.10955202002966796,0.09077206043037411,0.07289706927116191,0.0549698019253438,0.036846134787776895,0.05389259115320903,0.10143609450334722,0.026466789068326647,0.06176686143152923
2023-11-30,ff3f,0.10593327377445239,0.10645602986770679,0.12078908375366086,0.08369836844784771,0.020345282965538194,0.026624242026706144,0.046957619189669404,0.10845144344613161,0.029639759042553327,0.10261262260879551
2023-12-29,historical_mean,0.09206213719146018,0.010167171700207865,0.03948232038705719,-0.049225160726955985,-0.16329704617946195,-0.06727045540137283,-0.05743286633454667,0.028173013305009032,0.041469196520386005,0.044011965731340114
2023-12-29,capm,0.0886274316495595,0.0939170378920254,0.07920081822177133,0.06656574044579149,0.057350245720249965,0.03886763774843922,0.05335830954177345,0.09498076752773202,0.033678190234179235,0.05559703563976986
2023-12-29,ff3f,0.09928899044369124,0.07904865013535398,0.11094821851718134,0.0755966621100477,0.02887769714008481,0.03150657643721487,0.05020808044262808,0.10300854722474437,0.042070799463137035,0.10181095338760293
2024-01-31,historical_mean,0.0948171062873508,0.020675774835442445,0.040545825706341486,-0.06050376622748548,-0.1314158704179365,-0.054131717522569525,-0.04206735296384016,0.04926686110884093,0.023119697260493968,0.04747191759118464
2024-01-31,capm,0.09079760553757577,0.09699748226406327,0.08115187431371988,0.0672253208639926,0.06211733165801213,0.04161151697569125,0.05645178234138039,0.09902808100581602,0.03334013393102878,0.05753193347301699
2024-01-31,ff3f,0.10097209100180163,0.09026212100500025,0.11857158557748167,0.08440928195554763,0.02328197002876264,0.03068062166512883,0.04955510287883421,0.10582995517677878,0.04619875228499317,0.1074487609184047
2024-02-29,historical_mean,0.10349840053014397,-0.008360957805748805,0.041652728814947027,-0.08635888810064518,-0.12665033482727853,-0.05022918674433546,-0.03738483915792989,0.03184495691644134,0.029265995194846437,0.06859806874439546
2024-02-29,capm,0.09494687374198187,0.10168908691041431,0.08495669073958717,0.0707305097249879,0.06511063799472588,0.04394758779314613,0.05930068053099491,0.10351007550472127,0.035184120864470994,0.060208915969782735
2024-02-29,ff3f,0.11199254633237532,0.05235342415653299,0.1259587384568878,0.08544917874612432,0.025752382173002582,0.03635943080159271,0.054954305580526955,0.10046743849961001,0.06423598223473367,0.12072020647021597
2024-03-29,historical_mean,0.11131328588112921,-0.010177852027731518,0.0440838168228127,-0.07536386522854961,-0.11456384826399349,-0.0492723712124206,-0.03625670516346646,0.027150475357351468,0.052321025933955295,0.07965403733965258
2024-03-29,capm,0.10364386251026018,0.11067612412575066,0.0921811345948797,0.07767220674824721,0.0704404120588687,0.04676735766767402,0.06343867682308557,0.11172412845135679,0.038884129941490486,0.06560799848167717
2024-03-29,ff3f,0.12168049191781338,0.04616909999049056,0.12799823352366965,0.08615663198481316,0.039247990874187295,0.04310375924766402,0.062465752988564216,0.1052257653028486,0.07128975082986592,0.12204444781900729
2024-04-30,historical_mean,0.10723990099430084,-0.0033707332741834033,0.046886237235320996,-0.06397155808224764,-0.09400504050387468,-0.03878842797224126,-0.026195713411584158,0.016845616036938602,0.08386406696324804,0.06335507151198211
2024-04-30,capm,0.10373847605021035,0.11136305306300999,0.09283690506550685,0.07904426259971797,0.0725362330153366,0.04849812198523375,0.06493002070649373,0.11133633589493326,0.04188817512009034,0.06533850321158731
2024-04-30,ff3f,0.12009158396594799,0.04738259822644758,0.12842329786443746,0.09056810448918641,0.04990155879364564,0.04874558308606559,0.06757457702234104,0.10019592853766064,0.0846699229759926,0.11382881841503606
2024-05-31,historical_mean,0.07633547742412786,-0.03292110234183663,0.026197508425270126,-0.06867830769513318,-0.1244641420529598,-0.05270891926304819,-0.04064439587888933,-0.035966198670494165,0.0820117795712122,0.05343918013570455
2024-05-31,capm,0.07383983807210512,0.07949531399260482,0.0674159043267191,0.058346975715006424,0.05573607521594928,0.04108896166905087,0.050942821528480675,0.0785082439946228,0.03547149458979135,0.05080170850965713
2024-05-31,ff3f,0.08946728353294756,0.018901397151198655,0.10249726099137342,0.07078264258671449,0.03256284812235498,0.0408276841627726,0.05404216678129595,0.06389072711606059,0.07545212106574595,0.0982934415326577
2024-06-28,historical_mean,0.09060137803578494,-0.017438966825892674,0.03124190713531013,-0.06768640527709459,-0.11498446310436028,-0.04817493223686396,-0.035414838704006565,-0.0237839897772449,0.062705428311202,0.05562434973344253
2024-06-28,capm,0.08854164539188497,0.0958940032392674,0.08059914325717059,0.06861222499964022,0.06565058584713188,0.04678681682054184,0.05927509331670022,0.09455115596560687,0.03946862337791224,0.05896136016060911
2024-06-28,ff3f,0.1037408424820114,0.02946123860707152,0.1089161192494866,0.076504776674149,0.04547588063994765,0.046823200551456064,0.0621153199095265,0.07722074715454014,0.07630430695883757,0.10113818332716054
2024-07-31,historical_mean,0.09476549876737245,-0.027380588388526965,0.028709370919636157,-0.06222499759727096,-0.12339596974751013,-0.047533977961801484,-0.04072397917850457,-0.026267820733452706,0.08697603289374008,0.05665953041267721
2024-07-31,capm,0.09021937259111952,0.09696310143188935,0.08194199444700032,0.07028917379828381,0.06671144440482926,0.04818248273672639,0.06044516913738547,0.0959538534150389,0.04186548836818986,0.06040130479418656
2024-07-31,ff3f,0.10762757220515996,0.020778225285714304,0.11166571687463167,0.08422520610652745,0.04725794065693976,0.04946122405673594,0.06580014425536926,0.07805893822245688,0.07128548226454604,0.10953878499686476
2024-08-30,historical_mean,0.09073780410119793,0.017720796146781032,0.034670124551767816,-0.03724086917782056,-0.12367467877503854,-0.044582743783486964,-0.036741198622788046,-0.015221104050344703,0.09607552962773169,0.05488535555509505
2024-08-30,capm,0.0912467023431418,0.0986672039318139,0.08316810327339999,0.07190374582877199,0.06791481067375178,0.0495651926779527,0.061769766095433026,0.09713080738848694,0.043377637020511894,0.06164688653369208
2024-08-30,ff3f,0.10185512214354596,0.05937592956119679,0.11135463604392894,0.09203509901282722,0.04193393346829301,0.043882108697295016,0.0619288927175517,0.08262035959761567,0.05194102861228343,0.10125456133536834
2024-09-30,historical_mean,0.08866152245386381,0.004780216980859233,0.040576593644128175,-0.0391890873123779,-0.11557463016579242,-0.03880931262933982,-0.029415228972743884,-0.005363314148133447,0.10323301600243501,0.07078597127780333
2024-09-30,capm,0.08846987972598802,0.09517347006052149,0.0811893427941226,0.0704744076988081,0.06705884676443544,0.049971555026413074,0.06137632671453791,0.09419006690977082,0.044303753676558026,0.061386666704622055
2024-09-30,ff3f,0.10032128158031062,0.0461063766151745,0.11069516661051045,0.09126562338753694,0.040706003816201694,0.0444396264245591,0.06195734413072605,0.07841218099254461,0.05450991187022479,0.1053414647518851
2024-10-31,historical_mean,0.11149936911581336,0.016882478110606683,0.054230058905068115,-0.007412932069492185,-0.09914189615151636,-0.028866171353329452,-0.017872612978866664,0.024858708459989,0.13070043889473723,0.08861727000155516
2024-10-31,capm,0.10965172515183474,0.12001944311453963,0.1002122546750852,0.08578634964646792,0.08145234209738376,0.057819202785770935,0.07376645379198875,0.11767504923298064,0.04892470478133337,0.07212257159178465
2024-10-31,ff3f,0.12206584449396926,0.058917926232964005,0.12504775979751553,0.10136772552697682,0.05591050712735214,0.05191345978421653,0.07326795655275065,0.09516809085870714,0.05868578930376059,0.11207220760547766
2024-11-29,historical_mean,0.08590763017122775,-0.001753108451910902,0.02574033783009667,-0.021376116733364724,-0.12595674959195788,-0.038873268733682555,-0.03040792529098803,-0.009489112889682709,0.13983582672917605,0.06537565310746951
2024-11-29,capm,0.08595779519290665,0.09382808175669108,0.08087678125875096,0.07115196510966659,0.06749889066192322,0.05215913455501035,0.06294089410352968,0.09139747164514009,0.045215699227406786,0.06115748812724975
2024-11-29,ff3f,0.09747613418855054,0.03935956743391779,0.10652870873941339,0.08806513380730496,0.042721639002936046,0.04751965483655879,0.06381472901302648,0.07049070978223194,0.054821808545038736,0.09960608434038884
2024-12-31,historical_mean,0.10790440102751253,0.048012637958427376,0.04015596547275258,-0.016519687817135056,-0.1285101472778469,-0.039107960818295734,-0.02409553005608166,0.0115203651433173,0.13156408970102398,0.0825514772965944
2024-12-31,capm,0.1132746038749418,0.12701393145729503,0.10234514739441947,0.08722093546024076,0.08615497745464232,0.062325675469272104,0.07825920843781851,0.12074393695385559,0.048637530798492416,0.07586349184986141
2024-12-31,ff3f,0.12338582304824605,0.08579810399405008,0.1314643349348879,0.10830907703109478,0.06503282850441541,0.058856697738093884,0.08018559079333815,0.10862495699700558,0.06027569863252839,0.11043739578206013
