date,model,signal,SPY,IWM,EFA,EEM,TLT,IEF,LQD,VNQ,GLD,XLP
2010-02-26,risk_parity,none,0.07524313741995857,0.06651092066583837,0.05593521201410331,0.048275285038241966,0.14200467253445376,0.22272984401980472,0.13470462395501484,0.04148249432463961,0.11124515884362073,0.10186865118432416
2010-02-26,markowitz,historical_mean,0.0,0.0,0.0,0.0,0.01222017071735318,0.39999999999999825,0.18823523564047612,0.0,0.3995445936421721,4.947561649698021e-16
2010-02-26,mean_cvar,historical_mean,4.482479122729903e-17,9.516657649425744e-19,8.663585281615501e-17,1.9690148296647935e-18,0.03957130274019145,0.4,0.20305505768225504,1.0264473951949917e-17,0.19611696837088133,0.16125667120667203
2010-02-26,markowitz,capm,7.293528843535244e-17,0.0,0.0,1.1498343167732942e-16,0.4,0.3999999999999999,0.03868760909784755,9.480312359789128e-17,0.16131239090215188,3.845952077772407e-16
2010-02-26,mean_cvar,capm,7.256385559857848e-18,3.1958613322407058e-21,5.244939213178287e-19,3.607041925093511e-18,0.09463705861717207,0.3999999999999999,0.21690425554814885,1.1526747670350962e-17,0.10424000223644407,0.18421868359823498
2010-02-26,markowitz,ff3f,0.0,0.0,0.0,0.0,0.19999999999984366,0.3999999999998819,0.3999999999999304,0.0,3.441691376337386e-13,0.0
2010-02-26,mean_cvar,ff3f,1.1814760969378597e-17,0.014089839856798382,7.509377205025693e-18,1.5650306241570517e-18,0.058578456989120536,0.3999999999999999,0.25855312014210985,2.7881584970254014e-18,0.09574638079091409,0.17303220222105703
2010-03-31,risk_parity,none,0.07485292509957711,0.06618664662722822,0.056085259905390206,0.04827008629689982,0.14288050507192862,0.22325054044054482,0.13506080075320853,0.0412950105698792,0.11098711210667668,0.10113111312866681
2010-03-31,markowitz,historical_mean,1.7808822768546075e-15,6.415128508627668e-16,2.0002971317715373e-15,4.600585058840961e-16,0.0,0.39999999999999863,0.1342829951006391,3.755011300247251e-15,0.39999999999999364,0.06571700489936015
2010-03-31,mean_cvar,historical_mean,5.07630732863727e-18,2.706358315429093e-17,1.3505812883767491e-17,1.49469956290269e-17,0.02986393805589219,0.4,0.18839960010100973,0.0,0.19806120937217872,0.18367525247091923
2010-03-31,markowitz,capm,0.0,3.917127193156893e-16,1.3418090328932407e-16,3.393152966392837e-16,0.3909583173358788,0.39999999999999947,0.07015845435447457,8.576936020711702e-16,0.13888322830964533,0.0
2010-03-31,mean_cvar,capm,2.5956458385980524e-17,8.035567041197069e-21,5.3795851881908816e-18,2.0914021988259852e-20,0.07337459069492976,0.4,0.23264844429161965,0.0,0.10328813382345452,0.1906888311899962
2010-03-31,markowitz,ff3f,3.650991346622075e-15,0.0,3.0514556697492457e-15,6.169067907593456e-15,0.1999999999999945,0.3999999999999994,0.3999999999999837,4.495976048387753e-15,0.0,5.191128870723088e-15
2010-03-31,mean_cvar,ff3f,1.8467343707216984e-17,0.01048235814866394,5.908510685830962e-18,0.0,0.05212002871966056,0.39999999999999997,0.2660225251938352,8.010249136023163e-18,0.08761644305165356,0.18375864488618687
2010-04-30,risk_parity,none,0.074030183761048,0.06531360797799418,0.05551593113607656,0.04783430048666745,0.14393394135345797,0.225608060391147,0.13507859886003243,0.04085205098356637,0.11156782952886436,0.1002654955211456
2010-04-30,markowitz,historical_mean,1.437498879070972e-16,0.0,2.5084949477476577e-17,0.0,6.157679308375636e-16,0.38974879907852183,0.14158407917749588,9.958656572894423e-16,0.3910118025625756,0.07765531918140484
2010-04-30,mean_cvar,historical_mean,1.9459884114183985e-18,3.661785005732714e-17,7.620161780603114e-20,1.3521506569423487e-17,0.015092180591750054,0.4,0.19732040595398934,6.717592775505917e-20,0.2001702766292505,0.1874171368250101
2010-04-30,markowitz,capm,0.0,0.0,1.4554937962432874e-16,0.0,0.2713071879711911,0.3999999999999997,0.19346666555744452,2.3934459912542785e-16,0.13522614647136444,0.0
2010-04-30,mean_cvar,capm,8.787344061946923e-18,3.2324504627743426e-17,0.0,0.0,0.0673709173861321,0.4,0.2328865280675971,2.014533978596285e-17,0.09734172733185677,0.20240082721441405
2010-04-30,markowitz,ff3f,2.9954871120713324e-16,0.1135174877615051,8.333041071967871e-16,1.8231057608227576e-15,0.08648251223849289,0.39999999999999913,0.39999999999999686,9.590707528533524e-16,9.048259110672847e-16,1.2569173168065226e-15
2010-04-30,mean_cvar,ff3f,4.6966475929376e-18,0.029188063547358114,1.3108041763246837e-17,2.944813947071906e-17,0.05368127969187177,0.4,0.2661340632509728,1.7713251101320697e-17,0.08237630904850267,0.1686202844612947
2010-05-31,risk_parity,none,0.07452594548948094,0.0647522196585292,0.05637415818789984,0.04826493557283326,0.14307273736033624,0.2250826791833924,0.1350230458687026,0.04050303375863837,0.11056496452210345,0.1018362803980837
2010-05-31,markowitz,historical_mean,0.0,1.9342017495046936e-16,0.0,0.0,0.0,0.39999999999999947,0.17745572539393967,0.0,0.39999999999999947,0.02254427460606119
2010-05-31,mean_cvar,historical_mean,2.1085709433033348e-17,4.9106258870900755e-17,6.213182644016804e-18,2.5919922785574352e-17,0.02844311089161849,0.4,0.2027694610476047,4.44587256164895e-20,0.21219292704551662,0.1565945010152601
2010-05-31,markowitz,capm,8.907617332531024e-18,0.0,8.76730284014729e-17,0.0,0.3390976241736853,0.39999999999999986,0.1269007289969953,0.0,0.13400164682931942,7.2131627577645e-17
2010-05-31,mean_cvar,capm,0.03426498705794086,2.8415316618338873e-22,3.907759386920427e-17,0.0,0.06290082626942067,0.3999999999999999,0.2247157809098958,1.9938080493867778e-20,0.08978902143843408,0.18832938432430846
2010-05-31,markowitz,ff3f,0.0,0.32673242668127267,0.0,0.0,0.0,0.27326757331925516,0.3999999999994723,0.0,0.0,0.0
2010-05-31,mean_cvar,ff3f,0.0021288966440328023,0.036444050069398735,9.040666136538587e-18,1.3544011678245925e-17,0.05229825528189526,0.4,0.26025142214441266,3.881635982031913e-18,0.06915898179634362,0.1797183940639169
2010-06-30,risk_parity,none,0.07315459077011084,0.06377822033122482,0.055133123088149556,0.04744049803021889,0.14528992100132088,0.2297372514314704,0.1339943094729068,0.04030715004719579,0.11100305652590955,0.10016187930149259
2010-06-30,markowitz,historical_mean,2.352020866720932e-16,0.0,0.0,0.0,0.04526444464381177,0.3999999999999997,0.15473555535618858,2.6049050742271616e-16,0.3999999999999997,0.0
2010-06-30,mean_cvar,historical_mean,1.9567404471928534e-17,6.495333611294289e-19,1.1239105940907945e-16,0.0,0.060904647972740984,0.4,0.2020038470356472,2.2301919769762647e-18,0.2317755261456964,0.1053159788459152
2010-06-30,markowitz,capm,0.0,0.0,0.0,0.0,0.3999999999999929,0.3999999999999918,6.724655554624039e-15,0.0,0.20000000000000154,6.8112564625619915e-15
2010-06-30,mean_cvar,capm,2.646349799239949e-05,1.4836871497598488e-17,1.8334185948913898e-17,7.548991283152916e-19,0.07947730593213737,0.4,0.2285576969232912,9.474330344678755e-18,0.10001830371153796,0.19192022993504118
2010-06-30,markowitz,ff3f,7.146060733610765e-17,0.0,0.0,1.2453337794372847e-16,0.4000000000000009,0.4000000000000009,0.1999999999999977,6.537808583259061e-17,1.7451521720931856e-16,0.0
2010-06-30,mean_cvar,ff3f,2.3930090138948916e-17,0.021127721233800672,0.0,7.242662269839674e-18,0.07677952834232503,0.4,0.25891449332650585,5.384436739211583e-18,0.07380067328241631,0.16937758381495213
2010-07-30,risk_parity,none,0.07305184326872122,0.06371540841087109,0.05472966304970578,0.046882636631845706,0.14500944346710087,0.2301420023937446,0.1337897166533047,0.04059006535288655,0.11160444435325471,0.10048477641856463
2010-07-30,markowitz,historical_mean,7.175929215273972e-17,1.9171848090812392e-16,2.9060785831411104e-15,8.632995125785174e-16,0.06548938426783817,0.3999999999999961,0.1563713208080753,3.504375458578153e-16,0.3781392949240861,0.0
2010-07-30,mean_cvar,historical_mean,8.639011769013527e-17,1.0215498013412383e-17,0.0,3.496089152881716e-17,0.06223405778086044,0.39999999999999997,0.20424842354759107,5.009987707064678e-19,0.24012315966098732,0.09339435901056126
2010-07-30,markowitz,capm,0.0,0.0,0.0,0.0,0.39999999999999397,0.39999999999999336,7.174816296640032e-15,0.0,0.20000000000000187,3.798531053424195e-15
2010-07-30,mean_cvar,capm,5.302412645497099e-17,6.7426193790094536e-18,1.8121831351928775e-19,5.386822743631515e-18,0.08824809986185116,0.4,0.23462437584077456,2.1613906367984735e-20,0.09093162946389145,0.1861958948334828
2010-07-30,markowitz,ff3f,1.211412138175298e-11,6.758345750462617e-10,1.4212936606835732e-11,1.573755020386317e-11,0.39999999968037925,0.4000000000287416,0.19999999935045176,1.9543529209520104e-10,1.3779513469183845e-11,1.3313295348877108e-11
2010-07-30,mean_cvar,ff3f,2.732638272072315e-17,0.01795259082885073,2.97042010054107e-18,5.919221006851013e-18,0.08564997281175542,0.39999999999999997,0.264760243007223,3.2629605987052654e-18,0.070077729162472,0.16155946418969888
2010-08-31,risk_parity,none,0.07230801762709028,0.06357900552455086,0.053666995150056504,0.046242085336556875,0.1461320997433811,0.22917774626886336,0.13376728270162302,0.04051504053757602,0.11519391967507579,0.09941780743522609
2010-08-31,markowitz,historical_mean,4.329013665703136e-16,0.0,1.8802031055252886e-15,9.63000582450357e-16,0.01828845414189965,0.3999999999999965,0.228931628657997,5.152401723667838e-16,0.3171504841411644,0.035629433058938696
2010-08-31,mean_cvar,historical_mean,2.3222493189131304e-18,2.27404276541219e-17,4.298359208869134e-19,1.1006273695361386e-17,0.03598704984456832,0.4,0.2157041504347811,1.2379450789113309e-17,0.19443412019516046,0.15387467952549014
2010-08-31,markowitz,capm,5.883388898513296e-17,0.0,0.0,8.352808238629207e-17,0.3999999999999994,0.3999999999999996,1.36717893950422e-16,0.0,0.20000000000000065,0.0
2010-08-31,mean_cvar,capm,0.0,0.0020868708411336057,4.499765510007199e-18,8.250726791615888e-18,0.07383873427080012,0.4,0.21422806528498003,1.0929185874150924e-17,0.11049063830114697,0.19935569130193928
2010-08-31,markowitz,ff3f,1.1622183907984382e-13,0.39999999999973096,9.661201826649603e-14,1.3016165933262978e-13,2.3687371508707145e-12,0.19999999999589857,0.39999999999863334,2.9281172379723446e-12,4.1032008848314033e-14,5.625107112709917e-14
2010-08-31,mean_cvar,ff3f,1.2338896688253649e-17,0.0636242289119894,2.566186329885185e-17,2.5262675459617763e-17,0.07856299904405628,0.3999999999999999,0.2465968108880051,1.3002836124917855e-17,0.08305440285953967,0.12816155829640946
2010-09-30,risk_parity,none,0.07271767836411608,0.06420326318755916,0.05361774016219513,0.04624176122317801,0.14404868143570562,0.23008720154965476,0.1340914088940814,0.040687912502005305,0.11414543569439635,0.10015891698710837
2010-09-30,markowitz,historical_mean,0.0,0.0,2.2869792460220217e-16,6.215371610479032e-16,0.05817528481939674,0.3999999999999997,0.2100976304343016,2.3005401748668075e-16,0.3317270847463007,2.437298781954424e-16
2010-09-30,mean_cvar,historical_mean,1.897121395371803e-17,2.0330418115228217e-18,3.858665663389888e-18,5.828222207926637e-17,0.05633234039310231,0.4000000000000001,0.21147031696966068,2.2575045901365095e-18,0.1933081968779206,0.13888914575931624
2010-09-30,markowitz,capm,2.4522690917082506e-16,0.0,3.949474865702747e-16,0.0,0.3999999999999994,0.3999999999999994,1.0200841402312201e-15,0.0,0.19999999999999865,8.36164145494774e-16
2010-09-30,mean_cvar,capm,4.059865439544708e-18,1.1628083148484693e-22,1.5528551918750776e-17,3.886270849576743e-17,0.07110127877760615,0.4,0.22632344391946285,2.351000985487298e-17,0.10440142550172402,0.19817385180120692
2010-09-30,markowitz,ff3f,0.0,1.0096535923154348e-10,0.0,0.0,0.3999999996462623,0.39999999978459044,0.20000000046818178,0.0,0.0,0.0
2010-09-30,mean_cvar,ff3f,1.0876362323981295e-20,0.04444922636131277,3.3692538627877926e-17,8.30834031847752e-18,0.07263358078721756,0.3999999999999999,0.24632260748669926,2.592535237102623e-17,0.08234994289925388,0.15424464246551647
2010-10-29,risk_parity,none,0.07153585462231747,0.062083651715185297,0.052953741445388565,0.046292746899659294,0.14624899353118193,0.2296787694733534,0.13416287877478142,0.04082850755403419,0.1165925851309244,0.09962227085317406
2010-10-29,markowitz,historical_mean,3.4803940339020413e-16,0.0,0.0,3.4741954929650564e-16,0.039533493432617174,0.39999999999999986,0.22747676558428984,0.0,0.3157234472613136,0.017266293721778906
2010-10-29,mean_cvar,historical_mean,0.0,4.166097476978607e-18,0.0,0.0,0.040903602342497514,0.3999999999999999,0.23343566740361033,1.0400366928743226e-17,0.18834976902190304,0.13731096123198905
2010-10-29,markowitz,capm,0.0,0.0,4.994620138610921e-16,0.0,0.3999999999999992,0.3999999999999994,5.620504062164849e-16,0.0,0.1999999999999998,5.947270149641819e-16
2010-10-29,mean_cvar,capm,4.0960708694645663e-19,0.00235699459507865,7.15547742942729e-18,9.595559215097507e-18,0.057986189165578926,0.3999999999999999,0.22315435104295073,7.949703100311508e-18,0.10464395298734928,0.21185851220904242
2010-10-29,markowitz,ff3f,4.096586641106637e-12,0.39999999999106245,2.2738033383284284e-12,4.763490818068588e-12,0.0,0.19999999965147738,0.39999999994549595,3.9951028859609314e-10,3.759415641278009e-13,9.44124627679709e-13
2010-10-29,mean_cvar,ff3f,8.918765271866228e-18,0.07759248132722477,4.167122774980048e-17,9.112010335617657e-18,0.058702114215505585,0.4,0.24745692092840305,2.0688111850485058e-17,0.08321525935698895,0.13303322417187766
2010-11-30,risk_parity,none,0.07109916321276047,0.061912330519379284,0.05297948352122854,0.047008657981638606,0.14722261055915598,0.2288514068220984,0.13334504736226904,0.04055664441163141,0.11789689646910369,0.09912775914073448
2010-11-30,markowitz,historical_mean,0.0,2.5079423660104035e-16,0.0,8.35155204046395e-17,1.5891565491386936e-17,0.39999999999999925,0.23481845890366299,3.6328265632209136e-16,0.3171514714240573,0.04803006967227969
2010-11-30,mean_cvar,historical_mean,1.1372245676268631e-17,6.267194834196347e-17,3.728848985689137e-18,1.5728922994974925e-20,0.006087087073766797,0.3999999999999999,0.24090436056687983,6.536054424189854e-18,0.19028161734825552,0.1627269350110978
2010-11-30,markowitz,capm,0.0,2.708160587089674e-17,0.0,0.0,0.3999999999999997,0.39999999999999986,1.665334536937734e-16,2.6295844722900175e-16,0.20000000000000007,4.0976727682569925e-17
2010-11-30,mean_cvar,capm,0.0,0.01016710094387167,3.2933099887344065e-17,1.5253788741271766e-17,0.05384994839426802,0.4,0.21774669643342284,8.623267398938952e-19,0.1026280186482921,0.21560823558014533
2010-11-30,markowitz,ff3f,4.1938400604053226e-15,0.3999999999999986,1.8959526522785868e-15,4.779797417754721e-15,0.0,0.1999999999999783,0.3999999999999643,4.671263376110345e-14,2.1117417883610917e-16,1.0172211460151648e-15
2010-11-30,mean_cvar,ff3f,1.6579885648700037e-19,0.07990437457538449,3.241690164213285e-17,1.5870261990069512e-17,0.03834097565131912,0.4,0.24677253370115707,1.7583051930751065e-17,0.09720236224100053,0.13777975383113863
2010-12-31,risk_parity,none,0.0716231017927003,0.06269939703896232,0.053041186453931535,0.0472166157674195,0.14691908980345392,0.22664849729726586,0.13304216016185244,0.040814932415785786,0.11883165522276008,0.09916336404586822
2010-12-31,markowitz,historical_mean,4.772150683176275e-16,0.0,7.456752000697606e-16,6.636544292253805e-16,6.378089989473846e-16,0.3902452568336695,0.20975474316632853,1.661122769994515e-16,0.39999999999999936,0.0
2010-12-31,mean_cvar,historical_mean,6.8157784698317504e-18,0.009721019135997865,1.1686652762055012e-16,1.2036528147002877e-18,1.0186140000550669e-17,0.39992760264038396,0.22662869064577232,1.4574800807119382e-19,0.22669933299174014,0.13702335458610562
2010-12-31,markowitz,capm,8.091486641025575e-17,2.1217348614808015e-16,3.64732263844082e-17,3.843576365245812e-17,0.40000000000000024,0.40000000000000024,0.02106079121982323,9.047162665723048e-17,0.1789392087801755,2.83936926092949e-16
2010-12-31,mean_cvar,capm,0.025447175484391096,0.013637807117450737,4.673120524943395e-20,3.117218249371474e-17,0.04088405122958879,0.3999999999999999,0.2168041253277126,0.0,0.1015636032111049,0.20166323762975177
2010-12-31,markowitz,ff3f,0.0,0.3999999999991573,0.0,0.0,8.013711613532241e-15,0.20000000000167747,0.3999999999991573,0.0,0.0,0.0
2010-12-31,mean_cvar,ff3f,4.353059025486813e-18,0.08934468655383597,5.452185184158443e-19,4.1826753327539605e-17,0.03909832341504735,0.4,0.24718743373183097,1.2527803540158336e-18,0.06942931200910334,0.15494024429018233
2011-01-31,risk_parity,none,0.07119985561909378,0.062344595807247216,0.05275425336439315,0.04705455689633359,0.14757358768190096,0.2283693079016553,0.13325273367637672,0.04083400852944803,0.1178811693476844,0.09873593117586695
2011-01-31,markowitz,historical_mean,0.0,0.017162547740175442,0.0,8.819383445183594e-18,0.0,0.31516034198633164,0.2224332121657381,2.588820436906518e-17,0.3999999999999997,0.045243898107755094
2011-01-31,mean_cvar,historical_mean,6.2967338170132916e-18,0.02128222246734317,2.922620041811175e-17,7.532559173322344e-18,7.966954686294303e-18,0.3819564846030063,0.22687137041919653,1.476001528176759e-17,0.20565418766910096,0.16423573484135306
2011-01-31,markowitz,capm,0.09249682205378931,0.06540763771041652,2.2223309584075608e-17,1.581013081010776e-19,0.02135358914797689,0.36905728267515964,0.1898323752783824,0.0,0.06420584074430054,0.19764645238997472
2011-01-31,mean_cvar,capm,0.03726934513356309,0.01717858359196083,0.0,6.937701633519647e-18,0.028215058938501517,0.4,0.21940294658481424,0.0,0.09907872237269125,0.19885534337846902
2011-01-31,markowitz,ff3f,0.0,0.4000000000000006,0.0,0.0,8.878135516236674e-17,0.1507406400648343,0.4000000000000006,0.049259359935164476,0.0,0.0
2011-01-31,mean_cvar,ff3f,2.340958919534827e-17,0.10931978626217184,2.4004236088510047e-17,3.852779840886645e-18,0.03145774964175268,0.39999999999999997,0.24833645676349694,1.1149744473853679e-18,0.06090224700630713,0.1499837603262716
2011-02-28,risk_parity,none,0.07205768348386712,0.06262022518465812,0.0534113360668528,0.047133955071696924,0.14677400001383592,0.2282114304234589,0.13385676763774382,0.041271664712347014,0.11579730604371623,0.09886563136182322
2011-02-28,markowitz,historical_mean,0.0,0.02787271718322186,1.857999462227897e-16,0.0,0.0,0.3355706506378879,0.22618671949768202,0.0,0.29551963363494554,0.11485027904626245
2011-02-28,mean_cvar,historical_mean,8.889369581966257e-18,0.03793074715003446,1.1769688809257565e-18,6.247382231479711e-18,1.174448234163361e-17,0.4,0.20382779375894688,2.843194797097375e-17,0.16930492870776,0.18893653038325864
2011-02-28,markowitz,capm,0.23768026223743918,0.19413900483150617,0.048488012904476616,0.04105991889203115,0.0,0.1753375914245007,0.11768983879534405,2.6724623591832525e-18,0.015528708572814728,0.1700766623418874
2011-02-28,mean_cvar,capm,0.03557954658869329,0.03469338847128435,5.05475054630448e-19,7.925539973528396e-19,0.04452108201827393,0.4,0.1676175352862372,2.717344792412856e-20,0.11048547369448604,0.2071029739410252
2011-02-28,markowitz,ff3f,8.604228440844963e-16,0.39999999999999986,1.8075794320472354e-16,1.5265566588595902e-16,5.984795992119984e-17,0.19999999999999923,0.3999999999999989,6.912873051767576e-16,1.1451319046585922e-16,2.688821387764051e-17
2011-02-28,mean_cvar,ff3f,2.1557096865725686e-18,0.12163187890020823,7.332685533166094e-18,1.5223251348837015e-17,0.018715730034534892,0.3999999999999999,0.20633152415543413,2.898120334915233e-17,0.10225479606721952,0.15106607084260312
2011-03-31,risk_parity,none,0.07196364795809962,0.0623807748214002,0.05340891126404929,0.047527450034952325,0.14651869715408372,0.22957009873948006,0.13433041373964633,0.0413324557722811,0.11432710526069917,0.09864044525530823
2011-03-31,markowitz,historical_mean,1.5904178469101783e-17,0.07237335431455189,5.964724288274371e-16,5.032690670984918e-16,3.893532285323944e-16,0.28955385756663393,0.24085969647612446,9.968967206412402e-18,0.28978137744895416,0.10743171419373387
2011-03-31,mean_cvar,historical_mean,2.946443437334626e-17,0.045770276641223406,0.0,0.0,0.008507070620664846,0.37679322911828006,0.22505907849064477,4.295267533108129e-20,0.16151844078637564,0.18235190434281115
2011-03-31,markowitz,capm,0.2615714999731207,0.22310955503245278,0.08562408269511856,0.08257075685759506,1.8126505071242027e-18,0.11056870106011728,0.07734720024674484,0.0032867229379465427,0.0,0.15592148119690438
2011-03-31,mean_cvar,capm,0.06303971900298676,0.036456323785729466,6.30502860335082e-19,1.1953756824536425e-17,0.030166856872943463,0.3758847925773342,0.20499110907986393,8.254029804912766e-18,0.0946332040992172,0.194827994581925
2011-03-31,markowitz,ff3f,0.04309084772576609,0.4,1.134346522962959e-17,0.018898590610322154,1.3518645838178633e-18,0.13115510235238184,0.3999999999999999,0.006855459311529933,1.878719077010038e-17,0.0
2011-03-31,mean_cvar,ff3f,1.3709753444894021e-17,0.12976367294729707,1.415421696291349e-19,2.335834316302406e-18,2.3365102785075275e-18,0.3951598263572512,0.2515036579319873,5.916297645656895e-18,0.08506483460297917,0.1385080081604852
2011-04-29,risk_parity,none,0.07197315165885834,0.06236094647703793,0.05336748601911989,0.047550612165200005,0.14628484966388086,0.22950216058392442,0.1344533552038782,0.041248871825516016,0.11467152929973636,0.09858703710284801
2011-04-29,markowitz,historical_mean,0.0,0.12976368326216028,0.0,0.0,0.0,0.23270105298135954,0.23868744394576444,0.0,0.39884781981071543,1.3980626367618333e-16
2011-04-29,mean_cvar,historical_mean,7.079490378186898e-18,0.05888530349955381,1.4266965414824294e-17,1.0371146534054558e-17,2.372506167272085e-17,0.34263557964600266,0.24862358113419486,2.948368444591923e-18,0.19588704104629345,0.1539684946739552
2011-04-29,markowitz,capm,0.25761672451913775,0.21551671882290105,0.08746966415204409,0.07054623441180422,2.5902267527036504e-18,0.12037594150556263,0.08152223973979958,0.005352954182532051,4.188577924172515e-19,0.16159952266621855
2011-04-29,mean_cvar,capm,0.10200698041613733,0.017518538158564436,3.479871554443473e-18,2.642318308557621e-22,0.031776264556768005,0.38693462964681463,0.1852257705013713,3.0580738393220225e-17,0.0962470188171218,0.18029079790322247
2011-04-29,markowitz,ff3f,3.728047067679247e-17,0.40000000000000013,0.0,0.09315392013656051,1.9148602532888927e-18,0.10684607986343918,0.40000000000000013,4.514847369542191e-18,1.26328404259473e-17,0.0
2011-04-29,mean_cvar,ff3f,6.431390819727677e-18,0.165392995282985,0.0,4.532108215639314e-18,0.013247006394868421,0.4,0.24108260406087642,4.1994616296503807e-17,0.07642264482610701,0.10385474943516314
2011-05-31,risk_parity,none,0.07238594240367223,0.06302292192713181,0.053314614698702786,0.048110004792045094,0.14700672029315606,0.2300320696210111,0.13474744516112777,0.04142790672688711,0.1122585637504899,0.09769381062577605
2011-05-31,markowitz,historical_mean,0.0,0.056929894281455146,2.1171427490637545e-15,8.076910199646786e-16,1.5785645652617761e-15,0.2691397606245708,0.17911862839963824,8.029170442701535e-16,0.39999999999999886,0.09481171669433179
2011-05-31,mean_cvar,historical_mean,6.155121405438625e-18,0.048608024631506215,2.7197728592957866e-17,6.739206403022057e-17,6.363146627684598e-19,0.390420588363517,0.175518580839603,1.89357229448685e-17,0.20718838404652215,0.1782644221188516
2011-05-31,markowitz,capm,0.2579031761729891,0.22061759651548324,0.08636603148230602,0.07237096908159607,3.86526195110059e-18,0.11738433843620445,0.0778396320011485,0.006212281774065441,6.177376313276025e-19,0.16130597453620715
2011-05-31,mean_cvar,capm,0.055233171881084134,0.028040752441294302,3.3339741327391783e-18,3.711992699453959e-18,0.03527631157288057,0.4,0.16397614542380193,1.058147013983502e-17,0.10046930187456045,0.21700431680637858
2011-05-31,markowitz,ff3f,0.0,0.39999999999999986,0.0,0.14333289388831022,1.1928698993371568e-16,0.0566671061116901,0.39999999999999986,0.0,0.0,0.0
2011-05-31,mean_cvar,ff3f,1.1646892671618835e-22,0.16597605433234638,2.1229569011362575e-17,2.9634162315956214e-17,0.02640012275337633,0.4,0.1981003209347964,4.2535912020530984e-18,0.08956466829278817,0.11995883368669275
2011-06-30,risk_parity,none,0.07226469555814398,0.06283369400489786,0.05322156317377982,0.047998069386249884,0.14697911103677436,0.2306075731763875,0.13518305095453303,0.04137756564119495,0.11241376614029293,0.09712091092774572
2011-06-30,markowitz,historical_mean,7.093880735915014e-17,0.003349915247149255,0.0,5.470618554520782e-16,0.0,0.321703869000845,0.2238081778993997,0.0,0.330708374257021,0.12042966359558452
2011-06-30,mean_cvar,historical_mean,5.49102901815876e-18,0.0217235660724358,8.825873072912143e-20,6.49778117331445e-20,0.001046023104530415,0.38505466385985865,0.2184711614099161,1.1586393674925445e-17,0.19415434242755175,0.1795502431257073
2011-06-30,markowitz,capm,0.25776315400102984,0.22297563536481188,0.08526942137155313,0.07172581971657223,4.447550816498598e-19,0.12056095378268117,0.07912020562368839,0.0025096469909747735,4.413669498608426e-19,0.16007516314868858
2011-06-30,mean_cvar,capm,0.0917613804510094,0.02171841227197608,1.5702662102310361e-18,6.66933481651192e-18,0.03574099435551986,0.4,0.18106905663575304,1.1543847666207502e-17,0.09619312189669738,0.17351703438904428
2011-06-30,markowitz,ff3f,0.0,0.40000000000000013,0.0,0.12088431012870884,0.0,0.07911568987129092,0.40000000000000013,0.0,0.0,0.0
2011-06-30,mean_cvar,ff3f,2.9246224568189585e-17,0.1527675341980706,5.210610204415118e-19,4.20839149136369e-18,0.01455095603539989,0.4,0.24815832114320302,8.931968879895562e-18,0.08353080739571528,0.10099238122761119
2011-07-29,risk_parity,none,0.074137511558099,0.06382529747554314,0.054543563165440186,0.04918697278572677,0.14439938513654813,0.22672277683542705,0.13642906294539434,0.04217452436444375,0.10979877499520059,0.09878213073817727
2011-07-29,markowitz,historical_mean,2.607475274394643e-16,0.015950681193964297,9.743660592330713e-19,0.0,0.0,0.3007569417133774,0.23917169022146015,0.0,0.279733796214741,0.16438689065645679
2011-07-29,mean_cvar,historical_mean,9.315515751427452e-18,0.022836156555456653,8.928122077182898e-18,2.8566364323658445e-17,3.3922445711969504e-22,0.3961925261830633,0.19520788462022387,8.329894255778974e-19,0.1730508179300226,0.21271261471123368
2011-07-29,markowitz,capm,0.2725349447596531,0.24481658264442127,0.12188987862894597,0.10208484367717145,0.0,0.05360082537124885,0.042481429224296985,0.023410057564891004,0.0,0.13918143812937134
2011-07-29,mean_cvar,capm,0.06247992426172809,0.0374194331772788,9.401342873516163e-18,8.668811851854245e-18,0.033000795090028956,0.3999743113101532,0.16984776613602962,1.3823822026387821e-17,0.10052734116863375,0.19675042885614755
2011-07-29,markowitz,ff3f,0.016862434307431916,0.39999999999999986,1.6729976266989127e-16,0.1831375656925682,0.0,1.202109158743303e-17,0.39999999999999986,1.1097545980926932e-16,4.5205045520867406e-17,0.0
2011-07-29,mean_cvar,ff3f,1.1220126534326747e-17,0.15280333129565268,8.614022962897695e-18,0.0,0.018415503447296644,0.40000000000000013,0.19957887653611903,7.868861695400069e-19,0.09351176814633128,0.13569052057460038
2011-08-31,risk_parity,none,0.07467304533927013,0.06424114576569487,0.05498076120374307,0.04956450060257139,0.14395615972961492,0.22568555667095622,0.13644138922419155,0.04216304999769765,0.10894277395933118,0.09935161750692895
2011-08-31,markowitz,historical_mean,1.234738102475539e-16,0.0,0.0,1.5991535232533687e-16,0.0,0.2976684153162798,0.2569291465361023,1.0344627187943987e-16,0.3389842489455454,0.10641818920207224
2011-08-31,mean_cvar,historical_mean,6.86575985394035e-18,0.02169366673099233,1.5770061489424632e-18,8.621242790105173e-18,1.493178941490754e-17,0.3474507769950494,0.24981399504911103,8.808449392569833e-18,0.19819543974934473,0.1828461214755026
2011-08-31,markowitz,capm,0.28808489627032924,0.2727037653344841,0.14682678638941807,0.11678910315050939,1.9820570965750628e-19,9.300421760852218e-19,0.010122663128867414,0.035673329695802766,0.0,0.12979945603058907
2011-08-31,mean_cvar,capm,0.09238049074706463,0.035673713801561195,2.9048952638486765e-17,1.894794366984209e-19,0.028102048578026288,0.3888820547903952,0.190866045268495,7.430605857447466e-19,0.08430811128977415,0.17978753552468352
2011-08-31,markowitz,ff3f,0.0,0.3999999999999997,3.1034293571555275e-17,0.2138958922475432,4.7574816175201914e-17,0.0,0.386104107752457,0.0,0.0,0.0
2011-08-31,mean_cvar,ff3f,0.007216026155496144,0.13589388498910263,1.1101954459347247e-17,4.879271820330643e-18,1.108302886972754e-18,0.39667737811316894,0.23971215281318764,2.8788924649423642e-18,0.08373258433126299,0.13676797359778178
2011-09-30,risk_parity,none,0.07474087272462254,0.06427462795203358,0.055361880459952446,0.04997988713344043,0.14170478826361532,0.22608366293923277,0.1373781119399187,0.0420555789446096,0.10936301673737009,0.09905757290520469
2011-09-30,markowitz,historical_mean,1.0547071728185836e-16,2.1220346816830367e-16,0.0,1.4583969860689778e-17,0.0,0.2959797805455201,0.250386409412507,0.0,0.39999999999999986,0.053633810041972804
2011-09-30,mean_cvar,historical_mean,6.408967579206182e-18,1.0359758220877568e-18,6.23882147123614e-18,8.453772364368712e-18,1.3988712916117904e-18,0.34925702888612387,0.23818018302301702,1.9263046757088567e-17,0.2709350840487446,0.14162770404211444
2011-09-30,markowitz,capm,0.26690694424597416,0.24898150306610878,0.11453868453298952,0.09059730417526207,0.0,0.06818973494504778,0.051954454456046704,0.012887827921838709,1.7211709488207383e-18,0.14594354665673234
2011-09-30,mean_cvar,capm,0.049334514885112084,0.03892920177287555,1.0342621112895406e-17,8.711355271690964e-18,0.02954881464582359,0.4,0.18368506591005382,2.2472361821088572e-17,0.06744519316970073,0.23105720961643414
2011-09-30,markowitz,ff3f,3.731454746597343e-16,0.39999999999999986,0.0,0.23606280025350293,1.2003925624003773e-16,0.0,0.3639371997464965,1.3433109608979096e-16,4.9014740224085324e-17,0.0
2011-09-30,mean_cvar,ff3f,0.012429072711222035,0.09180136341210529,3.599440347188994e-17,3.92839582013091e-20,1.3144290877622079e-17,0.39999999999999997,0.21825970955273002,0.0,0.09635649082365337,0.18115336350028932
2011-10-31,risk_parity,none,0.07550692277828946,0.06232272690107353,0.05473726369120897,0.04905702390118315,0.1470957656181541,0.2261939456712466,0.15310494377325784,0.03945273711058326,0.09611953013501785,0.09640914041998533
2011-10-31,markowitz,historical_mean,0.0,1.2767547355604105e-17,6.501336079580939e-16,2.686778798292779e-16,0.03267781545526597,0.29508605867516563,0.3999999999999991,4.752913523086773e-16,0.2566350224342386,0.015601103435329456
2011-10-31,mean_cvar,historical_mean,0.007606329265473098,2.210865216813573e-17,1.4635819140473024e-17,2.973288913264796e-17,0.015325800473899956,0.35434482679828244,0.4,1.0109625467882307e-17,0.13379940656534078,0.08892363689700376
2011-10-31,markowitz,capm,0.2825473392399045,0.26715626479987076,0.137124155135909,0.0902663874407308,2.5773095002580224e-18,0.028431534359289797,0.0,0.03959471015334382,0.0,0.1548796088709513
2011-10-31,mean_cvar,capm,0.07289957470410242,0.033530907052628185,2.7622977392112084e-18,1.9615352417401167e-17,0.009632506215248067,0.39999999999999986,0.28381146086425413,9.126081189849515e-18,0.03542139799790474,0.16470415316586243
2011-10-31,markowitz,ff3f,0.0,0.20000000000000012,0.0,0.4,3.2959746043559335e-17,0.0,0.0,0.0,0.4,0.0
2011-10-31,mean_cvar,ff3f,0.040551157413216236,0.08059979545001543,4.16415415030165e-18,2.621755653349691e-17,2.8312847631847583e-18,0.3936226155997924,0.25945632687193165,9.416567858092334e-18,0.09283882760320762,0.13293127706183658
2011-11-30,risk_parity,none,0.07613697946409019,0.062352065119835806,0.05384077752035125,0.04991990497346238,0.13820677389614014,0.2270361666158817,0.13228037318736183,0.042252568014612,0.11961081077871576,0.098363580429549
2011-11-30,markowitz,historical_mean,0.009732481410361801,0.07065403267707075,0.0,0.0,0.0,0.20681876534856863,0.3119493752438121,0.0,0.2986909281996651,0.10215441712052171
2011-11-30,mean_cvar,historical_mean,0.019000017083347524,0.06667610748089638,5.507588126505931e-18,6.258593429201035e-19,4.405829454382644e-19,0.2772689122467952,0.2613038660866504,7.262996358808148e-18,0.255805281307914,0.11994581579439643
2011-11-30,markowitz,capm,0.3487661605056347,0.2943818340637886,0.11565043225480456,0.07983610016267507,2.5783682914420902e-18,3.4439300844175784e-18,4.607859233063394e-19,0.022537205324295043,0.0,0.13882826768880208
2011-11-30,mean_cvar,capm,0.09587152820632004,0.10401996773148203,5.529696262690909e-19,1.2977007114434643e-17,1.0357634566853084e-17,0.4,0.17641640730951072,6.2937282822685036e-18,0.04964562107302927,0.17404647567965795
2011-11-30,markowitz,ff3f,6.551652066392951e-17,0.3232881729127929,0.0,0.3999999999999997,1.6797638659348907e-16,0.0,0.0,0.0,0.2767118270872071,0.0
2011-11-30,mean_cvar,ff3f,0.06956526908502612,0.12444548656266287,1.2105550482677166e-17,5.566263955654604e-18,8.449562279801566e-18,0.3177167983321462,0.16758317401332667,5.886722846797021e-17,0.12601602466793657,0.19467324733890135
2011-12-30,risk_parity,none,0.07379680885268995,0.06214636216074867,0.05245565094287135,0.04865300249048224,0.14099914691193008,0.23255495320864522,0.12793155551382418,0.0402876885068357,0.12157625775817393,0.09959857365379876
2011-12-30,markowitz,historical_mean,2.6677748677819407e-16,0.08074981233915299,0.0,0.0,0.005925023130824413,0.2120169089825126,0.24421949905429113,0.0,0.30413453254591805,0.1529542239473006
2011-12-30,mean_cvar,historical_mean,7.546388266420731e-18,0.0584592958094826,2.294457375987488e-19,4.1871529165805125e-18,0.0021509178798296623,0.276869354903818,0.21787816474622027,1.0014269845039968e-17,0.2582827273947845,0.18635953926586496
2011-12-30,markowitz,capm,0.3558402106011198,0.2957940045051351,0.11910905250133344,0.07699097645959005,2.2826292932445556e-18,0.0,2.379191049231546e-18,0.016241493116748894,2.1809853395740396e-18,0.1360242628160727
2011-12-30,mean_cvar,capm,0.09093852899759648,0.08319254488693074,1.104454951583679e-17,0.0,1.7044888607204662e-19,0.3999999999999999,0.14755152400958674,2.3933888380693908e-17,0.05917234319042881,0.21914505891545719
2011-12-30,markowitz,ff3f,0.006092469836424191,0.39999999999999974,9.181837148236614e-18,0.3999999999999998,3.818424526222385e-18,6.654968459987586e-17,1.8195961772916877e-17,9.194203829266526e-17,0.1939075301635759,0.0
2011-12-30,mean_cvar,ff3f,0.030067292115039883,0.14482437974185627,6.71881544326497e-17,6.291953603225756e-18,1.3680376499560122e-16,0.3499630917121298,0.14645253685148432,6.019323373572001e-17,0.1252219990202734,0.20347070055921604
2012-01-31,risk_parity,none,0.06331697682686867,0.05780472352507243,0.049471701050814165,0.04641688823917455,0.15541434925399938,0.22806209542688857,0.16092972524158944,0.03917065261257645,0.11504020927319424,0.08437267854982218
2012-01-31,markowitz,historical_mean,1.0702052833831374e-16,0.050751200509734196,0.0,3.340641164882953e-16,0.0,0.24097599184148466,0.3097621350384554,0.0,0.202981155935119,0.19552951667520624
2012-01-31,mean_cvar,historical_mean,0.0,0.061732651193569084,9.39058002622743e-18,1.9985664697207353e-17,0.0122284445231764,0.32461253418123565,0.28988072650311825,8.566942475627542e-18,0.1724560099581866,0.13908963364071408
2012-01-31,markowitz,capm,0.3224957813768445,0.2934898184886895,0.1409022582722168,0.08848959136999106,0.0,0.003409561085671328,1.3383120566617942e-18,0.04020066372362334,0.0,0.11101232568296344
2012-01-31,mean_cvar,capm,0.10741031288459761,0.09473183925169211,9.892007486080248e-20,1.3523624276683262e-18,5.867688592211194e-19,0.39281725328235917,0.28616470939254957,2.1275825817733328e-19,0.06381774882098545,0.05505813636781612
2012-01-31,markowitz,ff3f,3.0152646148411773e-17,0.3722816247355597,0.0,0.4,3.0854909589261144e-17,2.9374842463863318e-18,4.894062076588099e-17,0.0,0.22771837526444025,1.0416448450060465e-17
2012-01-31,mean_cvar,ff3f,0.08329835852926808,0.10742500616272409,2.104258471378793e-18,0.02579658547160261,1.0111994602323748e-17,0.3316926117016212,0.2679951454056625,2.9109659813398895e-19,0.12979448129646173,0.053997811432659866
2012-02-29,risk_parity,none,0.06476148411156464,0.05803740298169972,0.05074548788729716,0.04538043024195269,0.2229707228606025,0.21284267570598442,0.13769954205854162,0.04174266872518379,0.08261059071323784,0.08320899471393564
2012-02-29,markowitz,historical_mean,0.010341925146329433,0.12356075208314742,4.3795647955370457e-16,0.0,0.2098981079133228,0.20623745136761074,0.13844939559351557,0.031379097496894416,0.12335124516369105,0.1567820252354881
2012-02-29,mean_cvar,historical_mean,8.6097461187215e-18,0.1201977012577654,0.0,9.563183574232539e-20,0.20839305928480328,0.19196844294058832,0.1509569670164137,0.03679801213881721,0.12552329601900755,0.1661625213426045
2012-02-29,markowitz,capm,0.31617153818031307,0.2874833441070514,0.14669705588652546,0.07681633365500182,0.0,0.021923054738271712,1.1127966700998107e-18,0.040993675333682124,4.871081857067141e-18,0.10991499809915442
2012-02-29,mean_cvar,capm,0.09790114706198126,0.13136568790320324,0.031797766388413855,9.33296699632627e-19,0.07500199262647543,0.2985366377288155,0.18889790763485104,8.143036806958576e-18,0.027443989996307736,0.14905487065995196
2012-02-29,markowitz,ff3f,0.06338489593028132,0.3218075328880241,0.011913910988477992,0.4000000000000001,0.0,0.0,0.0,1.24872985216018e-16,0.08410877511544071,0.11878488507777579
2012-02-29,mean_cvar,ff3f,0.040219857444272755,0.130468449146863,0.006373213807864068,0.05119564980366273,0.03765176491569298,0.3248146039238636,0.16400300795390876,1.0153058977013929e-21,0.0516294462186688,0.19364400678520324
2012-03-30,risk_parity,none,0.06094562625334879,0.061143075027715495,0.05163193868938278,0.03689771695371323,0.21941403652354985,0.20158386389992264,0.1574711077510447,0.049558014006393605,0.06568334439821166,0.0956712764967173
2012-03-30,markowitz,historical_mean,0.04843236115847466,0.06272880175511401,1.4386113455285441e-16,0.0,0.21606318366440788,0.15071584366027563,0.18396728082906444,0.08155618667790951,0.04847685666742168,0.20805948558733198
2012-03-30,mean_cvar,historical_mean,0.061519734759404525,1.844034147737975e-05,2.390426742994305e-17,2.977087586193207e-18,0.2581137686965959,0.0643077775673491,0.13182493789849326,0.1636176362082567,0.062316521846161,0.2582811826822621
2012-03-30,markowitz,capm,0.33521110166353757,0.2882358648514475,0.14835003815378697,0.07282666352369896,4.404571325722362e-18,0.013140172098779868,3.543985851311993e-18,0.030700855154494368,0.0,0.1115353045542548
2012-03-30,mean_cvar,capm,0.19320137207210122,0.14847019270618492,0.041051558617482484,1.3766970044063325e-18,0.07577320720474957,0.22897810557181866,0.1720048966184176,8.466106427330347e-19,8.618171290445084e-19,0.14052066720924558
2012-03-30,markowitz,ff3f,0.2615211425792072,0.13646966031655935,0.14312439498674182,0.2097000013802027,4.662069341687669e-18,0.0,1.9142944607947188e-19,5.178759439512792e-18,0.047119433761119746,0.20206536697616911
2012-03-30,mean_cvar,ff3f,0.18655357641963013,0.10043446518884071,0.04066094061816797,0.025371667306582395,0.030295149140982816,0.25334389110678585,0.15206978205118465,3.1903526745820043e-17,0.021652171206517037,0.18961835696130838
2012-04-30,risk_parity,none,0.06260080916941953,0.061720801280427735,0.05175634540891367,0.040227844045018106,0.2225568029557388,0.2051576058425723,0.14692434762426232,0.05010362035686519,0.06163221447239174,0.09731960884439078
2012-04-30,markowitz,historical_mean,0.047993120928050255,0.035643370423947635,0.0,0.0,0.20230952886969006,0.1463391584288379,0.16548965707414479,0.10426521778579571,0.050114923994898676,0.24784502249463503
2012-04-30,mean_cvar,historical_mean,0.032401418806460025,3.93861234379186e-20,3.3356849219848766e-21,2.2559328026426583e-18,0.2769679642927889,0.007763297200222997,0.14755205337800867,0.18365291684486384,0.06620641535868386,0.28545593411897174
2012-04-30,markowitz,capm,0.32804185942466696,0.2971975333395929,0.1578394813252215,0.04631696532953179,4.387630666777276e-19,0.0,3.006966962752766e-19,0.04743516606390146,1.1977045874175807e-18,0.12316899451708548
2012-04-30,mean_cvar,capm,0.19400455881860995,0.13883511633110274,0.004817690471932763,0.007969642640691785,0.07573357979700335,0.238087732641341,0.17349475371515738,2.756812405236964e-20,8.792738591441591e-19,0.1670569255841609
2012-04-30,markowitz,ff3f,0.27190653694707123,0.12269788429077429,0.1374598053242242,0.2141554796481755,5.410338247292117e-17,2.3160421876774328e-17,1.0180488993049434e-17,0.0,0.04366366948757219,0.21011662430218261
2012-04-30,mean_cvar,ff3f,0.18486558061006303,0.08583326350001957,1.7250787520442796e-19,0.050499690599325506,0.03403921462246417,0.2744325659797656,0.14430549382968813,2.9809119136530818e-18,0.020410339687443824,0.20561385117123007
2012-05-31,risk_parity,none,0.06328281512158822,0.06367642896322738,0.05590327534217161,0.037763138880864494,0.21551161091680304,0.20008960251354865,0.1561731850343874,0.05033858743634638,0.05637086645497068,0.10089048933609226
2012-05-31,markowitz,historical_mean,0.049484059757529314,0.03470161317390104,0.0,0.0,0.21151691119917593,0.15739182431995474,0.15570238370336753,0.09330188245780961,0.04592821518935297,0.2519731101989087
2012-05-31,mean_cvar,historical_mean,0.027885475027345435,0.004033892024375346,0.0,1.6880907241311804e-17,0.23181150689650798,0.047834187223742414,0.1619217267760039,0.155094313992464,0.06568851476677583,0.305730383292785
2012-05-31,markowitz,capm,0.33411981022006876,0.30061518108242813,0.15674622899187096,0.0425962749907805,9.402065714522736e-19,0.0,1.978668964786046e-18,0.058767667798591786,0.0,0.10715483691625995
2012-05-31,mean_cvar,capm,0.15432416842962163,0.15082588147066694,9.34496812329306e-19,3.541224185840667e-18,0.07613406988757938,0.2562583263479667,0.17739625703639708,5.254236027885608e-18,3.0465123067075983e-18,0.1850612968277684
2012-05-31,markowitz,ff3f,0.28118329531934405,0.02246289778138342,0.15652923461121135,0.2843185087588424,8.958220450161479e-18,0.0,0.0,0.0,0.02702088833367952,0.22848517519553915
2012-05-31,mean_cvar,ff3f,0.16023647222522544,0.09280822188386782,0.005188623941738748,1.1908128585828899e-20,0.012262977415946076,0.2892963807016567,0.19625360405379708,1.4819047872111921e-18,0.016943000971966007,0.22701071880580218
2012-06-29,risk_parity,none,0.06294207625742579,0.06388605412431803,0.053126135510456626,0.03973151070853463,0.21996125855821635,0.20228755041291924,0.15253844862705085,0.04976386713937979,0.057401084762203076,0.09836201389949577
2012-06-29,markowitz,historical_mean,0.011510658161211364,0.06704516835029921,0.0,0.0,0.24636460679511799,0.20345193390826763,0.1190701531988563,0.1004490013882095,0.010466076486200784,0.24164240171183707
2012-06-29,mean_cvar,historical_mean,6.9370129779790764e-18,0.046495840797040014,3.32280301825035e-17,3.753146298830745e-17,0.2816622706975065,0.15628265868175475,0.08692920556398416,0.15180988802347614,0.011949495764608752,0.2648706404716296
2012-06-29,markowitz,capm,0.3429902011964677,0.28306944168580295,0.16317337877820895,0.04424230733655459,6.222515788766905e-18,0.0,0.0,0.04624751591528534,0.0,0.12027715508768061
2012-06-29,mean_cvar,capm,0.1627173852032289,0.13662197350815156,1.3768562653685444e-18,4.9691641143055665e-18,0.1080347413955161,0.305630453618902,0.1573168196709777,7.842800206083788e-18,8.889748360489846e-19,0.12967862660322388
2012-06-29,markowitz,ff3f,0.15280855226454476,0.1347641823178321,0.08147435016785658,0.4,4.428627061424384e-17,0.0,0.0,4.767101427147202e-18,0.03688405407502026,0.19406886117474628
2012-06-29,mean_cvar,ff3f,0.14221330865769147,0.12540815491387652,3.246708673352932e-18,6.395419800399321e-19,0.06425432245181387,0.31991649349481255,0.17750806483400675,5.7714500820866805e-18,0.02215077404078048,0.14854888160701854
2012-07-31,risk_parity,none,0.06355268488726215,0.06396288367342544,0.053084383969562665,0.039119360207596314,0.22161059216120857,0.20414164290136025,0.1484412197719922,0.050166716380246404,0.058027623916427865,0.09789289213091819
2012-07-31,markowitz,historical_mean,0.015425243604941418,0.028734651962580716,8.295467990911826e-16,1.6181378611167252e-16,0.24630534413307884,0.22073450291742502,0.04794304756468224,0.14784180250450216,0.028756997126617,0.26425841018617163
2012-07-31,mean_cvar,historical_mean,1.7921000196144393e-18,3.1712806792188484e-17,4.101107128119785e-18,2.6837303129096038e-17,0.29727978154942,0.14613312809148607,3.1368287965520167e-18,0.2341373572247516,0.03929039380876169,0.2831593393255807
2012-07-31,markowitz,capm,0.3499308094464246,0.2819033032951097,0.15369404618578317,0.047447967444830624,0.0,2.2450608266975234e-18,0.0,0.04856652764706121,0.0,0.11845734598079088
2012-07-31,mean_cvar,capm,0.13318350741257248,0.15596119787000984,7.650847505154956e-18,3.251399051736571e-18,0.08029872348226373,0.31007107073963996,0.17114241292771085,7.770304158164942e-18,4.851011458194823e-18,0.14934308756780312
2012-07-31,markowitz,ff3f,0.25590790847300965,0.02983088971219038,0.13847780952159,0.311606095472383,1.963168261851292e-17,0.0,0.0,2.819264461641213e-17,0.05369478432421526,0.21048251249661176
2012-07-31,mean_cvar,ff3f,0.11237662861201421,0.13348225978493797,3.1799999148070937e-18,1.9819938060364486e-19,0.03673204431007773,0.33115352157638706,0.17800069406947805,1.1108597109256176e-17,0.02287581131525854,0.18537904033184655
2012-08-31,risk_parity,none,0.06352161665323047,0.06549851798836931,0.05373928410195054,0.04043435201406412,0.21663200913423472,0.19974306142961892,0.152125740409342,0.04949764719836634,0.05621510986158998,0.10259266120923366
2012-08-31,markowitz,historical_mean,0.02045570443242271,0.02142257372629925,0.0,0.0,0.24415524894727017,0.20373639633241902,0.07154684826770127,0.14571155763257737,0.02690702513753992,0.2660646455237704
2012-08-31,mean_cvar,historical_mean,6.193149756836323e-18,6.789418568375873e-19,2.913291144125039e-18,2.0205780791346903e-17,0.28997795081422134,0.15092297121281076,0.01146683301119745,0.22001013629629154,0.04047462452388123,0.2871474841415977
2012-08-31,markowitz,capm,0.34497763578593765,0.28650419983957515,0.16173520111534373,0.05232140253704205,2.9743561942834756e-18,1.452237988067498e-18,5.155889549936926e-18,0.050086460164954404,0.0,0.10437510055714715
2012-08-31,mean_cvar,capm,0.1317634850363344,0.1303448123737391,9.835481268171938e-18,5.0532801962591774e-18,0.09277703212012457,0.27764143964199933,0.19312737739196653,6.867760432604094e-18,1.532474427845544e-18,0.17434585343583608
2012-08-31,markowitz,ff3f,0.08769235071567627,0.0,0.2137318732939827,0.30312236903118195,0.0,0.00837981439297153,1.155812750140622e-17,0.0,0.07594617215518822,0.3111274204109995
2012-08-31,mean_cvar,ff3f,0.14073967799086043,0.07014514630100623,0.0030745608406473153,0.002444580000235432,0.02619163583677142,0.29498846006862217,0.21588219377372325,1.869439434563524e-18,0.015837838341716204,0.2306959068464175
2012-09-28,risk_parity,none,0.06329523330547869,0.06217260092547394,0.05347724058586641,0.043440352874866424,0.21313998985225985,0.19651320893591037,0.15832849887358175,0.04491327956726037,0.05914159073078965,0.10557800434851256
2012-09-28,markowitz,historical_mean,0.04292218328178338,0.04558349242824491,1.8374092801724454e-16,1.8169517404303597e-15,0.23768424357343645,0.2113412619709189,0.07676237260354976,0.107334797555626,0.03915817744010393,0.23921347114633448
2012-09-28,mean_cvar,historical_mean,0.017501455205473533,0.023414729276096564,5.256014116321665e-20,4.209278084173816e-17,0.2752644416845636,0.15482402590517289,0.04658201501361685,0.16690090805871802,0.06447139319654638,0.2510410316598121
2012-09-28,markowitz,capm,0.346414569013309,0.28546749274784733,0.16490973229030087,0.04784985825460971,4.857379074791905e-18,0.0,0.0,0.05443093892337378,0.0,0.1009274087705593
2012-09-28,mean_cvar,capm,0.13034963769276356,0.15409314422069617,1.1434213464266054e-18,3.482198977440811e-18,0.10077184080034335,0.31712819739152504,0.16285797912187366,1.4919402745260002e-17,2.401044143400934e-19,0.1347992007727982
2012-09-28,markowitz,ff3f,0.0,4.4383409332806556e-17,0.22820695922694975,0.3417854363893607,0.0,0.12132070938535498,9.044087668997298e-18,8.083852094632318e-17,0.11863076268185715,0.19005613231647736
2012-09-28,mean_cvar,ff3f,0.10431878390175045,0.09822486397937846,0.039567624138392495,0.0003882073974873011,0.04949555658386143,0.33781113230243204,0.17472986457477646,1.5098548054213446e-18,0.03210638513952617,0.1633575819823953
2012-10-31,risk_parity,none,0.06484602803933844,0.06687140929513258,0.05499591431587795,0.04043171608337928,0.21810479969604982,0.19854763343558163,0.1497073908568106,0.050095693638552895,0.05584945734807504,0.10054995729120192
2012-10-31,markowitz,historical_mean,0.05137457645362931,0.06126480198280057,0.0,0.0,0.21224315980820774,0.210070897242849,0.11181563040784602,0.061706904297441904,0.048258749359283704,0.24326528044794177
2012-10-31,mean_cvar,historical_mean,0.06515439203476411,0.03306633607698753,1.8526452469159936e-17,3.4148870596812552e-18,0.22049924832704107,0.18433022795083645,0.1068686217194329,0.08219335256328057,0.05766778911081967,0.25022003221683764
2012-10-31,markowitz,capm,0.3406594956753676,0.28449322786616155,0.16275705810151855,0.05424223393066756,8.550797602532162e-18,0.0,0.0,0.05529882106621633,0.0,0.1025491633600685
2012-10-31,mean_cvar,capm,0.11520658541623283,0.13785793503815993,1.4086187116473415e-19,8.811245469810226e-19,0.09347488797457214,0.2836363711569419,0.20518015329114817,1.4907848874743247e-20,3.322895422347575e-20,0.16464406712294502
2012-10-31,markowitz,ff3f,0.0,9.619999266753344e-17,0.20856933555189464,0.30096497106547476,0.0,0.18289764540326903,0.0,0.0,0.09456279940678362,0.2130052485725778
2012-10-31,mean_cvar,ff3f,0.07820215885255923,0.06339192319249883,0.04485423992279086,0.04041769087192415,0.06506521826661954,0.3004087426655114,0.17515885770608836,0.0,0.02914650752385944,0.20335466099814814
2012-11-30,risk_parity,none,0.06476270521080925,0.06976950660526633,0.056365783937342574,0.04055049970154627,0.22281407761721644,0.1997602175514919,0.15148246909111612,0.05130593328096195,0.0511940873177256,0.09199471968652359
2012-11-30,markowitz,historical_mean,0.027009018499425188,0.1324467559472743,6.326213470762586e-16,0.0,0.2541795192592254,0.19980187241574066,0.1400279849152594,0.07105974082777128,0.01456184959477995,0.16091325854052324
2012-11-30,mean_cvar,historical_mean,1.34813262354698e-19,0.13294079904852624,4.338536031455322e-18,4.332063228896465e-17,0.2702319734478746,0.1713093646128107,0.1237174802870414,0.10027912002909177,0.027753715786687328,0.173767546787968
2012-11-30,markowitz,capm,0.3446031736898854,0.2865669779138615,0.15020638072548106,0.0525164843228225,1.9668105035244858e-18,2.1438403895006345e-18,0.0,0.057354439427970964,1.8219678695440004e-18,0.10875254391997867
2012-11-30,mean_cvar,capm,0.10923226551117857,0.17318311911716966,2.23489547421148e-20,1.5501231033827802e-19,0.12129425706268387,0.2774051546122327,0.1886162530131565,5.583692729863604e-19,0.0,0.13026895068357863
2012-11-30,markowitz,ff3f,0.17773620574878274,0.07798857784270158,0.11150382463078062,0.21336618469644092,0.020127224075602943,0.1574544404755053,2.1006417091906648e-19,0.0,0.05548926780572882,0.18633427472445707
2012-11-30,mean_cvar,ff3f,0.08364337144619689,0.16291824740560512,0.01994989615785121,0.009686072253957262,0.1144551457347914,0.30505328813430727,0.15416968680727922,1.8855977775727803e-18,0.00757960898125419,0.1425446830787574
2012-12-31,risk_parity,none,0.06683399354766321,0.068159904249444,0.05504073720462459,0.04136876441008029,0.22172896941316078,0.19945598346863355,0.14804670752895766,0.05135013365409772,0.055372066505923155,0.09264274001741504
2012-12-31,markowitz,historical_mean,0.021890123339067268,0.14213866758059754,0.0,0.0,0.25797234190420776,0.21160866990372273,0.12222611236036696,0.06349878699890857,0.007383772868754846,0.17328152504437452
2012-12-31,mean_cvar,historical_mean,0.009232948954019134,0.14454525596866277,5.471617151303486e-19,1.432462386828345e-17,0.2677451708891169,0.20807706890902347,0.1022973566783542,0.08100190272912054,0.009271662686314047,0.17782863318538894
2012-12-31,markowitz,capm,0.33091713033276754,0.30804921369687105,0.15899883438187287,0.042264135700669836,0.0,2.278730386350882e-18,2.8365015821178386e-18,0.05515419270194238,2.3018120341635617e-19,0.10461649318587643
2012-12-31,mean_cvar,capm,0.11876130884904584,0.16426117839962204,1.3826720060306899e-21,1.8130032998606232e-18,0.11862379401580547,0.3104727576843073,0.1562221551348992,7.320494503178426e-19,0.0036377068592230053,0.12802109905709716
2012-12-31,markowitz,ff3f,0.10264970975507952,0.20672437836845922,0.03351928960755968,0.26056654376102895,0.013964646488924657,0.165919371792098,2.1582399496039573e-18,7.496241583200558e-18,0.061585212389274675,0.15507084783757533
2012-12-31,mean_cvar,ff3f,0.09932196005263705,0.1583940976674224,6.858182431200349e-19,0.01858292173902096,0.11107621332024281,0.34552461126255407,0.12713411215039025,6.51746968757524e-20,0.012852428327961902,0.12711365547977077
2013-01-31,risk_parity,none,0.0655627993475326,0.06268574681579558,0.054964930658808996,0.04190431165000611,0.2271306509994855,0.20814522070579738,0.14806857251850306,0.04449257471046529,0.058444130521248354,0.08860106207235713
2013-01-31,markowitz,historical_mean,0.0885207407954362,0.105996617393287,5.044250607488809e-16,1.1140854948646361e-15,0.232034344291635,0.2559813620073249,0.1368827258184516,0.020390428854475274,0.02602792110095943,0.13416585973842896
2013-01-31,mean_cvar,historical_mean,0.03811048386909598,0.1305938446075933,4.3680429570434993e-20,3.0307025748518257e-18,0.2557294253748386,0.23557292348121017,0.1160866032016494,0.033679284118902586,0.02233671234981091,0.16789072299689892
2013-01-31,markowitz,capm,0.33365576337303304,0.30404530147095365,0.13881741164338135,0.03047079682330742,5.551631571207444e-18,0.0,0.0,0.05859787887770702,1.5502479283781283e-18,0.13441284781161744
2013-01-31,mean_cvar,capm,0.11974696921350564,0.12704242060311352,0.023284897529030284,5.659659653899033e-19,0.11731862099709546,0.3225158507790874,0.1706648009421849,3.871134714045052e-18,0.014314238040934646,0.10511220189504818
2013-01-31,markowitz,ff3f,0.2492128901875193,0.0662998631298218,0.10939340514813212,0.09786298741038828,0.033022052455306844,0.15447071956224503,0.0,0.0,0.0612981403906086,0.22843994171597812
2013-01-31,mean_cvar,ff3f,0.11466323565823369,0.10829935988576744,0.03474718743289886,2.0394420894992631e-22,0.11684224568626926,0.3258641833729053,0.14733448644418443,2.430078381930589e-18,0.02618896984567019,0.12606033167407085
2013-02-28,risk_parity,none,0.06577035322278134,0.05978012186171845,0.0553779479807835,0.04569044743391558,0.22093865834541954,0.2014217339834405,0.15350794269056642,0.03952785960841802,0.06202141352812535,0.09596352134483142
2013-02-28,markowitz,historical_mean,0.10228245358152961,0.0917481114904659,4.1711735146888074e-16,6.656596880828683e-16,0.2483699690056397,0.22418113018616287,0.09634174746098091,0.04716257733774017,0.029311070283219078,0.16060294065426056
2013-02-28,mean_cvar,historical_mean,0.12762947776638736,0.07408455480032748,1.4825415255705246e-17,1.412631351927424e-18,0.28237475781811916,0.19794605787780092,0.047664543610812855,0.06754878251799033,0.030713107728363227,0.1720387178801987
2013-02-28,markowitz,capm,0.32567439482809574,0.30622056041866963,0.1417967441878992,0.0268725120926749,0.0,1.7315920532506931e-18,8.157187199931599e-20,0.06000764460465232,1.280970525311405e-18,0.13942814386800814
2013-02-28,mean_cvar,capm,0.142599120214053,0.1371343414802277,0.016911703124705992,4.828059043352241e-20,0.12269782144468562,0.2886458540406804,0.1467719957788078,4.217349815554774e-20,0.01512821394659501,0.13011094997024458
2013-02-28,markowitz,ff3f,0.2755782215068867,0.01126765597439402,0.17365383426090886,0.06133874849024208,0.009038254071120886,0.13166131265061068,0.024757701977300126,2.4433724154734367e-17,0.04890886090393856,0.26379541016459807
2013-02-28,mean_cvar,ff3f,0.1449182404033295,0.08783082001760566,0.045664691892731354,7.577601761741818e-20,0.11379677594794671,0.30583557604830586,0.1355397253286291,2.3155268280361805e-18,0.02359066871042895,0.14282350165102292
2013-03-29,risk_parity,none,0.06583553644106308,0.059055336991197825,0.05543467364237097,0.04565320767854283,0.22029425273564363,0.20103919613407492,0.15368590316346717,0.03951474152208038,0.06210233411290975,0.09738481757864947
2013-03-29,markowitz,historical_mean,0.10376459268151535,0.0940081011943594,5.540579728554262e-17,0.0,0.24548017083473334,0.23200158433949303,0.10375458574383582,0.03723087652180462,0.01775130981665472,0.16600877886760368
2013-03-29,mean_cvar,historical_mean,0.13080313246625266,0.08812716237469674,0.0,6.318471566744478e-18,0.2742160035605779,0.22040240638223949,0.0633391300084982,0.04217048752775265,0.01649033873057641,0.16445133894940597
2013-03-29,markowitz,capm,0.3263693677199407,0.30595220858267724,0.14257537166036982,0.026217533990182854,1.6229151269392394e-18,2.5427929076574096e-18,4.1843427594362437e-19,0.058758780933677146,3.6422416731934915e-19,0.14012673711315224
2013-03-29,mean_cvar,capm,0.13614806361124598,0.13381527866709306,0.017718670174205097,1.482365406469054e-18,0.11922398017479573,0.29902867287775325,0.1506978110457206,2.8604220705590664e-19,0.015454455968498435,0.12791306748068787
2013-03-29,markowitz,ff3f,0.2305875048444508,0.0,0.1494438836782451,0.05099727763670964,0.021552394700023424,0.16764622500014756,0.030229324162821446,0.0,0.06254613054080108,0.28699725943680104
2013-03-29,mean_cvar,ff3f,0.14328682800436815,0.07529009251793008,0.04720699462731296,3.8643372511168646e-19,0.11046240239309184,0.3073188009206791,0.1363512766536481,9.669846171014663e-18,0.02907770478953873,0.15100590009343112
2013-04-30,risk_parity,none,0.06639626935263135,0.05644430281868603,0.053722158852873535,0.048946623417212884,0.2179406389535262,0.1985665317641436,0.1548834220481091,0.04101644230207579,0.06312588669491219,0.09895772379582929
2013-04-30,markowitz,historical_mean,0.10476368492170506,0.09379113578518315,0.0,1.2884003049797996e-15,0.241067561265574,0.2358144736935865,0.10429441371269407,0.02173132126128233,0.02148556440152386,0.17705184495844983
2013-04-30,mean_cvar,historical_mean,0.1094300357160797,0.09297806752306556,7.915538408204353e-18,1.7445253403962227e-18,0.26418157298957995,0.20896977806411926,0.08118196173144071,0.030933298920205812,0.019442111498997564,0.19288317355651158
2013-04-30,markowitz,capm,0.32188870343849413,0.306281983934245,0.14179576429004098,0.02547946889510195,0.0,4.6773159347382465e-18,0.0,0.060755840153559615,0.0,0.14379823928855845
2013-04-30,mean_cvar,capm,0.17701288926578204,0.13314129060767213,0.017300645204937164,0.0,0.14265373903569753,0.28235248955719705,0.15014598445919577,0.0,0.0,0.09739296186951826
2013-04-30,markowitz,ff3f,0.2071368748728885,0.0,0.13556063233197252,0.058094925410860906,0.03789780473184848,0.17914753195502245,0.022269282918717697,3.561180620141255e-17,0.06632764114421667,0.2935653066344728
2013-04-30,mean_cvar,ff3f,0.16506304815134534,0.07840141242891495,0.05159609139722325,7.35267038008317e-05,0.1364398103574194,0.28696260564115456,0.1406931937572429,3.577496571076323e-23,0.011281165018031716,0.12948914654486718
2013-05-31,risk_parity,none,0.07001630849342287,0.06604788033666058,0.05520797217101543,0.03925586719994254,0.22240205587392767,0.20100183389430576,0.14548043574516675,0.04893669516283129,0.06157201727628602,0.09007893384644111
2013-05-31,markowitz,historical_mean,0.11319975483330838,0.08010954806657171,0.0,0.0,0.23817176429547945,0.23501406312069864,0.1046306251078762,0.02132792638580506,0.015832873239934365,0.19171344495032597
2013-05-31,mean_cvar,historical_mean,0.13468054221194073,0.030110635823888898,8.707799028808708e-18,7.891462579087875e-18,0.2617746567436856,0.2096932931924425,0.06876799143131378,0.06222389707111358,0.011783864257435472,0.22096511926817944
2013-05-31,markowitz,capm,0.3239747220874959,0.3166122441581243,0.13495925656033184,0.02695194167484567,0.0,1.3891340334970526e-18,0.0,0.057078152454774496,2.248025442012913e-18,0.14042368306442782
2013-05-31,mean_cvar,capm,0.17199360818607598,0.11809012185471579,2.746797641233529e-18,4.287738513057457e-23,0.11168189984207419,0.3173879585789608,0.1731618064879958,1.6330701116618214e-17,0.02055045601999674,0.08713414903018066
2013-05-31,markowitz,ff3f,0.154772181037596,1.2416528918858698e-16,0.1407767999385327,4.4984649279255e-17,0.11059243453305796,0.19476676196983195,0.12597393674271268,0.0,0.04560038490961865,0.2275175008686498
2013-05-31,mean_cvar,ff3f,0.1772874152934307,5.2785457887670736e-18,0.060583091355604704,0.0,0.11676428606915935,0.2836605126728474,0.16573664680228642,1.5386353486874366e-18,0.046667110451989346,0.14930093735468208
2013-06-28,risk_parity,none,0.08342948378345481,0.07566871561279348,0.05754819834347591,0.04256877119652526,0.20592912385227902,0.1886206883375271,0.14466590147301728,0.04901370649304045,0.060322943606666894,0.0922324673012197
2013-06-28,markowitz,historical_mean,0.2010164742454167,0.08266276713379342,1.017113407266986e-17,0.0,0.2274993090542974,0.19358526538478962,0.10553758779448232,0.0,1.6688633204091878e-16,0.1896985963872204
2013-06-28,mean_cvar,historical_mean,0.23332344862286292,0.0522420121097854,6.3969015509805e-18,1.0851305182406963e-18,0.24758251528740544,0.1736038326976686,0.08074622738361875,0.0,4.211978981023194e-20,0.2125019638986588
2013-06-28,markowitz,capm,0.3354166147644045,0.35588099447223837,0.1322548064811327,0.022212748108585353,4.1143205254821676e-18,0.0,2.6764820975179928e-18,0.04031303960373673,0.0,0.11392179656990234
2013-06-28,mean_cvar,capm,0.21082092954299295,0.20117211472244195,0.0010632586314434623,1.832886279549872e-18,0.11427805939495311,0.2551560625758274,0.14452208932887955,1.6932992276692102e-18,0.002846297295359562,0.07014118850810215
2013-06-28,markowitz,ff3f,0.2084051351653795,0.0,0.19144846186847778,1.298162982468293e-17,0.07131113237731412,0.12419217180665429,0.12542687659182697,0.02761090457379896,0.013621645183650827,0.23798367243289759
2013-06-28,mean_cvar,ff3f,0.21794894006284957,1.5763395906775232e-18,0.11024851856839916,1.0834665642554598e-18,0.12358651816258724,0.21661490453608787,0.14983927878972922,1.6356044745043588e-19,0.026087605857222737,0.15567423402312427
2013-07-31,risk_parity,none,0.08405723162703058,0.07724524295686401,0.06049519528455249,0.04375447353639395,0.20351369371683256,0.18534426525937434,0.13951655303911453,0.051980800737980955,0.05582494648594945,0.09826759735590722
2013-07-31,markowitz,historical_mean,0.21945125081021574,0.09956393603039167,1.4024330746624704e-16,0.0,0.24995040753623537,0.15685040613279144,0.010535375744517865,2.9198269585921736e-16,0.0,0.26364862374584747
2013-07-31,mean_cvar,historical_mean,0.2627624386276774,0.05289418591849397,8.935755877754912e-18,6.194483260297128e-18,0.25042310522374495,0.15419865161080068,2.9483973983594166e-19,1.420990382964027e-17,3.656797063514774e-17,0.27972161861928313
2013-07-31,markowitz,capm,0.3283520540063435,0.34579492202285544,0.1430926050194355,0.036398942037913835,0.0,4.1088956323629155e-18,3.3820123122476535e-20,0.03502995695347312,6.333204151852708e-18,0.11133151995997866
2013-07-31,mean_cvar,capm,0.21997102235135724,0.2314236817225315,0.002170560805648432,8.142839177196546e-19,0.10102996690760498,0.2419577394660867,0.11727292142627598,0.0,0.0,0.08617410732049513
2013-07-31,markowitz,ff3f,0.2847142962564609,0.0,0.20513979917111225,2.3457730441260594e-17,0.02612134197997683,0.07111009103130665,0.11020196977203311,0.059328733335089916,0.008742763876520544,0.23464100457749978
2013-07-31,mean_cvar,ff3f,0.2553226059619506,0.06114605733776983,0.0905245317293576,3.728348564755814e-20,0.11902930762921377,0.20854508159486992,0.13043084440541758,8.037260903566313e-20,0.0032655348420809072,0.13173603649933974
2013-08-30,risk_parity,none,0.08521905179293278,0.07649355693875827,0.0626656555891917,0.04533741793984573,0.2023562402143757,0.18596045550871107,0.13901807506834152,0.052962094660538285,0.049461140798169864,0.10052631148913507
2013-08-30,markowitz,historical_mean,0.2130864286327108,0.10636916890903177,0.0,7.176043106986967e-16,0.2469113254106345,0.15398145953776882,0.014032204415743967,1.5882250088201074e-16,1.8743940795045728e-16,0.26561941309410897
2013-08-30,mean_cvar,historical_mean,0.20797005633614624,0.10799709246041199,1.6027796897376044e-17,6.862877868035446e-18,0.21455810204283574,0.15860349387808062,0.016078982806840232,0.0,1.7797562999805114e-17,0.29479227247568524
2013-08-30,markowitz,capm,0.32674437759228203,0.3481436159048101,0.14626548735210843,0.03383251984357154,0.0,4.383395502041005e-19,2.9685610374171618e-18,0.031664767438386254,2.483500601349609e-18,0.11334923186884187
2013-08-30,mean_cvar,capm,0.18018672169212024,0.19236770449785656,0.01403253117913899,1.1574757419788901e-18,0.04864246164965697,0.2544345916334561,0.15759438930600142,2.95777789704158e-18,4.02097281128321e-19,0.15274160004176962
2013-08-30,markowitz,ff3f,0.30454818476881207,0.0,0.20436251942921785,1.3627913088374438e-17,0.011681065485807492,0.05698568041329463,0.10396307548899543,0.0701467456752523,0.013628742102165865,0.2346839866364544
2013-08-30,mean_cvar,ff3f,0.21818672363215716,0.07191016816040025,0.08251733477310251,6.673357044902882e-19,0.06838473291161333,0.22353711252133535,0.15896195233646698,1.1167104827013641e-20,0.0006065880893520803,0.17589538757557227
2013-09-30,risk_parity,none,0.08211518309163084,0.07358845926638848,0.06355965549038235,0.047359952154073806,0.2038382019669212,0.18581141700149453,0.14279796808716683,0.05344051803350881,0.055252347241421404,0.09223629766701179
2013-09-30,markowitz,historical_mean,0.2333996872655742,0.13522012922269913,1.6233148140187456e-15,3.688091407809686e-15,0.24255299567824867,0.12534559757634936,0.0,1.4857997627783169e-15,1.3628177786170443e-16,0.2634815902571217
2013-09-30,mean_cvar,historical_mean,0.2456316010914662,0.1381321514013385,1.229990716946489e-17,8.003820460450829e-20,0.2350948671268199,0.13177404376206386,0.004550044451117156,1.5579681049315186e-19,2.468020162398283e-17,0.24481729216719444
2013-09-30,markowitz,capm,0.3214393544749338,0.34050376104096397,0.1468360851054246,0.03965828246655789,0.0,0.0,0.0,0.037719451283413974,1.0831857329487993e-17,0.11384306562870582
2013-09-30,mean_cvar,capm,0.23337411794322474,0.20022401562746214,0.015087243139740103,0.004300599738335907,0.0701187383379782,0.25707455115163425,0.13212649646806257,8.496792911669483e-18,3.063338172157435e-18,0.08769423759356208
2013-09-30,markowitz,ff3f,0.31619477820951597,0.07111463021897757,0.1779241552841785,0.0,0.0,0.044674314473947006,0.06345416524980181,0.06095326875456449,0.04308493245896726,0.22259975535004747
2013-09-30,mean_cvar,ff3f,0.2354734941345543,0.12430919927617157,0.04756677788459165,0.0009359308758685362,0.07460870001440408,0.21146316037361193,0.15535849467823928,3.963439596789923e-20,0.012521625352563513,0.13776261740999513
2013-10-31,risk_parity,none,0.08754922353556853,0.06725225603676203,0.058094381193337916,0.0529007556064723,0.1912905590459555,0.17558425336582065,0.14839918382957473,0.04850393071871107,0.060591489178004485,0.10983396748979281
2013-10-31,markowitz,historical_mean,0.21866527891108145,0.15603411996089858,1.4267931183319776e-15,2.4192108006530052e-15,0.24164631223270203,0.14064083287094628,0.0,5.371408613036305e-16,0.0,0.24301345602436736
2013-10-31,mean_cvar,historical_mean,0.18644155749381294,0.16381486513830631,2.7496368796060848e-18,6.948318213151038e-17,0.21231696781911938,0.16493929676731722,0.046667296598622836,4.327514928028507e-17,6.182044630937121e-19,0.2258200161828213
2013-10-31,markowitz,capm,0.32167478353096207,0.3341330201060095,0.1403621905975872,0.039686522132678766,2.224393222784518e-17,1.3485611553235716e-17,5.209252625613947e-18,0.05262975812645732,0.0,0.11151372550630513
2013-10-31,mean_cvar,capm,0.18338250005938767,0.22206026201697493,0.029619272217056975,1.243326380886045e-18,0.07670157648554848,0.214127747662207,0.16188614431050505,4.838692319793963e-18,2.763011076672114e-19,0.11222249724831988
2013-10-31,markowitz,ff3f,0.3091350769738172,0.10564646379398698,0.15145943200692077,0.0002609935278354102,5.2990381180229045e-18,0.01342056431816436,0.047742323403847764,0.09319012001747858,0.06695383109994082,0.2121911948580082
2013-10-31,mean_cvar,ff3f,0.20178450060759429,0.14065562569346649,0.04940947773826942,0.0,0.06069317281142906,0.19638146376510177,0.1613855843672977,0.0,0.02447967341046141,0.16521050160637987
2013-11-29,risk_parity,none,0.08659414993013032,0.06877234633131953,0.058759356567309504,0.052877223537165924,0.19108479868474224,0.17614685074632508,0.14818122165242786,0.04902672502654901,0.06254372771758632,0.1060135998064441
2013-11-29,markowitz,historical_mean,0.21989067948062574,0.15576177459710547,1.0225381739253906e-16,9.298659932321923e-16,0.2720804255220166,0.11705043002574492,0.0,2.193747570752856e-16,7.649469843358856e-16,0.23521669037450524
2013-11-29,mean_cvar,historical_mean,0.21535663312675876,0.16041567527496045,3.460547326397529e-18,2.41581386592368e-17,0.2601303048173103,0.11514668946946853,0.03718590192470012,1.1485006187350318e-17,0.0,0.21176479538680193
2013-11-29,markowitz,capm,0.3216601539898136,0.32793134417472625,0.13843462358293226,0.04260786735832865,0.0,1.7910511669692177e-18,0.0,0.05247875173270953,0.0,0.11688725916148963
2013-11-29,mean_cvar,capm,0.22298456564665328,0.19613385028654504,0.013533068780081191,0.011943357198315468,0.06468316186555262,0.20275277693525084,0.14781254432558802,0.0,0.008949115170502344,0.1312075597915113
2013-11-29,markowitz,ff3f,0.3278601985359853,0.07284303382735235,0.1728868983488069,0.0,1.403123971660776e-17,0.0,0.07041482137450449,0.09007464725704041,0.04107259464203472,0.22484780601427587
2013-11-29,mean_cvar,ff3f,0.23339215166436503,0.11865707404471193,0.050755344835689366,2.8896735845171245e-19,0.058273865058134894,0.2091694762486739,0.1434262772827714,6.07759806660152e-18,0.029907955646718228,0.1564178552189352
2013-12-31,risk_parity,none,0.08788400866652961,0.06747528606718481,0.060457886809185644,0.05296610035356661,0.19003947459651283,0.1757207895071767,0.14939248255821874,0.04790286014317225,0.05937653625973509,0.10878457503871786
2013-12-31,markowitz,historical_mean,0.24267908257182913,0.1131363044455146,4.405444296099598e-16,0.0,0.2464189431911865,0.11400404514053904,0.025426991737674324,0.0,0.0,0.25833463291325603
2013-12-31,mean_cvar,historical_mean,0.25087080934424466,0.11442749322559004,6.8314657312435175e-19,5.653356964075256e-17,0.21450986285465598,0.14581706500197963,0.027492826570399465,9.139031922233185e-20,5.756182703113803e-17,0.24688194300313004
2013-12-31,markowitz,capm,0.3253628722480159,0.32975939151096684,0.1410151655612633,0.043429784376174944,1.7309965310088882e-17,1.823153715670156e-17,3.3118988237643143e-18,0.04036880530988176,0.0,0.12006398099369726
2013-12-31,mean_cvar,capm,0.2216702107445596,0.1960949505066755,0.034672312951893186,0.007692938898978364,0.055680910377529515,0.18963115630418634,0.1516174005065801,1.308639975985318e-17,0.008645507114957719,0.1342946125946396
2013-12-31,markowitz,ff3f,0.35646533652776696,0.0,0.17578216694615675,0.0,0.0,5.6276869015575715e-18,0.0993333488665801,0.09065516328375749,0.02420914368385204,0.25355484069188655
2013-12-31,mean_cvar,ff3f,0.2622755681644273,0.05614995527739673,0.08211995069433131,7.960926814452997e-19,0.05982490506430074,0.15375251316574112,0.1825816721041824,7.497145670280409e-20,0.012074523234948604,0.1912209122946716
2014-01-31,risk_parity,none,0.08954578873282257,0.06893213710910166,0.062262008722899206,0.05363980507004982,0.18789399723530473,0.17189258382547207,0.14719833691986253,0.04913630753019158,0.05987959394780275,0.10961944090649314
2014-01-31,markowitz,historical_mean,0.24891658997203572,0.10316204739418787,0.0,2.8629911537000982e-15,0.24165273569724116,0.10902410021574395,0.047490446097857686,1.1928388066520762e-15,1.7900596660524826e-15,0.24975408062292775
2014-01-31,mean_cvar,historical_mean,0.26392471591768957,0.08980706714142782,2.7262099199275116e-17,3.2864810647846505e-17,0.21183478095066208,0.14483694289515336,0.06497141915223063,4.189736416539124e-18,1.0260372478578746e-17,0.2246250739428365
2014-01-31,markowitz,capm,0.32296979852804586,0.3287320102755992,0.14376099452456428,0.045092855660531804,0.0,0.0,2.244637310223896e-18,0.04310203567815824,6.1723290866420866e-18,0.11634230533310061
2014-01-31,mean_cvar,capm,0.20787150181772424,0.1587171432872743,0.09305754289341092,3.9209363244150716e-19,0.07224399391629142,0.1753074316869557,0.14716247797983983,2.0453369138182516e-19,0.012334750526362378,0.13330515789214142
2014-01-31,markowitz,ff3f,0.3405415796392155,0.0,0.1716810564202201,0.0,0.0,1.0411305471176233e-17,0.10801867906392432,0.08760519214898102,0.03343319416184045,0.25872029856581863
2014-01-31,mean_cvar,ff3f,0.26844993188390187,0.018484769024608133,0.12797900941423374,2.3381078082197482e-18,0.07435939941255308,0.14285985297666332,0.17671227668431827,1.3488139620845461e-18,0.011875009177725923,0.17927975142599578
2014-02-28,risk_parity,none,0.08773838131951792,0.06875209955686508,0.06047217250926203,0.05344917777987779,0.19002542682516757,0.17303331454576865,0.148143377986314,0.04759154415646624,0.060787754523020016,0.11000675079774085
2014-02-28,markowitz,historical_mean,0.17808272684417842,0.1640744744179933,2.4006899209760306e-17,0.0,0.29850005284325104,0.10937696516520282,0.056170768916313174,1.4792346221623874e-15,1.6553497125555015e-15,0.19379501181305825
2014-02-28,mean_cvar,historical_mean,0.1903546648408916,0.16431914458768512,1.4065365955822027e-17,1.6440647570496736e-17,0.2890220360275306,0.10780586387257529,0.06574524144397524,1.4570821785789275e-17,1.5337527197287873e-17,0.18275304922734212
2014-02-28,markowitz,capm,0.3163744439319769,0.33096042555208594,0.13374435119239272,0.05633654576525466,0.0,1.7384775369591813e-17,5.274050646078901e-18,0.026429825222951585,0.0,0.13615440833533815
2014-02-28,mean_cvar,capm,0.2131489273448702,0.172370622423515,0.03421338745713025,0.002986138787158181,0.08953036872794305,0.23017200142350092,0.13773544059270199,9.147861257759548e-18,0.008938611824355397,0.11090450141882519
2014-02-28,markowitz,ff3f,0.2881883085078426,0.07383120659803306,0.12957491694078496,0.023283241482806985,0.03795550861078561,0.0,0.07100802529082337,0.031722861076778755,0.0759858686254113,0.2684500628667333
2014-02-28,mean_cvar,ff3f,0.20560605270368093,0.10463524598636981,0.055371001470832494,0.0012214203276170897,0.09666262745607386,0.20002828188313226,0.14392107031310752,1.0186965724496324e-18,0.03366061511216047,0.15889368474702548
2014-03-31,risk_parity,none,0.08700491046540838,0.06944740255822376,0.05920948295680882,0.052952139483449866,0.19136771591937418,0.17350841214501952,0.1488535887354615,0.04770633666594718,0.06074379499092032,0.10920621607938652
2014-03-31,markowitz,historical_mean,0.18555841917203733,0.15433477055164307,0.0,3.8817961432041605e-15,0.2913304926017148,0.11662752856756425,0.055490813453195745,1.9012958931861527e-15,3.1506169743435147e-15,0.19665797565383591
2014-03-31,mean_cvar,historical_mean,0.19458271903736735,0.15611221415938653,1.459865387317571e-17,9.10105560303105e-18,0.27931761834689417,0.1162271763181558,0.07234201852376948,2.0847260455769994e-18,1.549806900110912e-17,0.18141825361442668
2014-03-31,markowitz,capm,0.31717384700570006,0.3323619638452086,0.13522047946670884,0.05181561410887917,3.851628217754754e-17,5.4260930601110464e-18,0.0,0.027093622101686272,0.0,0.13633447347181693
2014-03-31,mean_cvar,capm,0.20342868524622873,0.1899957265907455,0.0249887947859148,0.010318885746631508,0.0925438941252079,0.2218199159546874,0.13718268859932986,6.774460137440799e-20,0.003004855801927067,0.11671655314932726
2014-03-31,markowitz,ff3f,0.27364881103102334,0.05968694241370172,0.13353259384240787,5.901702059994338e-19,0.07050120230859265,0.0,0.0697648168611819,0.02995063883845915,0.09337974467027953,0.26953525003435397
2014-03-31,mean_cvar,ff3f,0.20025542827452783,0.09741815268675334,0.06000110676412431,6.461558536910406e-20,0.11326076923198468,0.17479409630451773,0.14290688304298052,3.6435479987430345e-18,0.04270219889012089,0.1686613648049908
2014-04-30,risk_parity,none,0.08519158738533689,0.0765026961571148,0.06401234087327906,0.05038813373093397,0.19959273994487403,0.17669321428248236,0.13855937275208266,0.05356381316965467,0.05821089371138416,0.09728520799285752
2014-04-30,markowitz,historical_mean,0.22004894163511154,0.1156714326754116,0.0,3.8072155232390175e-15,0.28895802443443697,0.10401700339007361,0.06416479504957909,1.595909255515549e-15,3.5870083487689315e-15,0.20713980281537822
2014-04-30,mean_cvar,historical_mean,0.2056272815539866,0.13549619624741946,6.946950230991922e-18,1.199539896142252e-19,0.2751223817078455,0.12100279443767412,0.07852444481970797,2.3150653248504155e-19,2.815135771456792e-17,0.18422690123336635
2014-04-30,markowitz,capm,0.312465267800146,0.3411616332091651,0.12327859633051481,0.06228630881169162,0.0,4.4849335765931135e-18,1.860064207414471e-18,0.022464034479521108,0.0,0.13834415936896136
2014-04-30,mean_cvar,capm,0.1936403761550025,0.1833095672091596,0.07037365379248924,5.524979488700119e-19,0.10018134097995184,0.20239221759742834,0.15686548607498882,1.5104667015428814e-18,2.97806775835094e-18,0.09323735819097945
2014-04-30,markowitz,ff3f,0.2994994620121326,0.0,0.1426965373427547,0.01153306253583951,0.016989366618406637,1.8206678887785118e-17,0.1280571687343369,0.019850191446903462,0.025651803576125034,0.3557224077335011
2014-04-30,mean_cvar,ff3f,0.2179684698127019,0.04372782277072251,0.08987541534149551,7.691383089313492e-19,0.09046159057443962,0.16303452513206648,0.18812036784200242,4.948652726064018e-19,0.016307999239482347,0.1905038092870893
2014-05-30,risk_parity,none,0.08357314118451781,0.07640906657268991,0.06479948010065809,0.049117645883532214,0.19925639493688835,0.17558597514375296,0.13722863223296722,0.05307859105994835,0.06121907047581723,0.09973200240922798
2014-05-30,markowitz,historical_mean,0.24512043207096415,0.07943314210507214,3.789176478553694e-16,1.0245466381534794e-15,0.2836525290186669,0.09899220974722707,0.07202374070169007,3.0321096678678496e-16,0.0,0.22077794635637799
2014-05-30,mean_cvar,historical_mean,0.2532237561576185,0.08720398471118299,9.860564287442802e-19,2.361252461930713e-18,0.2624087315431289,0.10051080867172181,0.1022750347840931,1.442491256366164e-17,5.445552756677152e-19,0.19437768413225476
2014-05-30,markowitz,capm,0.3063422209515924,0.3405187017468123,0.1269272476043039,0.060380312891997585,0.0,0.0,4.7877260481833876e-18,0.024259305022703008,9.515440443283265e-18,0.14157221178259075
2014-05-30,mean_cvar,capm,0.19650948265865648,0.1778974820382776,0.03673930839690427,0.0,0.08845892448625033,0.21411373854679414,0.19085305242563907,0.0,2.8084404692309406e-18,0.09542801144747819
2014-05-30,markowitz,ff3f,0.26071144672077706,0.0,0.14260159708606082,0.022245786925577566,0.01675975544459551,0.0,0.13864284309544483,0.027411261539706022,0.007422794906660766,0.38420451428117736
2014-05-30,mean_cvar,ff3f,0.24205937467119612,0.02657465010242957,0.0858314389395482,2.4504786126099704e-18,0.10304334901388096,0.13027261330849502,0.21002657274631398,2.8461020205407778e-18,1.0728146709794624e-19,0.2021920012181363
2014-06-30,risk_parity,none,0.08535481027422268,0.06845435175313426,0.06023851683628675,0.051097326387747416,0.18990937584864284,0.17163510219936598,0.14774845510809323,0.048130755089115525,0.06467392151813509,0.11275738498525614
2014-06-30,markowitz,historical_mean,0.26846167407407306,0.08090271730017427,0.0,3.2711209198926936e-15,0.2906169932282988,0.08936558260808333,0.06992017889403115,1.5014925090865969e-16,1.6069362195031992e-15,0.20073285389533443
2014-06-30,mean_cvar,historical_mean,0.26985077307281646,0.09420573425461319,1.340628067039382e-17,2.992530989229896e-17,0.27232194407637744,0.08597421044522062,0.10266548149200179,1.5155463848264843e-17,1.1613253974205041e-17,0.1749818566589704
2014-06-30,markowitz,capm,0.3003656862417069,0.33734647040989485,0.12472984368134862,0.06264490074541909,0.0,8.919256934587783e-18,1.6093625997831706e-18,0.028266378349949366,0.0,0.1466467205716812
2014-06-30,mean_cvar,capm,0.18793895745857714,0.1858301029251626,0.041954751510641285,3.654438502672297e-18,0.07931193815615126,0.1951909050182346,0.18823363703233015,0.0,0.0036452662271678465,0.11789444167173513
2014-06-30,markowitz,ff3f,0.25635416704181946,0.0,0.1297723364370704,0.04374066350412156,0.012968158137406434,1.953953631252471e-18,0.13783117365412068,0.03134347739863557,1.476109179373749e-17,0.387990023826826
2014-06-30,mean_cvar,ff3f,0.23890664540130557,0.027444045107771858,0.09017943899268084,1.148089814331791e-18,0.094726822984959,0.11356924886327022,0.22138206545434105,3.764793673176571e-19,0.0022124443273366184,0.21157928886833485
2014-07-31,risk_parity,none,0.08537053787398612,0.06754507878647788,0.058774324973025746,0.0500266979729334,0.19152868082874364,0.171835094337374,0.14708227199274782,0.04776097149349268,0.06425706234796319,0.11581927939325554
2014-07-31,markowitz,historical_mean,0.23692868461910285,0.128679173096336,1.242673566587306e-16,0.0,0.3177251509430994,0.0713472152321935,0.054022812637611384,0.0,0.0,0.19129696347165687
2014-07-31,mean_cvar,historical_mean,0.22866947719011665,0.14171228704345848,8.233152968117579e-19,5.758506888133403e-18,0.3453675312533178,0.015250839845660403,0.07779751670504083,1.0393730707232607e-18,3.970078096027473e-19,0.19120234796240587
2014-07-31,markowitz,capm,0.30030329860097127,0.3359094595518114,0.1270061499887976,0.06528609939387695,3.434998239862019e-18,0.0,4.340196821731035e-18,0.02699208282854154,4.377466271410224e-18,0.14450290963600132
2014-07-31,mean_cvar,capm,0.1834148590594975,0.21351546526015974,0.061516717310916263,2.8586257153644677e-18,0.10767636960786832,0.14807010503629744,0.14809457331002696,2.8933699259311664e-18,0.016376520098650444,0.12133539031658344
2014-07-31,markowitz,ff3f,0.2930843514705311,7.083313021414085e-18,0.15374487450701516,0.048280253881778576,0.0,1.9741373385182348e-17,0.10803828980868704,0.04073897779110649,0.0,0.35611325254088155
2014-07-31,mean_cvar,ff3f,0.2413543173707098,0.05422261335083326,0.10304135222165683,0.0,0.10511162013370592,0.11792341644630283,0.1638718258156873,8.036278892708882e-19,0.0029125837405116245,0.2115622709205925
2014-08-29,risk_parity,none,0.08341202603881757,0.06496193161891797,0.05900531025375995,0.052161850491670055,0.19514339018837934,0.17455192108499587,0.14773727739758793,0.04837617360046048,0.06630640918234879,0.10834371014306211
2014-08-29,markowitz,historical_mean,0.3261126106284518,0.07974359506362504,4.522773618767009e-16,1.145480166660163e-15,0.3354685022007814,0.038034612601703065,0.035561277281817884,4.1486438455952127e-16,3.450312720313633e-15,0.18507940222361538
2014-08-29,mean_cvar,historical_mean,0.3240835532417681,0.06616888115754081,1.1439537731646725e-18,2.647178549021851e-17,0.326164026211627,0.07680451010062568,0.023377578155941228,2.30493776308309e-17,4.2749869016629843e-17,0.1834014511324972
2014-08-29,markowitz,capm,0.30109677651938094,0.32881034817858285,0.12361489013937359,0.07257456132181739,3.664603343001005e-17,0.0,0.0,0.03219153090261534,0.0026703377283371767,0.1390415552098927
2014-08-29,mean_cvar,capm,0.2250015561022466,0.18747479582877888,0.06170299094060567,0.0022109885134701784,0.08453964758311604,0.18729038177944812,0.14130309960624127,4.125779144148248e-18,0.015079765521488757,0.09539677412460455
2014-08-29,markowitz,ff3f,0.2809478698756329,0.0,0.11804245879959367,0.09524264516952533,0.0,2.3605864484005615e-17,0.11015806042362619,0.05335149811641047,5.071768911474271e-17,0.3422574676152114
2014-08-29,mean_cvar,ff3f,0.26600211848814687,0.0,0.12173337800160804,0.01844895250464977,0.06430797690158563,0.16229671364840667,0.15581440776398808,4.472784680904864e-18,6.776263578034403e-21,0.211396452691615
2014-09-30,risk_parity,none,0.08010053863654568,0.07071811103575784,0.06547820231409235,0.048787056839136096,0.19875569066899004,0.1763612352412332,0.14277450969902952,0.05459780634422091,0.06520498127410429,0.09722186794689008
2014-09-30,markowitz,historical_mean,0.3517620842369545,0.107721453499421,0.0,1.2849320403258271e-15,0.32496587477237276,0.0,0.04912609572048718,0.0,6.605830384651463e-15,0.16642449177075658
2014-09-30,mean_cvar,historical_mean,0.37826591156904266,0.10985197882473548,1.0649866463937676e-17,2.4345818158031457e-18,0.3259784491699408,0.003656187756831396,0.011225171338564956,2.7231359570571258e-17,2.1190385817797546e-19,0.17102230134088475
2014-09-30,markowitz,capm,0.2983878686418054,0.3219687223494053,0.10962817238984367,0.07160875499952957,0.0,1.773094068487427e-17,1.2400562347802957e-18,0.0297710997935527,0.017258474457286604,0.15137690736857662
2014-09-30,mean_cvar,capm,0.2647217412861503,0.2442151658374459,0.09779953471654974,5.133272005062565e-20,0.0035986598759909358,0.14930324531283742,0.09065667469740422,6.916862495902166e-19,0.017797357681285746,0.13190762059233588
2014-09-30,markowitz,ff3f,0.3321433713685133,3.4959871602895235e-17,0.13478346780015357,0.11702932428641655,0.0,0.0,0.05476364146356952,0.05037575875009023,0.0,0.31090443633125653
2014-09-30,mean_cvar,ff3f,0.339629175704562,5.061618399474546e-18,0.16214348046455432,0.037865485920059096,0.018414913996888105,0.03019491781971149,0.09649154744115149,0.04341679490486802,8.735519878103486e-19,0.2718436837482055
2014-10-31,risk_parity,none,0.0938113678826021,0.06480315327287053,0.06433496517588592,0.05303787705600098,0.1700517403160218,0.15973982674996098,0.1473075421880497,0.052123315214402534,0.07013865223231704,0.12465155991188824
2014-10-31,markowitz,historical_mean,0.3999999999999999,0.06690883125532332,0.0,9.326266794090396e-16,0.20057416746119786,0.023721073293477318,0.06002518080930087,0.0,6.53034744389327e-16,0.24877074718069914
2014-10-31,mean_cvar,historical_mean,0.4,0.11429045086493722,2.3713476502841648e-20,1.181234444077463e-17,0.2008486860012049,1.0928106456298566e-18,0.037735213797699035,1.2056085402792092e-18,7.471318973472437e-20,0.24712564933615871
2014-10-31,markowitz,capm,0.3311974884354807,0.32268433586749246,0.09973852633421447,0.06158637651842014,0.0,3.1989046286005907e-17,0.0,0.01829898521655797,0.014095116531663685,0.1523991710961705
2014-10-31,mean_cvar,capm,0.316961150136014,0.4,0.10697397137236601,0.03343287658409719,1.0851491399181704e-17,4.696214986620931e-18,4.7677361193870475e-20,2.789435308630641e-18,0.008020584640446237,0.13461141726707654
2014-10-31,markowitz,ff3f,0.3947020378501392,9.702677707503285e-17,0.1310876930434101,0.11078653910964317,0.0,0.0,0.023097825388747054,0.03196604047843706,5.256686470660188e-18,0.3083598641296234
2014-10-31,mean_cvar,ff3f,0.4,0.013575328881856003,0.14883896081619277,0.10444714079968012,8.172662976760505e-18,1.5115692895025634e-19,3.431802164973072e-20,0.03545903461415991,5.906129644687151e-18,0.2976795348881112
2014-11-28,risk_parity,none,0.1029345048807499,0.07569466422211263,0.06810735179346496,0.05758204067669813,0.15562599798164709,0.14853937015822377,0.14036594494053195,0.056575717774662325,0.07603585151701293,0.11853855605489619
2014-11-28,markowitz,historical_mean,0.3999999999999999,0.08643380525666279,8.596555480204439e-16,3.8054160074903573e-16,0.21048589604054607,0.016157626256957876,0.05386328496690535,0.0,8.940840092418629e-16,0.23305938747892588
2014-11-28,mean_cvar,historical_mean,0.4,0.12675507776020145,8.574957153896005e-20,5.687051951362483e-18,0.19698711277700448,2.156757759741791e-17,0.01290271839632098,1.5208199409860141e-18,4.782668133400905e-17,0.2633550910664731
2014-11-28,markowitz,capm,0.34289630675775234,0.3042067069902576,0.13354961079259225,0.03994573816855132,0.0,2.1800933996431173e-17,0.0,5.0169761465872186e-18,0.019478348649417648,0.15992328864142863
2014-11-28,mean_cvar,capm,0.3427369003393528,0.31612591693422337,0.19273690266772067,3.40195003580397e-19,4.3217093736341364e-18,5.920561774755483e-18,7.7647950804467415e-19,1.1962206533224047e-18,0.010938890282911286,0.1374613897757919
2014-11-28,markowitz,ff3f,0.3999999999999999,0.04438422659606443,0.19271702095945367,0.0825067428536088,0.0,3.4674857401702525e-17,0.013637956846598683,6.959471615960176e-18,9.429465866083712e-18,0.26675405274427433
2014-11-28,mean_cvar,ff3f,0.4,0.05265831111592834,0.24305838080648276,0.04161023085888587,6.463572855037402e-18,5.6617933769332856e-18,1.451741095108961e-17,4.177875854658085e-19,5.454828441628861e-19,0.26267307721870303
2014-12-31,risk_parity,none,0.1030403221536099,0.07695220908126639,0.06972530346084513,0.05886994724826843,0.15426753037867227,0.1477961113476741,0.14122745134089396,0.057982076962937584,0.07532150926086237,0.11481753876496992
2014-12-31,markowitz,historical_mean,0.3999999999999979,0.06920444954145741,3.02980148326021e-17,0.0,0.17284127464598545,0.006904981346026406,0.13654564308860062,0.012394633217587391,0.0,0.20210901816034485
2014-12-31,mean_cvar,historical_mean,0.4,0.1121847099960256,2.1899356455388156e-18,1.1866522967747313e-17,0.16719716129209863,2.018566163424871e-17,0.1115920953824345,2.0754601968586564e-17,1.7118854196476674e-17,0.20902603332944117
2014-12-31,markowitz,capm,0.3358965494947382,0.2981981925971609,0.12728248698665187,0.03872073999319459,0.0,0.0,1.4524413446984216e-17,4.7981028330167085e-17,0.025602325956103376,0.17429970497215097
2014-12-31,mean_cvar,capm,0.30978487174561953,0.3999999999999999,0.14458295305730623,0.00460651207417043,9.88173163438899e-18,7.842002117010914e-19,4.2724595974235775e-18,1.5350318937299418e-18,0.003274947479150481,0.13775071564375332
2014-12-31,markowitz,ff3f,0.4000000000000001,0.024350673078652945,0.18712471808512152,0.07838121465320974,7.295544822186199e-17,0.0,0.0,0.0,0.011613840790391123,0.2985295533926246
2014-12-31,mean_cvar,ff3f,0.4,0.09039739199897373,0.18765740649505433,0.05679131644666534,0.0,9.802903118501388e-18,1.7753428827311426e-17,1.6806487959080437e-18,2.0023306343209808e-19,0.26515388505930665
2015-01-30,risk_parity,none,0.10281106799644964,0.07716150777227539,0.06937247759432809,0.05983132307468661,0.15533680082335358,0.14873252264774173,0.1413700663110431,0.05853080694216704,0.0720618062197378,0.11479162061821699
2015-01-30,markowitz,historical_mean,0.3999999999999996,0.11510550690295462,0.0,6.634239638698611e-16,0.21788207178401287,0.0,0.08669625829718693,0.001613899515628961,2.69679611370621e-15,0.17870226350021365
2015-01-30,mean_cvar,historical_mean,0.4,0.1345715564316337,1.3209581989208026e-17,3.6943375212278604e-17,0.18584938645261195,1.2690603820897859e-20,0.04486954447033793,0.038097184798315094,5.574262861571085e-18,0.19661232784710125
2015-01-30,markowitz,capm,0.3372773769842377,0.29089247315084527,0.13247995796644535,0.04031159328446156,0.0,0.0,0.0,0.0,0.023822821293542944,0.17521577732046728
2015-01-30,mean_cvar,capm,0.3999999999999999,0.32470552941313546,0.12647686295098504,0.020600210914667714,1.6631591215225922e-17,4.120762742261068e-18,4.937630826420398e-18,4.364723511635387e-18,0.004846347531299608,0.12337104918991214
2015-01-30,markowitz,ff3f,0.3999999999999999,0.08729600658586531,0.17793421355736636,0.08206961709200747,0.0,4.556263474804291e-17,0.0,7.749470681909401e-17,0.00016352400121515822,0.2525366387635456
2015-01-30,mean_cvar,ff3f,0.4,0.07911154041338271,0.2142298815502605,0.06814257597269337,1.2852984160550868e-18,1.987756461665765e-17,3.0316111040840387e-17,1.3471502031599966e-18,6.784900723352539e-20,0.23851600206366344
2015-02-27,risk_parity,none,0.10959443210498349,0.08859720772220445,0.07109969409278533,0.06541863614397633,0.14253003836850375,0.14169140587918347,0.13566744768485933,0.06119115717710154,0.07392637642716762,0.11028360439923472
2015-02-27,markowitz,historical_mean,0.3795597986134524,0.07798967990295333,2.7733129242526655e-16,9.221783222029123e-16,0.25075389574366763,0.0,0.08164525157901215,0.02098520561494368,6.35701615046141e-16,0.1890661685459689
2015-02-27,mean_cvar,historical_mean,0.3731638669275445,0.084337769150451,8.292253456199958e-17,2.4923067310448896e-17,0.21286116452147877,1.80427128653291e-17,0.0637627371293725,0.05427806744339791,4.457328059604441e-19,0.21159639482775525
2015-02-27,markowitz,capm,0.3532031037185165,0.3026639444957199,0.12633353285755847,0.03329856920774998,0.0,0.0,0.0,0.0,7.391209497741025e-18,0.1845008497204553
2015-02-27,mean_cvar,capm,0.2915073609330337,0.2812318947040482,0.12958234050215164,1.508020271162845e-18,7.451204256342496e-19,0.04780668954947907,0.03751785046969431,7.328496581654981e-19,0.006340144359968112,0.20601371948162503
2015-02-27,markowitz,ff3f,0.4,0.05866176509948998,0.18207244414251433,0.055271260864551815,9.440226672290825e-17,0.0,0.0,1.5077743762174024e-18,0.0,0.30399452989344383
2015-02-27,mean_cvar,ff3f,0.4,0.04864636729010292,0.20294052951430164,3.2496308799007307e-18,1.613361916953523e-18,0.0253124856741715,0.048354410942586974,2.5248601795843387e-19,5.000224044895473e-21,0.274746206578837
2015-03-31,risk_parity,none,0.11079766916814439,0.08977241325226704,0.07230605788071233,0.06602971790533736,0.14027835076048317,0.139943307091112,0.13467159309393315,0.06069088118443892,0.07344013227955812,0.1120698773840134
2015-03-31,markowitz,historical_mean,0.38855414063888494,0.09645079041121958,0.0,1.4766088200258973e-15,0.2546121714120037,0.0,0.05033634165041539,0.010752480001929965,7.163831973380074e-16,0.19929407588554426
2015-03-31,mean_cvar,historical_mean,0.37299298038887513,0.10355816230751957,3.3095790746974626e-17,4.1178073797516217e-17,0.2157666134523558,2.9039261439004827e-17,0.04339912245352984,0.04071423885434443,3.8144934504034315e-19,0.22356888254337526
2015-03-31,markowitz,capm,0.3522082510796893,0.30721162658417744,0.1307141156718152,0.027695833209363717,0.0,3.2639567589497203e-17,6.2019752397959855e-18,0.0,0.0,0.1821701734549544
2015-03-31,mean_cvar,capm,0.3058147890831645,0.28991975673868753,0.13127684828574326,2.2883793220014416e-18,4.896347758786892e-19,0.03473179974430744,0.030053319001580193,1.7100945641799925e-18,0.0013093247485019945,0.20689416239801517
2015-03-31,markowitz,ff3f,0.4,0.07561595485076172,0.1854328754358491,0.04286228477239711,2.0021541664967186e-17,0.0,0.0,3.1281099220958785e-17,5.955346681820657e-18,0.2960888849409921
2015-03-31,mean_cvar,ff3f,0.3999999999999999,0.06503436973305257,0.1972195210400801,6.589485470833055e-19,1.2505730384699021e-18,0.01827579834538601,0.038177201968621656,4.2820727313562335e-18,0.0006752620053476025,0.28061784690751207
2015-04-30,risk_parity,none,0.10993932610229255,0.08996064712653518,0.07134220735894228,0.0658134296461136,0.142293166337005,0.1414249737754482,0.1359815163425176,0.05958452063121811,0.07278249804826367,0.11087771463166371
2015-04-30,markowitz,historical_mean,0.3423563479661696,0.14656419783360314,0.0,6.91185661223086e-16,0.2926920719239999,0.0037375646940923575,0.06854515951432039,3.2732741213695133e-16,0.0,0.14610465806781361
2015-04-30,mean_cvar,historical_mean,0.33320495271365796,0.17031796488581302,4.503547359494126e-17,8.466053727755169e-20,0.2688024168829887,2.0664354898324644e-17,0.09384119357514897,2.4900158022809317e-19,3.769413593265958e-17,0.1338334719423913
2015-04-30,markowitz,capm,0.3587273615068684,0.2958962600893344,0.1294580086061667,0.03184984835825648,0.0,2.3913222408646587e-17,0.0,0.0,0.0,0.1840685214393739
2015-04-30,mean_cvar,capm,0.3550094172784775,0.221467566512978,0.07434172396714776,8.450535967093136e-05,1.06295094548324e-18,0.07091153717590915,0.1327156103761456,2.6654220656335872e-18,0.013284341978259312,0.13218529735141174
2015-04-30,markowitz,ff3f,0.4,0.1550951206109547,0.16412989113950885,0.029460463834094786,3.7515181464636544e-17,0.0,1.7066924327181882e-17,0.0,0.0,0.2513145244154417
2015-04-30,mean_cvar,ff3f,0.35762162194962605,0.14502770001396517,0.08146232601367641,9.77059774152213e-10,3.6414187005490396e-19,0.0746827545532311,0.12002210175790366,2.7721533897464334e-18,0.022694060950204983,0.1984894337843329
2015-05-29,risk_parity,none,0.10984481019087082,0.08794006082382502,0.07341272602472207,0.06978259700178677,0.14076530043665778,0.14101480970749927,0.1354662776503195,0.05713603469216409,0.07507674917477883,0.10956063429737582
2015-05-29,markowitz,historical_mean,0.39999999999999974,0.11454366670178798,1.6876186161274528e-16,0.0,0.23754110409936982,0.01370571579798526,0.07628885273304857,2.1556029778685198e-16,0.0,0.15792066066780827
2015-05-29,mean_cvar,historical_mean,0.35931193913049925,0.13894215835687157,1.1557026936780909e-17,1.6562667700917432e-18,0.19943089033238554,0.03866275899286162,0.1309139631392787,4.993393441729022e-18,4.26041317643024e-17,0.13273829004810345
2015-05-29,markowitz,capm,0.3500661828931463,0.2948146361112432,0.13112910231674063,0.038429287006495845,0.0,0.0,2.1880247569343113e-17,3.429403469372167e-17,0.0,0.18556079167237405
2015-05-29,mean_cvar,capm,0.3527559096457584,0.23078624332244593,0.08136224358316411,0.01947201214206883,1.2240255516040968e-19,0.029923276204314172,0.10786144400206926,2.503751727077209e-18,0.024570302475896057,0.15326856862428315
2015-05-29,markowitz,ff3f,0.39999999999999986,0.11270684673074839,0.16473885546158154,0.06447188945573108,1.0928650346953763e-17,0.0,1.840893635954867e-17,2.87030394524266e-17,0.0,0.2580824083519389
2015-05-29,mean_cvar,ff3f,0.38968587470037663,0.10617601037162017,0.1352715192768676,0.030255430278130522,6.0075906559781476e-18,0.04373357194547839,0.09180767264807546,1.5279395373479044e-18,0.005690814091588538,0.1973791066878627
2015-06-30,risk_parity,none,0.11355076178631787,0.09377441874963612,0.08651653710016537,0.0734992949272793,0.12600665983185777,0.12736748676701143,0.12515343399533801,0.05905437074652674,0.08771880397927291,0.10735823211659454
2015-06-30,markowitz,historical_mean,0.40000000000000013,0.1396131747861256,0.09296042770303152,1.1352383314721634e-16,0.12422289553388685,0.015886659851570888,0.09992146307673387,0.01597339081401937,1.6945809308912082e-15,0.11142198823463008
2015-06-30,mean_cvar,historical_mean,0.40000000000000013,0.16833764894520126,0.0885991633805326,9.25292222359747e-19,0.10079193635429887,4.638549663105673e-18,0.0965431959364283,0.03284471152896069,8.021378802021711e-19,0.11288334385457827
2015-06-30,markowitz,capm,0.35445571878142984,0.3010209803086632,0.11026417208762941,0.030449778695461262,2.8134305222169986e-17,8.336690087677881e-17,0.0,0.0,1.6492154999514852e-17,0.20380935012681628
2015-06-30,mean_cvar,capm,0.35332203689462977,0.3643803611700917,0.014795631377809027,0.05791195200054643,3.494623286434008e-17,8.986120815313695e-20,2.292808804774471e-20,1.4547842499955128e-17,1.6517599746648756e-19,0.20959001855692314
2015-06-30,markowitz,ff3f,0.4,0.12117980424063915,0.1368725012454713,0.05283981211395158,1.6076552354837555e-16,0.0,2.6231085616628693e-17,0.0,1.5725090581102446e-18,0.28910788239993773
2015-06-30,mean_cvar,ff3f,0.4,0.1742037175405256,0.05365975557477425,0.08386501770498468,1.517037089808209e-17,8.272759233777471e-18,6.691903662543754e-18,2.526391157308752e-21,4.078291217915337e-18,0.28827150917971545
2015-07-31,risk_parity,none,0.1138499789225252,0.0951984610531491,0.08534224303858463,0.07562461731637259,0.11662051967104943,0.1368182204572503,0.1315026948676,0.06417959012264143,0.08121134121336546,0.09965233333746193
2015-07-31,markowitz,historical_mean,0.39999999999999947,0.20544207953132446,0.03684420038861215,0.0,0.09605724015517797,0.02065085747694321,0.10509051830219981,1.7638942829752158e-16,0.0,0.13591510414574273
2015-07-31,mean_cvar,historical_mean,0.4,0.2249415044311546,0.016844879206515416,7.138580561680103e-18,0.1021530730796131,0.025280895893291497,0.11810937825662614,8.970016351027474e-18,1.0873708337217542e-18,0.11267026913279919
2015-07-31,markowitz,capm,0.35812494808031237,0.29089084060055204,0.11879204476118095,0.029867207812216346,0.0,4.872557029080363e-19,0.0,2.483458249702246e-17,0.0,0.20232495874573828
2015-07-31,mean_cvar,capm,0.3999999999999999,0.3322972341595767,0.05299208108013625,0.05707982958622339,1.3391414948323305e-22,1.3754570838976473e-18,7.761699790075868e-18,1.778299020590868e-18,2.602709049511634e-18,0.15763085517406367
2015-07-31,markowitz,ff3f,0.392367476420072,0.18117346254863473,0.13925831832712726,0.035187847384646476,0.0,0.0,0.0,1.325762046344518e-16,2.6142640186334317e-17,0.2520128953195193
2015-07-31,mean_cvar,ff3f,0.4,0.2390292571286266,0.06803851940793175,0.06714880625058417,4.944662418791815e-18,2.1662399201507432e-18,1.1454987926074316e-19,4.7102331941841e-18,2.294539043498858e-20,0.2257834172128575
2015-08-31,risk_parity,none,0.1133787402474917,0.0938630135320518,0.08461947401638369,0.07669198946228459,0.1169701805057278,0.13680591086252322,0.13214823987771782,0.06381406927457826,0.08238089450718228,0.09932748771405865
2015-08-31,markowitz,historical_mean,0.3999999999999994,0.21080545160361794,0.05956278358976376,0.0,0.11398100974048199,0.023389768573183114,0.01817400434326333,0.006883556662160954,0.0,0.16720342548752948
2015-08-31,mean_cvar,historical_mean,0.39999999999999986,0.20528196540558388,0.051048355937277023,3.647654497978357e-18,0.09646694404306584,0.05817834158979961,0.05607578112783494,9.237516815210374e-20,4.274173536133093e-17,0.13294861189643875
2015-08-31,markowitz,capm,0.3521857599382038,0.2937011869584997,0.11758399370546116,0.03550470738614166,3.4832399823509897e-17,0.0,0.0,0.0,4.653246592393354e-17,0.20102435201169352
2015-08-31,mean_cvar,capm,0.3122624087004876,0.3315261025860934,0.16617760136918314,2.6150610530894444e-18,3.210277088685167e-18,6.633604662209753e-18,7.446388238340045e-18,1.3355170514269522e-18,1.9621011764127166e-18,0.19003388734423587
2015-08-31,markowitz,ff3f,0.38418482549754557,0.17828800039443626,0.1584754044328853,0.007736798071165962,1.3581421567482018e-16,0.0,0.0,0.0,1.2023833083679061e-17,0.271314971603967
2015-08-31,mean_cvar,ff3f,0.37391821514592566,0.20221039443320932,0.18158857103390738,6.532929651846228e-20,3.408400487340843e-18,7.244169119251484e-18,6.381050103798694e-18,2.964051401362077e-19,6.7913864670417415e-18,0.24228281938695767
2015-09-30,risk_parity,none,0.10964326019318849,0.09129957406368619,0.08160838393063735,0.07266368917900494,0.11949463131268835,0.14094566471575717,0.13603026439658863,0.05530232726463071,0.09715881978662579,0.09585338515719227
2015-09-30,markowitz,historical_mean,0.39999999999999963,0.19676681871596902,5.94058280608034e-16,0.0,0.09828937051873596,0.07266383004329016,0.031395326628677576,5.066304420598956e-17,1.0697124835558729e-17,0.20088465409332712
2015-09-30,mean_cvar,historical_mean,0.37043559083721284,0.13884149603706503,5.773142987732e-17,6.873945559464739e-19,0.07052184421404405,0.18577860995071105,0.12803236056943587,8.401783802082436e-19,2.8319605953517516e-19,0.10639009839153103
2015-09-30,markowitz,capm,0.35505363479826646,0.2885999049702373,0.11523754551223626,0.038003620131137617,9.023018470626433e-18,0.0,0.0,0.0,7.255260709706708e-18,0.20310529458812235
2015-09-30,mean_cvar,capm,0.3305758931037621,0.20571944731738057,0.06943375027875354,0.020663741001649295,4.986224268605442e-19,0.11326850363953125,0.13124144581295893,4.777112008087598e-19,0.005435661937887855,0.1236615569080766
2015-09-30,markowitz,ff3f,0.38805079817044263,0.19008531223420885,0.12633875847624446,0.05666879542534066,0.0,3.3955856789530386e-17,2.3545821867775035e-17,2.000691821414657e-18,0.0,0.23885633569376322
2015-09-30,mean_cvar,ff3f,0.3396215719088462,0.1517388668715593,0.05656663513222578,0.051023460672077706,3.754568235315431e-19,0.10197182161533755,0.15231533875897407,9.545001802672664e-20,7.599310601201432e-20,0.14676230504097942
2015-10-30,risk_parity,none,0.10583931475922502,0.08609446460746367,0.07678022934449008,0.07362356001430752,0.11070139931366424,0.1540680784444301,0.1460042361823115,0.06071493815310242,0.09757942489810459,0.08859435428290093
2015-10-30,markowitz,historical_mean,0.399999999999999,0.09742045586233043,0.0,0.0,0.11948587799278951,0.10442224625934048,9.032593330694644e-17,0.02291512271629509,0.0,0.25575629716924553
2015-10-30,mean_cvar,historical_mean,0.3251427254867218,0.08429116456134128,8.075378904020046e-18,5.485564870061805e-18,0.0653863253275446,0.23779818944547507,0.18683259860902368,2.036876123026408e-17,2.1164267932937355e-17,0.10054899656989356
2015-10-30,markowitz,capm,0.3611177355842035,0.2919617411404569,0.12153889593852621,0.032537345320898206,4.2609145378680324e-17,0.0,1.1158812047128153e-17,0.0,0.0,0.19284428201591522
2015-10-30,mean_cvar,capm,0.2532916232803017,0.17129723069430652,0.044496877716313055,0.01947654144986493,2.548658729564597e-19,0.19708490568207393,0.19649337953342466,1.1325309262629159e-17,0.014933720998313341,0.10292572064540191
2015-10-30,markowitz,ff3f,0.4,0.10184584413179366,0.15569325010875545,0.056091748103727586,0.0,0.0,5.5261035641395e-18,0.0,5.78314800764829e-17,0.2863691576557232
2015-10-30,mean_cvar,ff3f,0.3054308355586683,0.10118448977552115,0.03951305113875602,0.026096042933694552,3.9778609788298703e-19,0.17742912953734455,0.21716843327688273,2.0425839011947817e-18,0.008333010039932979,0.12484500773919971
2015-11-30,risk_parity,none,0.09926924059923349,0.08708105180658869,0.07433577923589177,0.07174827332596144,0.11728714195992691,0.15963683704547185,0.14888228632100828,0.05983445878754604,0.09432338933770562,0.08760154158066576
2015-11-30,markowitz,historical_mean,0.39999999999999963,0.11252137593181977,0.0,9.827288155590679e-17,0.12554439069216963,0.11453206819906869,1.7196084541692619e-16,0.014927732338634224,0.0,0.2324744328383078
2015-11-30,mean_cvar,historical_mean,0.3755601233456641,0.08871171531490903,1.5929119232446649e-18,1.0091523468984759e-17,0.08674202004671805,0.27087050490101844,0.07277897884337915,1.8773201340885212e-18,1.2038413023872216e-17,0.10533665754831122
2015-11-30,markowitz,capm,0.38123172900292635,0.2760217566834861,0.1255764742795061,0.035346694779357306,2.844844856648293e-17,0.0,0.0,1.7210015422312874e-17,0.0,0.18182334525472404
2015-11-30,mean_cvar,capm,0.2638055058668708,0.20663545724605714,0.07441423398255002,0.007715686495331407,1.0193287512491756e-18,0.18924482901040127,0.1494866596580878,9.010971499028153e-18,0.007199652429146373,0.10149797531155538
2015-11-30,markowitz,ff3f,0.4,0.11701356019213957,0.19345072120646978,0.00847341266414846,0.0,1.210953496603353e-17,7.112335358027654e-18,1.2164879257283458e-17,3.0277830416490667e-18,0.2810623059372421
2015-11-30,mean_cvar,ff3f,0.3002761617986964,0.1052074029519083,0.11168849925716982,3.553777100514292e-18,1.3697892660349527e-18,0.17535283104298569,0.18255968546359858,5.1964441743642336e-18,1.2068761415474204e-21,0.1249154194856412
2015-12-31,risk_parity,none,0.09856618161126893,0.08908737588848804,0.07451309925350129,0.07172159112237038,0.11819033236513869,0.16001837528408533,0.14921922977554222,0.060292220751766774,0.0921474980396711,0.0862440959081673
2015-12-31,markowitz,historical_mean,0.3999999999999997,0.17241413399624345,0.0,1.4292239107546895e-15,0.11611435137266282,0.07821645450260144,0.0,0.042009885140843854,7.7049387566866465e-16,0.19124517498764648
2015-12-31,mean_cvar,historical_mean,0.37187662469828964,0.1143500017996107,5.045436081589892e-19,4.9473464925307286e-18,0.06990491040140528,0.2436371087271055,0.13249636849102317,1.9795483159145382e-19,3.423902418229067e-17,0.06773498588256571
2015-12-31,markowitz,capm,0.37800713587486395,0.2722521279423069,0.12948415442023475,0.03662657660886906,2.5033211723153592e-17,0.0,0.0,0.0,3.590572663410979e-18,0.1836300051537254
2015-12-31,mean_cvar,capm,0.267117982319728,0.2051730765991934,0.08444917502465997,0.0012610466532119945,9.914059529999187e-19,0.18733150351418937,0.13927871639552084,3.0176244269896267e-18,0.011371433161392322,0.10401706633210395
2015-12-31,markowitz,ff3f,0.39653503690989356,0.17976884714767125,0.17778409860784825,0.005647087589563732,0.0,2.981555974335137e-19,1.1756817307889689e-18,3.12589038854727e-17,1.2339575975600647e-17,0.24026492974502317
2015-12-31,mean_cvar,ff3f,0.276593769467702,0.14919670947106245,0.09605686532609906,5.839933425677346e-18,4.585247368237201e-19,0.18386887520091338,0.15574583032018688,2.620154342863087e-21,0.012702502537365126,0.1258354476766712
2016-01-29,risk_parity,none,0.09777248481287562,0.08641647486450509,0.0743854093574747,0.07111038024595737,0.11746903728114376,0.16029273705582228,0.14906338890261978,0.061084229393768875,0.09294320115491642,0.08946265693091618
2016-01-29,markowitz,historical_mean,0.39999999999999586,0.022647772815073842,0.0,0.0,0.13966589670897173,0.04836434744457089,1.0807176286418152e-15,0.0,0.0,0.38932198303138654
2016-01-29,mean_cvar,historical_mean,0.33456018220218914,0.06449385428808233,2.9284401647455575e-17,2.637832431028637e-17,0.09484513421824063,0.28129094706203267,0.02870282170186221,5.230524385536108e-18,4.509811624337968e-18,0.19610706052759305
2016-01-29,markowitz,capm,0.37784905142807285,0.280962839824789,0.13538327627453176,0.04558360279551736,0.0,0.0,0.0,1.5610441939737368e-17,0.0,0.16022122967708916
2016-01-29,mean_cvar,capm,0.2857958037708494,0.19561322911734236,0.0245855541013323,0.010388651776070523,6.6767750469669595e-19,0.20752844444092078,0.13717395183369616,1.998984482142776e-18,0.03506576683955315,0.10384859812023535
2016-01-29,markowitz,ff3f,0.3726960542632925,0.05718560845423928,0.26268453990558777,1.1401063470042883e-17,2.4572425799847253e-18,0.0,0.0,0.01157147848511152,3.785390241279468e-18,0.2958623188917689
2016-01-29,mean_cvar,ff3f,0.26804245782071756,0.09093913796029052,0.09449608298843146,1.8528329482398207e-18,1.2121988940088027e-18,0.23723586442850497,0.10629153832651433,1.7623448809298286e-18,0.0365847646926866,0.1664101537828545
2016-02-29,risk_parity,none,0.09789975609601519,0.08606473719329351,0.07360824923359198,0.06938678011541805,0.11831574696671257,0.1598791529811344,0.14727413453254515,0.05988125357658935,0.09502495335917395,0.09266523594552588
2016-02-29,markowitz,historical_mean,0.2927361738281459,0.0,0.0,0.0,0.19932026972202135,0.10794355644983399,1.016694070105805e-15,0.0,0.0,0.3999999999999979
2016-02-29,mean_cvar,historical_mean,0.2936721127089228,3.069779747106992e-17,1.63395833726903e-19,7.755595949864992e-18,0.14208271324476218,0.2791651883211268,0.07832610736381417,9.152587771345796e-18,8.588416602656201e-20,0.20675387836137396
2016-02-29,markowitz,capm,0.389713568659167,0.2903515369294077,0.13975311293849574,0.04542660971085874,2.314523124321921e-17,2.3513634615779377e-17,0.0,4.797594613248357e-18,0.0,0.13475517176207083
2016-02-29,mean_cvar,capm,0.26084337866625723,0.10833300698787934,0.003552869329829393,0.017650128630215704,8.538804057707732e-18,0.2460334691162909,0.23811405525587442,3.982215793540194e-18,0.051390704393859836,0.07408238761979322
2016-02-29,markowitz,ff3f,0.36712702200841263,8.045561138930055e-17,0.2817041205606049,1.0756658291533185e-17,0.0,1.39796186558358e-17,0.0,0.014481432149056953,0.0,0.3366874252819256
2016-02-29,mean_cvar,ff3f,0.24909142392279088,0.008948611579617228,0.07406655056856982,2.146720301521299e-21,4.336808689942018e-22,0.24355300423235077,0.23763550439125883,1.2891378141990803e-17,0.04304246242367088,0.14366244288174151
2016-03-31,risk_parity,none,0.09807728160251103,0.08593692484919545,0.07549061206849009,0.06977896649778181,0.11852011683155325,0.15962402527477637,0.14735746124955143,0.06169752215336189,0.09052395648887741,0.09299313298390127
2016-03-31,markowitz,historical_mean,0.31010985136799946,7.055767509969367e-16,1.3056301374249328e-15,4.622504432721414e-15,0.23590591251005985,0.09798498083864961,0.0,1.1288899367167452e-15,0.0,0.35599925528328324
2016-03-31,mean_cvar,historical_mean,0.25056629759041255,0.006718828338650985,1.8848987053154302e-18,2.4343040408855558e-18,0.14416049873653547,0.2695098624361306,0.0904662769480879,2.715792871413439e-17,1.4428746326209367e-18,0.23857823595018243
2016-03-31,markowitz,capm,0.39134494564772115,0.29036043479288837,0.1385326516082253,0.046043070914719195,0.0,1.782157321023048e-17,1.0957218205681629e-17,1.1096131609031334e-17,0.0,0.1337188970364461
2016-03-31,mean_cvar,capm,0.2190507436144755,0.14037403916612692,0.02100381765159537,1.986755142035599e-18,2.526001595415518e-18,0.2660270611268968,0.25818331662127864,1.1838931219794949e-17,0.014134413642966777,0.08122660817666008
2016-03-31,markowitz,ff3f,0.36296787856045737,4.9619190050156914e-17,0.28162831060641375,4.421511984667448e-18,0.0,4.346973085309069e-18,1.094366567852556e-18,0.026976297528832467,0.0,0.3284275133042964
2016-03-31,mean_cvar,ff3f,0.20805925525736588,0.06234174295251143,0.056375293519437646,8.281232715777277e-24,2.7606624312502595e-18,0.24496914475540274,0.26364018038868353,4.178576523117001e-18,0.022699684952610166,0.14191469817398855
2016-04-29,risk_parity,none,0.09473857017681081,0.08512620334417667,0.07505542300383576,0.06374593474964925,0.11170277560195033,0.17747675881624256,0.14539269484382733,0.055937423600294196,0.09995100752337914,0.09087320833983403
2016-04-29,markowitz,historical_mean,0.3494719842037006,0.0,3.456063831386995e-16,1.5599934962106898e-15,0.24880963807956022,0.09390131870929667,0.0,2.34816802978442e-16,1.7154407709325622e-16,0.3078170590074401
2016-04-29,mean_cvar,historical_mean,0.26732105144715435,1.9776289360708886e-20,1.461191353911908e-17,1.344848022454054e-19,0.10687649717454337,0.36605671285271635,0.062261605860651326,3.591103772838088e-17,4.181962998477194e-17,0.19748413266493456
2016-04-29,markowitz,capm,0.3913672566195256,0.2855071579957958,0.1360746286333072,0.053936351350218216,0.0,0.0,0.0,0.0,1.5546019197431804e-17,0.13311460540115336
2016-04-29,mean_cvar,capm,0.21370259987575563,0.1305355814896793,0.03164726736487094,3.967743381480142e-21,7.232629363955231e-20,0.3148109309659357,0.20351829909745364,5.611522782379057e-20,0.028681524094202625,0.07710379711210198
2016-04-29,markowitz,ff3f,0.37668671883897065,1.3593184737537012e-17,0.27416819505994533,0.0,1.588186776101813e-17,1.4924720530620772e-18,0.0,0.01264228628673774,0.0,0.3365027998143462
2016-04-29,mean_cvar,ff3f,0.2305351725576043,0.044253116921152746,0.053842482315289146,1.8981891638294527e-17,3.3192008265848774e-18,0.3296639462764434,0.17769734468257342,7.164496906946678e-18,0.025533823084606444,0.13847411416233057
2016-05-31,risk_parity,none,0.09422282829533914,0.0838112981123894,0.07683522165886003,0.06348275291111584,0.11537212562111518,0.17840517584175414,0.1461671170691222,0.05662489079992376,0.09427043303288411,0.09080815665749625
2016-05-31,markowitz,historical_mean,0.39946948168408775,6.781011197703758e-16,9.14486416008896e-16,3.1742051478586533e-15,0.21337054484754384,0.12070044669453121,0.0,6.754244956570522e-16,0.0,0.2664595267738317
2016-05-31,mean_cvar,historical_mean,0.25889099805607524,0.013313503068345724,8.853684608103074e-19,3.2195501949813894e-18,0.07576408777906951,0.3686735315196772,0.11484771459536125,9.686036887809e-19,3.215387876213865e-19,0.16851016498147112
2016-05-31,markowitz,capm,0.39092625673826675,0.2814436088918723,0.14146502314036943,0.05180392558863601,2.358139725155972e-18,0.0,0.0,0.0,3.767602549387128e-18,0.13436118564085547
2016-05-31,mean_cvar,capm,0.23047484259324635,0.13442882296679187,0.010274797055586125,3.8511856995480715e-18,2.3748402047294064e-17,0.3241152114057181,0.20512746397745077,8.96470259521579e-19,0.006935507414548356,0.08864335458665838
2016-05-31,markowitz,ff3f,0.4000000000000001,0.0008520402469478073,0.2715120250298738,0.0043825891610401934,1.1882684163789842e-17,0.0,0.0,0.007879234229634897,8.138133897557767e-18,0.3153741113325033
2016-05-31,mean_cvar,ff3f,0.2377591161516569,0.059593338983326534,0.04698447073702591,0.0,1.5680021990904253e-17,0.3423294395217323,0.18460009199781116,1.9079719829845366e-19,0.006627677939461202,0.12210586466898603
2016-06-30,risk_parity,none,0.08853254776031638,0.07477492754083367,0.07578680315635282,0.06380754050862653,0.14034461051312283,0.16266713650421394,0.1449874954928421,0.05977763106763969,0.09067106695300235,0.09865024050304973
2016-06-30,markowitz,historical_mean,0.28946384514883977,0.0,0.0,0.0,0.2979132780300876,0.11018277903961327,0.0067439941774742225,0.0,1.3738874404464727e-16,0.2956961036039849
2016-06-30,mean_cvar,historical_mean,0.22292861458336052,3.1623614488083814e-17,4.494018004952416e-19,5.05545310139505e-17,0.15169591252403908,0.29817382908897594,0.15424720416807394,1.166601537594403e-18,3.2851325826310787e-19,0.17295443963555054
2016-06-30,markowitz,capm,0.36299232607849674,0.26935469095047704,0.15853664630290049,0.06081980680026812,0.0,0.0,3.2255014631443757e-18,0.0,1.1384546327571424e-17,0.1482965298678576
2016-06-30,mean_cvar,capm,0.18772872162591644,0.08613754494603722,0.04881512655503014,2.1806858356225046e-17,3.5610939725849013e-19,0.30277132093354986,0.24884410401348564,0.0,0.029273840813911073,0.09642934111206966
2016-06-30,markowitz,ff3f,0.37333685156762864,0.0,0.24921667676094417,8.401296287341778e-17,1.418949593240404e-17,1.930303383497825e-17,0.0,0.039028735200147255,0.0,0.33841773647127993
2016-06-30,mean_cvar,ff3f,0.22944248559675307,2.0034592035244255e-21,0.0789006749911859,4.231635365543268e-20,0.01695263012413137,0.3261609559924351,0.20667747119422844,3.0234867892750214e-18,0.013782099647175942,0.12808368245409035
2016-07-29,risk_parity,none,0.09287302217710404,0.07449751098608133,0.08323190393070799,0.061499591264020985,0.13673784010242668,0.16317004058836146,0.14780680772866678,0.05522584043244734,0.09485769249419979,0.09009975029598367
2016-07-29,markowitz,historical_mean,0.24333418710923468,0.0,0.0,1.802330257694854e-15,0.24608717826049378,0.16267259066147066,0.13530166123183954,9.87866150778956e-16,0.0,0.21260438273695864
2016-07-29,mean_cvar,historical_mean,0.22987153399589658,1.4199039359634796e-18,2.3231141913906803e-17,1.3421049691559931e-17,0.16584731205298237,0.2804552439755281,0.13358472294686669,2.156095758667784e-20,0.004391924688289218,0.18584926234043697
2016-07-29,markowitz,capm,0.3749354098924058,0.26984526012838495,0.1786141292499049,0.045109204522046364,6.879521357911944e-18,0.0,1.0875822803057733e-17,0.0,0.0,0.13149599620725805
2016-07-29,mean_cvar,capm,0.20900586272045496,0.055023491665276716,0.10671822560271116,6.958760417725786e-18,1.356488198576498e-18,0.2978330921759527,0.24049226731313408,1.8910173461004805e-17,0.029881321811410743,0.061045738711059595
2016-07-29,markowitz,ff3f,0.3674348333845165,0.0,0.2587093940781301,0.0,3.127965619268043e-17,0.0,0.0,0.0316625072189144,3.9198567216560884e-18,0.34219326531843913
2016-07-29,mean_cvar,ff3f,0.23454777560592474,8.165566444580809e-18,0.11134973251264867,4.360123659940625e-18,0.0117588335057175,0.31339690802726616,0.19430135887403438,2.169508829429678e-20,0.008821051533531602,0.12582433994087697
2016-08-31,risk_parity,none,0.09348114219421522,0.0739467680789477,0.0829376674358351,0.05895314786883631,0.12625925718769315,0.16727264212722853,0.15044546976044093,0.05280446651897742,0.09901485560520025,0.09488458322262533
2016-08-31,markowitz,historical_mean,0.286823819128038,2.2347947873767994e-16,0.0,0.0,0.30926945771821834,0.1430059015598434,0.11680857202851892,0.0,0.0,0.14409224956538103
2016-08-31,mean_cvar,historical_mean,0.2753965083342196,5.521640602180244e-18,7.107121436560772e-17,4.260082033390994e-18,0.2331620426388028,0.22079100120934497,0.166431445297878,2.211706596609567e-18,9.585137148580075e-19,0.10421900251975445
2016-08-31,markowitz,capm,0.3820916234265562,0.2678903610523689,0.17512887231821025,0.04876030083213098,9.175060884658583e-18,2.5919208185981595e-19,0.0,5.178759439512793e-18,0.0,0.1261288423707337
2016-08-31,mean_cvar,capm,0.2127452760286603,0.06536587691489384,0.07768024435610911,2.5556728741032454e-19,2.1048367366269045e-17,0.3097147072407901,0.22573493497815697,1.994198464429274e-17,0.03183774497555565,0.07692121550583392
2016-08-31,markowitz,ff3f,0.3624310132044116,0.0,0.26350181387372607,0.0,3.042353970569528e-17,2.594442948061454e-17,2.0828350479198566e-17,0.042800317376354834,0.0,0.33126685554550744
2016-08-31,mean_cvar,ff3f,0.21333188526391328,1.7683301229349414e-18,0.11792229940275563,7.444181607720932e-18,2.0108818832977952e-18,0.3112380592074321,0.21856852857741826,1.6307995167965084e-17,0.015487945671602363,0.12345128187687825
2016-09-30,risk_parity,none,0.09422760739677968,0.07498744003592589,0.08200684237207623,0.059861642299508945,0.12934598052836807,0.16519545818183154,0.1496533028454365,0.054625363578585,0.09033512131528579,0.0997612414462025
2016-09-30,markowitz,historical_mean,0.26865746691280007,2.3515498088263327e-16,0.0,1.6224916104656116e-16,0.2640264430243006,0.15328489602760825,0.13025424771990537,4.556901730956573e-16,2.990619226870757e-17,0.18377694631538502
2016-09-30,mean_cvar,historical_mean,0.25724547040410245,1.448822034637575e-17,1.7014572591939996e-18,7.76151354173792e-19,0.22047820252629258,0.2089229152225041,0.15608458781240164,1.8484725182712903e-17,1.0155875503153204e-17,0.1572688240346991
2016-09-30,markowitz,capm,0.3791645183897449,0.26660770076430873,0.17667946362612832,0.04972907949630483,2.195001179514794e-17,0.0,0.0,0.0,0.0,0.12781923772351325
2016-09-30,mean_cvar,capm,0.21301153142400434,0.07847248463016496,0.09691308441745301,1.0508437554473651e-17,1.0155932788059758e-17,0.2759527529844945,0.2290524660098518,1.5816824060653126e-18,0.030550996223345277,0.07604668431068616
2016-09-30,markowitz,ff3f,0.4,0.0,0.28024662194541844,0.0,0.0,2.4370314060763718e-17,4.038611883240497e-18,0.01478361181152012,0.0,0.30496976624306155
2016-09-30,mean_cvar,ff3f,0.2523399188548605,1.8517229166795905e-18,0.1097308711865464,0.0,2.6785220625014146e-18,0.2787262359867106,0.19818778766050865,1.429746546993417e-17,0.025570609239204293,0.13544457707216956
2016-10-31,risk_parity,none,0.09297637402909027,0.0769427622329734,0.0867286986327633,0.061900826387067946,0.12812707972350496,0.16667509732341126,0.14953461502557103,0.05489628273062676,0.08612198299197762,0.09609628092301345
2016-10-31,markowitz,historical_mean,0.2669516997073247,0.0,0.0,0.0,0.26113914065538635,0.1492924434250109,0.14265053349435367,6.396623411075023e-17,3.5279726934441486e-16,0.1799661827179239
2016-10-31,mean_cvar,historical_mean,0.25102214269011963,1.3724868824785095e-18,3.046240005227412e-17,2.4336893254486982e-17,0.19946314935796047,0.19420814692363972,0.20971009969706064,2.463841101971683e-18,1.6383129686684112e-17,0.1455964613312196
2016-10-31,markowitz,capm,0.35946145642086186,0.2698505687243869,0.19076156681058812,0.05243470750161467,0.0,1.4157308680408373e-17,1.4256411535237126e-17,0.0,0.0,0.12749170054254835
2016-10-31,mean_cvar,capm,0.1698187311775136,0.10974378246482289,0.11210020427032233,7.192665451481727e-23,0.005043748296865823,0.31433085009264305,0.20361710827042237,0.0,0.018039661687858866,0.06730591373955097
2016-10-31,markowitz,ff3f,0.3999999999999999,0.0,0.2810353252797073,0.0,0.0,1.1061012839058356e-17,0.0,0.02590330897425846,1.8463770126751044e-17,0.29306136574603425
2016-10-31,mean_cvar,ff3f,0.2088110766972547,0.024580300789981305,0.12436129420047401,9.969093594946112e-18,0.017343754422519866,0.3012834565846139,0.21611133905905577,1.5498896610845008e-17,0.0025714569022261733,0.10493732134387432
2016-11-30,risk_parity,none,0.09510415557817169,0.07285769642417339,0.08819499742956549,0.06280377369205273,0.11907093265393905,0.16707275432400154,0.15046382766601218,0.05552179583066523,0.08437715109275293,0.1045329153086658
2016-11-30,markowitz,historical_mean,0.24221866683469517,4.220765176168177e-18,0.0,3.465550600396243e-16,0.22169603546202232,0.1680855281842462,0.15370626293671988,4.56125548030546e-16,0.0,0.21429350658231558
2016-11-30,mean_cvar,historical_mean,0.2218141948320543,4.799723497183978e-17,3.4002879574331386e-17,4.474782947410676e-17,0.11050099850145942,0.3086202971819293,0.2010245150963613,0.0,7.302919791175058e-18,0.15803999438819555
2016-11-30,markowitz,capm,0.35573256663314384,0.2700520865273212,0.19185542145469128,0.05194869196656042,0.0,0.0,0.0,1.1918489692016593e-18,2.6806898714704097e-17,0.13041123341828323
2016-11-30,mean_cvar,capm,0.17792955458890905,0.08348097986096745,0.10431637339585531,5.538444903500339e-18,4.938511246362888e-18,0.3518731022133425,0.17951803171002972,2.1798303918549412e-17,0.019075822530035483,0.08380613570086055
2016-11-30,markowitz,ff3f,0.3604718857086071,7.50250962701024e-17,0.2897514792309676,0.004245251157097413,1.068955579434927e-18,0.0,0.0,1.1866084558085493e-17,3.102681685792502e-18,0.3455313839033279
2016-11-30,mean_cvar,ff3f,0.1996044479240394,1.3454219062777505e-17,0.14639127268148458,8.878246614107732e-18,3.115335919083339e-17,0.3439982212344201,0.17847436100081812,1.389205858161909e-20,0.0032398407549559137,0.12829185640428184
2016-12-30,risk_parity,none,0.10232045297293584,0.08815140373408997,0.08632330994349927,0.06329302264940899,0.10789633176526382,0.1656833565421817,0.14795860320198154,0.058325947151077445,0.08372244106782109,0.09632513097174039
2016-12-30,markowitz,historical_mean,0.3999999999999985,0.014163013487369583,0.0,1.1884906810626834e-15,0.25142863560647716,0.10784369875267924,0.08905493456386838,0.01825665014419246,0.0,0.11925306744541334
2016-12-30,mean_cvar,historical_mean,0.2702219803185207,0.05794091873658197,3.35241782878246e-17,3.8785594842040245e-17,0.10182733391091063,0.2840595821794574,0.21229623150020127,2.8917343702445536e-17,1.81995608817272e-18,0.07365395335432784
2016-12-30,markowitz,capm,0.3653346574047208,0.3102958122260343,0.18221932045270484,0.047092682172950276,0.0,1.564131040399791e-17,0.0,0.0,1.8589397362429087e-17,0.09505752774358982
2016-12-30,mean_cvar,capm,0.1905545357471379,0.13370663031089303,0.08290584131083785,0.0,6.680256373543575e-21,0.31722859631110206,0.2174053824389763,0.0,0.015671484069265912,0.04252752981178708
2016-12-30,markowitz,ff3f,0.39999999999999997,0.02613153627346395,0.27641966492444464,0.11698740707183371,1.2787385882214578e-17,6.89948478656214e-17,5.638336853685422e-17,5.414165427891234e-17,0.0,0.1804613917302576
2016-12-30,mean_cvar,ff3f,0.2402092773375183,0.06066245705958402,0.09475899812019391,0.0,8.084586595081153e-19,0.2896999012329474,0.23173186026490336,0.0,0.003854079613459205,0.07908342637139386
2017-01-31,risk_parity,none,0.10206487975901818,0.08799813990195335,0.08503342695009553,0.06300973245356005,0.10908628994150038,0.16651776735170581,0.1480260261898532,0.05814982856487309,0.08458930423820785,0.09552460464923258
2017-01-31,markowitz,historical_mean,0.3350140717619007,0.02057362105647916,8.584467162185518e-17,1.153800752179022e-15,0.20940596635804637,0.16131941532891655,0.05095496696398905,0.07366214373546089,2.000505474166261e-16,0.14906981479520584
2017-01-31,mean_cvar,historical_mean,0.24331928488875612,0.06761665226879529,9.346973222446889e-20,1.2062532105218969e-17,0.09692319161239032,0.2979370156976336,0.20924738297073947,7.607193203016923e-17,0.0,0.08495647256168512
2017-01-31,markowitz,capm,0.3689050787841217,0.3154053596944861,0.17323456555029898,0.054760493303464816,0.0,2.2427738377399364e-17,0.0,0.0,0.0,0.08769450266762834
2017-01-31,mean_cvar,capm,0.19618787466332074,0.12346336346879587,0.07143956390122354,3.957516643923851e-18,7.98316142599101e-19,0.3160607688259549,0.225206347947792,3.075069515878163e-18,0.013910789176487734,0.05373129201642521
2017-01-31,markowitz,ff3f,0.4,0.047323234061659884,0.263357185773637,0.14718085329934427,0.0,3.159939947398246e-17,1.701947747568914e-17,2.256062892671148e-17,5.676647874856292e-17,0.14213872686535878
2017-01-31,mean_cvar,ff3f,0.2365056114745295,0.05966279999474418,0.10829736170593947,5.841636388808843e-19,6.121913352991354e-18,0.2777135710638807,0.24649567001557612,7.234302722908268e-18,0.006734114185383739,0.06459087155994635
2017-02-28,risk_parity,none,0.1020890292779472,0.08783721112355361,0.08395036729060922,0.06389482557170949,0.10788557471201451,0.16645932378734576,0.14815559254841687,0.05854731189079038,0.0828389399186492,0.09834182387896376
2017-02-28,markowitz,historical_mean,0.37013789947868336,0.017026592639367958,7.078285880872132e-16,3.9151599239635633e-16,0.15834831608363548,0.10814806313145287,0.022378775251837898,0.0,0.0,0.32396035341502133
2017-02-28,mean_cvar,historical_mean,0.2595210316963519,0.05200477639013726,5.215303306511906e-18,1.7857400436670905e-17,0.05090985122102059,0.2723427896408147,0.1901977453638388,5.181178162425921e-18,1.5244443296049216e-17,0.17502380568783685
2017-02-28,markowitz,capm,0.3672939230608234,0.31273820513146733,0.1737002953886257,0.053905826166576215,0.0,3.1374100366299277e-18,3.369666470767057e-17,0.0,0.0,0.09236175025250733
2017-02-28,mean_cvar,capm,0.19048278087914322,0.14626990101860937,0.09028372681595181,4.899045809186308e-18,2.1704517075680207e-18,0.27285283534982036,0.21920520611045574,1.2032613645538628e-17,0.010782988703303971,0.07012256112271553
2017-02-28,markowitz,ff3f,0.3999999999999999,0.025322611064942824,0.2862107056105166,0.11521248542599018,2.9510192070667585e-18,4.1878366900338964e-17,5.59644168230529e-17,0.0,0.0,0.17325419789855023
2017-02-28,mean_cvar,ff3f,0.26784772561341996,0.051513463123671756,0.11126126589958615,4.963384274522332e-18,4.582803547686565e-18,0.24151064632755254,0.23921892591847507,0.0,4.4949959569217566e-18,0.08864797311729448
2017-03-31,risk_parity,none,0.10168518197783165,0.08947945818206904,0.09021643588551195,0.06248167182811511,0.10280445529029551,0.16582260964430082,0.14660088106992916,0.058422832539305365,0.08657076223612843,0.09591571134651296
2017-03-31,markowitz,historical_mean,0.36813677115068744,0.0014539228477351645,0.0,0.0,0.15783138337676134,0.11183911254939011,0.031808287524453985,8.591751645531894e-17,2.9127133715470395e-16,0.32893052255097155
2017-03-31,mean_cvar,historical_mean,0.2647147666914898,0.02955088870586779,1.1864262298027257e-17,1.0317019201271923e-17,0.07468487761189958,0.2638082088075079,0.19001513582069174,2.7675290506266767e-19,1.9653007975658184e-18,0.17722612236254312
2017-03-31,markowitz,capm,0.36630351426688795,0.30687888225873877,0.16667437156797216,0.05511960062839202,0.0,0.0,1.3430554411664188e-17,5.671732614814796e-18,4.228388472693468e-18,0.10502363127800918
2017-03-31,mean_cvar,capm,0.1855070940664298,0.1405994323076011,0.10611782710532114,3.586528952425397e-18,6.054671164146886e-19,0.2864359881870221,0.21811369174750325,7.909610340871531e-19,0.008051297557377818,0.0551746690287448
2017-03-31,markowitz,ff3f,0.3999999999999999,0.0,0.2791455913350778,0.11086139822532746,0.0,0.0,3.4650702715349186e-18,0.0,9.401522516798286e-17,0.20999301043959465
2017-03-31,mean_cvar,ff3f,0.2704165647365204,0.01494497944490722,0.1520746210443789,0.014968034534802199,1.0075847079535665e-17,0.23575302103313484,0.21596208275873516,2.7513572024489275e-18,2.1710987410256015e-18,0.09588069644752124
2017-04-28,risk_parity,none,0.10159063428650215,0.08971666465374001,0.09075640202968836,0.062120411254280875,0.10233574497766028,0.16619597568345804,0.1467932902390481,0.058367928030131966,0.08684969886506273,0.09527324998042752
2017-04-28,markowitz,historical_mean,0.3773844336405003,0.011993245634465664,0.0,0.0,0.14025630659362506,0.1562025325900681,0.02010487886562777,1.5794115147682569e-16,2.612927235690063e-17,0.2940586026757129
2017-04-28,mean_cvar,historical_mean,0.25149987192837653,0.05893490654547036,1.229923119925778e-17,2.0375236257480017e-19,0.05540964671182428,0.31047227464086263,0.17112171497161568,2.226727125659874e-17,5.370108049257862e-18,0.1525615852018505
2017-04-28,markowitz,capm,0.3776565393869327,0.3143410026514179,0.15396203218018342,0.05520193910467192,0.0,0.0,0.0,6.7220534694101275e-18,7.224511939704343e-18,0.09883848667679414
2017-04-28,mean_cvar,capm,0.1844225295905671,0.1313232413624163,0.128530596874008,7.247194044540879e-19,0.0,0.3059345256454545,0.18991631855885988,2.0176653037780085e-17,0.0,0.059872787968694136
2017-04-28,markowitz,ff3f,0.4000000000000001,0.02601252739126759,0.25467883540946146,0.061853985707718724,4.46193137157105e-18,0.0,4.796907405126514e-18,5.251520701371267e-19,6.341916993511115e-17,0.25745465149155217
2017-04-28,mean_cvar,ff3f,0.20986783429976208,0.048507448001157125,0.15795792387244692,8.479274251195774e-18,2.8016837644837847e-19,0.2721535819590681,0.19794117250094254,1.2352632244325508e-18,0.0,0.11357203936662337
2017-05-31,risk_parity,none,0.1019492596871818,0.08851166614129809,0.09025273537795594,0.06257456118139251,0.10230257764883928,0.16606208531455854,0.14678392089446668,0.05875195850518249,0.08663989027974993,0.0961713449693748
2017-05-31,markowitz,historical_mean,0.3382260623713392,0.07561165252244086,5.69036733965439e-18,7.486077187833506e-18,0.1432525535374946,0.1843979805895442,0.0003931300573073705,1.7724757344359313e-16,1.9488703457016393e-16,0.25811862092187327
2017-05-31,mean_cvar,historical_mean,0.2508658666073064,0.0663552356271265,2.3089637771396788e-17,1.3404227453654502e-18,0.03935618381731856,0.32962080215065487,0.1974690704139728,1.4023764349463406e-17,1.0136821625984916e-22,0.11633284138362089
2017-05-31,markowitz,capm,0.38228619978239875,0.3149358224534404,0.15194327092841092,0.05526489546548091,0.0,0.0,9.798477133837746e-18,0.0,2.722702705654223e-17,0.09556981137026906
2017-05-31,mean_cvar,capm,0.2045940621398212,0.13259316248034347,0.1067654361614884,6.551654535752784e-19,1.2880338534452959e-17,0.2722501863693794,0.21287592825827806,2.212190745891074e-17,0.01363760792827123,0.05728361666241826
2017-05-31,markowitz,ff3f,0.4,0.10215349762420783,0.21868071223417562,0.05332942914188592,0.0,0.0,0.0,0.0,2.936548588218336e-17,0.22583636099973056
2017-05-31,mean_cvar,ff3f,0.22002549457831283,0.06567217608610526,0.1545627880223155,3.165136464904679e-18,2.7570562056059485e-18,0.27612212252488827,0.1921128509180284,2.2512515592393425e-17,0.00323817150349711,0.0882663963668524
2017-06-30,risk_parity,none,0.10219357733177123,0.08938483514153059,0.08892197944329241,0.06309335260357878,0.10340070654221509,0.16674032414461845,0.14708052888095546,0.05896356288007257,0.08494967588231812,0.09527145714964733
2017-06-30,markowitz,historical_mean,0.3470766108308593,0.046784996874004045,0.0,2.5669926389604645e-16,0.13311908516766657,0.15063320141083297,0.017417948571180775,1.9027218731528564e-16,3.4469370513803305e-17,0.304968157145456
2017-06-30,mean_cvar,historical_mean,0.23654287967853982,0.05265331481639963,1.484373549300217e-21,1.5029566820314232e-17,0.06467171966556295,0.29501820937595313,0.19182383323047814,5.438582709332903e-20,1.389702878860819e-18,0.15929004323306636
2017-06-30,markowitz,capm,0.38014441996022486,0.3161304346533394,0.15282018591596794,0.05471043926838324,0.0,5.457925052624391e-17,0.0,0.0,0.0,0.0961945202020847
2017-06-30,mean_cvar,capm,0.18711087838784654,0.13601903009495464,0.1074469425726705,4.3086280786508206e-20,7.192555519733444e-21,0.27907071755710283,0.22202687964431195,5.4659299393807475e-18,0.0010016219321228093,0.06732392981099075
2017-06-30,markowitz,ff3f,0.38976841577676574,0.06615446917136338,0.23730530488890222,0.04715653863666679,2.3330675499172442e-17,0.0,3.2390539903004437e-18,0.00809803246381209,5.082197683525801e-18,0.25151723906248963
2017-06-30,mean_cvar,ff3f,0.20478349381722968,0.06445791727227722,0.14417412289784556,1.3333172734300393e-18,1.0954486992180497e-18,0.2795296224579635,0.20005492477130674,2.9779650251002945e-18,3.909507283298901e-18,0.10699991878337735
2017-07-31,risk_parity,none,0.10256300278802816,0.09255917925643391,0.08853526278351523,0.0623377750795815,0.1013151005510345,0.16645567831179187,0.1462897192861354,0.058948629769009976,0.0881737214755377,0.09282193069893178
2017-07-31,markowitz,historical_mean,0.37041851068210696,0.0387573172436103,0.0,0.0,0.1769081861629968,0.10284081489275389,0.04024539342822995,1.2593685859776933e-16,1.9366561306022314e-17,0.2708297775903019
2017-07-31,mean_cvar,historical_mean,0.23226964429546784,0.07476041536356783,2.3412522410542236e-18,0.0,0.0615100194377244,0.2884900368353232,0.2080127900138491,2.1587267314387505e-17,1.4129968778167635e-17,0.13495709405406756
2017-07-31,markowitz,capm,0.38336953095435006,0.31633463021961444,0.1519162820983101,0.054057093421708086,3.049318610115482e-18,9.127627039612342e-18,0.0,6.356135236196271e-18,0.0,0.0943224633060174
2017-07-31,mean_cvar,capm,0.17960474207274793,0.12237096367945849,0.10756137853627007,5.252312394109749e-18,1.2742073978058358e-17,0.2735608175956771,0.22665679617065296,8.290644346555086e-21,2.1693954178385764e-18,0.09024530194519355
2017-07-31,markowitz,ff3f,0.4000000000000001,0.06577366125278443,0.23406942484453983,0.05014121006152913,1.2944437021609915e-17,0.0,3.697154078460196e-18,0.0,1.6266442142384422e-17,0.25001570384114663
2017-07-31,mean_cvar,ff3f,0.21670051950778207,0.06076059401248466,0.12621393358509644,4.368020494892228e-18,8.18421429193203e-18,0.26357497403119307,0.2058084385915755,4.361387714456577e-18,6.755865616163238e-19,0.12694154027186833
2017-08-31,risk_parity,none,0.10035430106130816,0.09915087615920373,0.08653963718178707,0.05972305703267608,0.09808619272716607,0.16680665918898893,0.14545343943161848,0.056704627473664344,0.09049657609814321,0.09668463364544393
2017-08-31,markowitz,historical_mean,0.24771627355930412,0.1335538160672351,2.88607842052063e-16,0.0,0.10180749730017939,0.13718397630569398,0.04214582866587609,0.0,1.5246593050577394e-16,0.337592608101711
2017-08-31,mean_cvar,historical_mean,0.19912206694464926,0.11270844089291074,1.2121097905170013e-17,3.49608304786584e-18,0.027703667436896628,0.291003946068001,0.19456867569163966,1.4607067049229542e-17,5.983082996442634e-18,0.1748932029659026
2017-08-31,markowitz,capm,0.38347703888224727,0.32090020441656925,0.1523127595245028,0.051429573942057945,7.182839392716465e-19,0.0,2.0125502826762173e-17,0.0,0.0,0.09188042323462264
2017-08-31,mean_cvar,capm,0.2102636004383443,0.15372693751808697,0.09840371982215668,1.2547863766127923e-17,1.0906062055363301e-17,0.2591845185238763,0.17503722878701705,2.8155248651374315e-18,0.015922732901005678,0.08746126200951315
2017-08-31,markowitz,ff3f,0.3737946266920046,0.1613002411916006,0.21309417899759128,0.04137139376690108,0.0,3.9051607000212257e-17,0.0,0.0,0.0,0.21043955935190237
2017-08-31,mean_cvar,ff3f,0.22605414888161332,0.11440740602482113,0.1072749804124045,1.625071765203896e-18,1.8840815274793467e-19,0.25488000643214154,0.1632265534523951,2.7730779937826986e-18,0.013561874339493504,0.12059503045713092
2017-09-29,risk_parity,none,0.10151457734288263,0.10227774697622848,0.08159697157096275,0.0601004755952534,0.10268749313865534,0.16468564179976342,0.14408585169823449,0.05515441739864721,0.08712690591758394,0.10076991856178842
2017-09-29,markowitz,historical_mean,0.3160221149140746,0.09186591305152571,0.0,8.190732366983824e-16,0.13420528661301942,0.1517285135461317,0.035675364969894624,0.0,9.540047381630451e-17,0.2705028069053529
2017-09-29,mean_cvar,historical_mean,0.20025790038624167,0.0985903773637839,5.017633349454584e-18,2.265632031134599e-17,0.04064792350570632,0.3057430700624696,0.1901457287308398,0.0,1.0574078818710864e-18,0.16461499995095877
2017-09-29,markowitz,capm,0.38524438857196347,0.3198618353155586,0.1677391474059792,0.05000071073048227,3.8421414487455063e-17,0.0,0.0,1.328147661294743e-17,3.1374100366299285e-18,0.07715391797601655
2017-09-29,mean_cvar,capm,0.17206857819291463,0.1403092950184046,0.10071462930986118,7.67350561459614e-18,1.2197010257354047e-18,0.2710658166801212,0.20452179828065248,7.557364046865007e-19,2.6538787578606753e-19,0.1113198825180459
2017-09-29,markowitz,ff3f,0.37620680375038246,0.09714332621290003,0.2492512823556715,0.04276893911028824,0.0,1.2708958819096805e-17,0.0,0.0008659034280705624,2.4839241178232357e-17,0.23376374514268713
2017-09-29,mean_cvar,ff3f,0.17646908737466802,0.09448379305337481,0.12594828215106246,5.168499869448755e-18,1.148148817209167e-20,0.27168385971293296,0.19174523295301965,9.019261122771498e-19,8.533432386092812e-18,0.1396697447549422
2017-10-31,risk_parity,none,0.0967601232814468,0.11496283756383509,0.08301061940331164,0.06068518184493444,0.0991879090041044,0.1619731627895225,0.14124949742843523,0.057454020851204164,0.09515919882160497,0.0895574490116008
2017-10-31,markowitz,historical_mean,0.212344049655232,0.23566974966596266,0.0,0.0,0.13368813076602057,0.15036129167210893,0.0768144669452774,0.0,0.0231313807494667,0.16799093054593178
2017-10-31,mean_cvar,historical_mean,0.1663413227274309,0.18031784172057067,4.251093935315908e-18,8.662545691405002e-18,0.035119709271657834,0.29103124290067867,0.1292361878574365,1.9502380594678284e-17,0.05307293077901756,0.14488076474320796
2017-10-31,markowitz,capm,0.3670861811030568,0.31992775171698096,0.16598619369641626,0.05950503724199693,0.0,0.0,0.0,5.241439877609609e-18,5.22426062057768e-18,0.087494836241549
2017-10-31,mean_cvar,capm,0.19729919628552314,0.18184751936846993,0.09661882054248011,3.8239229820719176e-19,2.177055154869086e-18,0.2583888684322762,0.13495506942327307,2.3808364017358017e-18,0.03625874587723821,0.09463178007073943
2017-10-31,markowitz,ff3f,0.327002562984488,0.31504042157355444,0.17882475703834733,0.0584654921086854,0.0,3.484354731825289e-17,0.0,0.009555889417146204,4.8152128985512453e-17,0.11111087687777858
2017-10-31,mean_cvar,ff3f,0.16206865243148233,0.18865942510451844,0.10905174067121369,4.667482104580997e-19,3.1284577056071593e-18,0.26142672065386635,0.12971454069041585,2.748191292734622e-18,0.039784979213721844,0.1092939412347816
2017-11-30,risk_parity,none,0.09536954546236047,0.11851448077807272,0.08015026830058643,0.06354368001666817,0.10250705978867228,0.16031787601263028,0.13960348482948984,0.056128284821822895,0.09268373136646857,0.0911815886232285
2017-11-30,markowitz,historical_mean,0.33771142906137674,0.17556426030979827,4.672741956823073e-16,6.943637288411852e-17,0.12762504650029113,0.13452221235209297,0.09661191364660379,0.0,0.040953547783718465,0.08701159034611816
2017-11-30,mean_cvar,historical_mean,0.23482981585096285,0.15070253212248672,1.7691141473225966e-17,1.4028943749787564e-17,0.05053312749877698,0.2700057763642526,0.17244247383652983,1.2540137654417226e-17,0.05268361191045076,0.0688026624165401
2017-11-30,markowitz,capm,0.3659182784556359,0.3187593000820749,0.16035170504301618,0.06411467091264393,2.202285662861181e-20,0.0,5.238051745820593e-18,0.0,1.5438022496656878e-17,0.09085604550662915
2017-11-30,mean_cvar,capm,0.2156148525152035,0.17951176334363997,0.08263404628893692,3.2121364005683707e-18,9.874015692095936e-19,0.23466823578793208,0.15851225383229697,1.9182983272198635e-18,0.03456340238950523,0.09449544584248547
2017-11-30,markowitz,ff3f,0.3907982129916444,0.2100422441809395,0.18279945339794623,0.06918999619441198,4.6105697384946076e-17,0.0,0.0,0.0,0.0,0.14717009323505795
2017-11-30,mean_cvar,ff3f,0.2231929705597394,0.15517546466403329,0.08679558303832524,7.404535252989362e-18,1.2835851152431178e-18,0.24701697334635908,0.14861240470733758,6.920474560745349e-18,0.030782183201345185,0.10842442048286027
2017-12-29,risk_parity,none,0.0956438249663997,0.11638258804979325,0.08020023997997976,0.06343826489173789,0.10433129307212045,0.161494737088508,0.1408972860994973,0.05564193089385213,0.09097171512827419,0.09099811982983735
2017-12-29,markowitz,historical_mean,0.32788958176566185,0.21360339390546149,1.6112779196832863e-16,1.4290830185252737e-16,0.11674406388869715,0.097761004258313,0.06857426050289223,0.0,0.07091620637647764,0.10451148930249637
2017-12-29,mean_cvar,historical_mean,0.22404321956501488,0.16671966700173194,6.3841192562903746e-18,2.7162506556577394e-18,0.0504701824955433,0.2634044491191368,0.15361637614190934,2.8846796725122155e-18,0.05907598972755552,0.08267011594910828
2017-12-29,markowitz,capm,0.3628923613080408,0.32672410740563773,0.16200472230975918,0.06818016110180931,5.462007257074629e-17,0.0,2.4401325144501878e-17,2.039655336988355e-18,0.0,0.08019864787475287
2017-12-29,mean_cvar,capm,0.19720072022481608,0.20888573417416925,0.07103331764725196,5.304395617694312e-18,3.0559569085225523e-18,0.24627330633948114,0.16249526979568155,8.664025765230935e-18,0.02781164728834028,0.08630000453025972
2017-12-29,markowitz,ff3f,0.3979712226451387,0.2535587831313192,0.1676817563421847,0.0720717029708444,0.0,0.0,1.4768866468325984e-17,0.0,4.464541258387967e-17,0.10871653491051318
2017-12-29,mean_cvar,ff3f,0.21932718207069637,0.16802361682768122,0.08301024155149563,4.380647752676032e-20,2.37536862872615e-21,0.23544615941850883,0.17409225276510215,2.0307063137016863e-18,0.02816560289251255,0.09193494447400316
2018-01-31,risk_parity,none,0.0958708600610936,0.11680183711838592,0.08066910899587923,0.06322125900083862,0.10354091655441773,0.1618476949311081,0.1409182712324148,0.05560509345620123,0.0908445746355823,0.09068038401407853
2018-01-31,markowitz,historical_mean,0.38467671121812413,0.13393026195210114,1.223945668123519e-16,0.0,0.050599323458687326,0.07279053496160656,0.12189027676610593,5.266046184727348e-16,0.07781087264084442,0.15830201900252994
2018-01-31,mean_cvar,historical_mean,0.2359219493654392,0.1359740691965683,0.006509555563479687,9.739963719258028e-18,0.01900109410392896,0.2665478544659869,0.16810108717959962,3.9640836115624483e-17,0.06477714986832342,0.10316724025667391
2018-01-31,markowitz,capm,0.36842067347077107,0.33277361140738626,0.15960135401435502,0.06823365283284974,0.0,0.0,0.0,2.882961339274736e-17,8.0956020966777e-17,0.0709707082746379
2018-01-31,mean_cvar,capm,0.21499999873385717,0.18171062121503428,0.08114834989857897,3.769506796204614e-18,8.460276503750614e-19,0.23489079876990587,0.164696929540054,4.604841860780975e-18,0.02657252945329915,0.09598077238927057
2018-01-31,markowitz,ff3f,0.40000000000000013,0.16024542338525968,0.193632662629072,0.07995666180777758,7.786745819486724e-18,6.1698649250684915e-18,3.988407632703212e-17,0.0,5.7338092229145e-17,0.16616525217789063
2018-01-31,mean_cvar,ff3f,0.23555126869585533,0.13277034386493802,0.09770059408145128,1.7276189410044584e-18,9.951428914435672e-19,0.23757844800615788,0.1476114849543769,5.066139322504211e-19,0.024287745825145916,0.12450011457207469
2018-02-28,risk_parity,none,0.09687625687273335,0.11416290007310818,0.09113580190766003,0.0528832404678183,0.11931539174695356,0.14006529437563053,0.13228595351043568,0.055257526635493645,0.10422470093712892,0.09379293347303788
2018-02-28,markowitz,historical_mean,0.39999999999999986,0.19930933630588857,6.927393782117998e-17,0.024000433473752546,1.1098386655515266e-16,0.0,0.005971802395882088,0.0,0.07887982671353796,0.29183860111093873
2018-02-28,mean_cvar,historical_mean,0.30316909929895924,0.1395601481434631,1.0555269320079083e-18,6.581829280033866e-20,2.2508503979760637e-18,0.22212709123314142,0.14502963711418387,1.0460600764980137e-18,0.06744491810104197,0.1226691061092105
2018-02-28,markowitz,capm,0.3622377120654828,0.3099420746462576,0.18089789193308528,0.07872777163633844,0.0,0.0,2.2433667608030144e-17,8.745615180400651e-18,9.863698670776327e-18,0.06819454971883585
2018-02-28,mean_cvar,capm,0.2241961346631995,0.22249884334245495,0.10635859177416886,6.2618961523984546e-18,0.008575277937246478,0.18428848332471215,0.13055765327733648,2.2152323791053968e-17,0.027515801659821423,0.09600921402106023
2018-02-28,markowitz,ff3f,0.3999999999999999,0.17080296331566266,0.2034886076340396,0.09910837523066973,1.1336522197347525e-17,9.035599427281433e-17,0.0,0.0,0.0,0.126600053819628
2018-02-28,mean_cvar,ff3f,0.2755112576679509,0.15910495746628783,0.0991100246194789,5.865708805517779e-18,9.181969340136015e-21,0.19087939544822619,0.126608033856772,1.8403070670392406e-17,0.036972103390920164,0.11181422755036402
2018-03-30,risk_parity,none,0.08799332292125106,0.1113529580841232,0.07872047041178025,0.055066799078841426,0.11800521838275203,0.17297692334260417,0.14965612301942505,0.06146100098778991,0.09223801205139343,0.07252917172003957
2018-03-30,markowitz,historical_mean,0.3999999999999999,0.2547408495706142,0.0,1.1221190906634661e-16,0.0,0.03465981357689099,0.062373279019804766,1.6844460450170966e-16,0.15468624625992652,0.09353981157276342
2018-03-30,mean_cvar,historical_mean,0.28640900150667653,0.12152924815956224,5.630995095279649e-19,1.512178685099693e-17,1.3075350335523495e-19,0.334756859374782,0.18308999355204505,4.724301401093521e-17,0.07421489740693404,1.1050641101288832e-19
2018-03-30,markowitz,capm,0.3794647099735704,0.3078709646281611,0.16999888312398456,0.08389067052483883,0.0,0.0,4.835202876106447e-17,0.01867308533869677,1.0266039320722118e-18,0.04010168641074824
2018-03-30,mean_cvar,capm,0.17070097754813604,0.19732339967232626,0.08138122989788045,2.9939299659889908e-18,0.002728614421667912,0.2981950922020815,0.18811783783843974,1.892104582750567e-18,0.03964960533402607,0.021903243085442104
2018-03-30,markowitz,ff3f,0.4,0.14968490647633648,0.2075089687955083,0.10522024785311458,0.0,2.1607648232526875e-17,0.0,0.0,3.846912233152625e-17,0.13758587687504062
2018-03-30,mean_cvar,ff3f,0.20246099470050322,0.15481549737321834,0.08123301033863685,1.4768499952020828e-18,1.957601919179597e-18,0.3008251543139381,0.18477244940716023,1.1548843324635499e-17,0.040561191729003486,0.035331702137539854
2018-04-30,risk_parity,none,0.08936011213905128,0.11020022809718392,0.07906039655049,0.05544103240434532,0.11643268141672068,0.17276490393149402,0.14949394443084815,0.060970659369707386,0.09331716212136071,0.07295887953879836
2018-04-30,markowitz,historical_mean,0.39999999999999986,0.2539594744988978,0.0,0.029009854378047234,2.618857407908552e-19,1.9632209397035943e-17,0.0,0.0,0.197624548912628,0.11940612221042708
2018-04-30,mean_cvar,historical_mean,0.25172520191910286,0.14416032817152225,0.0,2.2984941768534158e-17,7.319005775068096e-19,0.31502518019223213,0.19740055040294632,2.3746146935953126e-17,0.09168873931419637,4.090713252843631e-18
2018-04-30,markowitz,capm,0.4000000000000001,0.31068050244751544,0.1720138202043247,0.07878820755708804,0.0,3.302548370630688e-17,1.3126463487591913e-17,0.0,1.086698251940569e-18,0.038517469791071804
2018-04-30,mean_cvar,capm,0.1937259924649421,0.1986347642154476,0.07901275645156022,2.2158291472926173e-19,0.004363168379151659,0.29579624058607196,0.18323579731905076,0.0,0.04523128058377559,8.31487071469529e-19
2018-04-30,markowitz,ff3f,0.39999999999999986,0.18948881438988813,0.20791333588449515,0.09261919614190478,6.50160591493245e-17,0.0,0.0,0.0,0.0,0.1099786535837118
2018-04-30,mean_cvar,ff3f,0.21073352062313183,0.16691613544033168,0.08598219986338357,6.5806680191558356e-18,9.390437854683488e-20,0.2880122950252345,0.19540977346036828,6.368060589395519e-18,0.0478886718842762,0.005057403703274059
2018-05-31,risk_parity,none,0.0896478158445101,0.11370860227020596,0.07862477340731154,0.05250767478410947,0.117503233029142,0.17183475637943657,0.14864604860535555,0.06299774141079979,0.09292947484798665,0.07159987942114236
2018-05-31,markowitz,historical_mean,0.3999999999999998,0.3579040795743026,0.0,0.0,0.022121129594375576,0.0,1.3755729714931765e-17,8.282074687277445e-17,0.21997479083132185,0.0
2018-05-31,mean_cvar,historical_mean,0.2746539110452472,0.13683490643644988,3.3269079332634775e-18,0.0,0.031541319273277434,0.311205150114205,0.17358381231809647,2.6364304428013622e-17,0.07218090081272403,1.2014746075449612e-18
2018-05-31,markowitz,capm,0.40000000000000013,0.3058758621036406,0.1690985438575142,0.08308636383439985,0.0,0.0,4.8749878549200184e-17,0.0,3.8566517122788965e-17,0.041939230204445205
2018-05-31,mean_cvar,capm,0.2158924470208328,0.16109939276482174,0.07716882760059131,4.973148964332041e-18,0.004093894791819922,0.2936065241701758,0.20202926242501554,6.8935253918942914e-18,0.03904640504882919,0.007063246177913806
2018-05-31,markowitz,ff3f,0.4,0.27028508396853224,0.1776485267448766,0.08404662302154595,7.983566506787408e-18,0.0,1.887578913622261e-18,0.0,4.496637092705555e-17,0.06801976626504531
2018-05-31,mean_cvar,ff3f,0.21844516967921468,0.15488920077782087,0.0766667415435071,1.5834584989327979e-19,4.187595354325613e-18,0.2943541671745871,0.20669297979516418,2.1114837363660736e-18,0.0385644471455973,0.010387293884108828
2018-06-29,risk_parity,none,0.08845094254976027,0.10978783221071381,0.07959653580955031,0.05453690307342617,0.11727182247744435,0.17267495609740752,0.14921156520371842,0.06299935552548203,0.09331524334616023,0.0721548437063369
2018-06-29,markowitz,historical_mean,0.3999999999999996,0.32951860627174256,0.0,0.0,0.146937992818703,5.833545351422315e-17,0.0,0.0,0.12354340090955479,0.0
2018-06-29,mean_cvar,historical_mean,0.2631293933783437,0.13495731681462667,1.2482071321732314e-17,7.560749295315859e-19,0.04944183950703857,0.30967822256929933,0.18234647851415248,8.444111099066898e-21,0.06044674921653916,1.0402797441749992e-17
2018-06-29,markowitz,capm,0.4,0.3121501340216414,0.1603452841363531,0.08377383919356751,0.0,0.0,0.0,2.6068559400789294e-18,2.1592967315838627e-17,0.04373074264843802
2018-06-29,mean_cvar,capm,0.20152451752301712,0.15357659727204606,0.08680166671721705,2.864820824987614e-20,1.951512823561045e-20,0.296485845718259,0.1865130664792023,1.613074390939474e-17,0.03367917066102048,0.0414191356292381
2018-06-29,markowitz,ff3f,0.3984744847573663,0.33349435054904986,0.15212740408209238,0.0832946192937965,1.64786372943957e-17,8.955290656883007e-18,0.0,0.013397030390781724,9.47660461388111e-18,0.019212110926913127
2018-06-29,mean_cvar,ff3f,0.18874879558825802,0.16598840940486354,0.09054883694956409,3.450209592357339e-19,0.002101344144748525,0.29719162707464564,0.18016193843837552,4.710149635871877e-18,0.03817272203131604,0.03708632636822846
2018-07-31,risk_parity,none,0.0965275381916223,0.10825060444518717,0.08934589889844645,0.05498169741804948,0.12707656412946167,0.14568213550029424,0.1368318506808604,0.05538805346916127,0.10920012550302953,0.07671553176388754
2018-07-31,markowitz,historical_mean,0.39999999999999986,0.2661856386653688,1.8924024882341615e-16,0.0,0.29947117779809257,0.0,0.0065559496882724375,0.0,0.02778723384826612,5.248048235521407e-17
2018-07-31,mean_cvar,historical_mean,0.28068126902237217,0.13072968893989115,1.8908193003220926e-17,3.0392561981959395e-18,0.12977031451345636,0.26564299706621125,0.16536156275317526,8.235889085333137e-18,0.027814167704893793,4.9281888133065416e-18
2018-07-31,markowitz,capm,0.4,0.3204132322777613,0.15359981193282013,0.08491116919901463,0.0,1.5806244871060786e-17,2.6074252238170665e-17,0.0,1.2622586852546685e-17,0.04107578659040385
2018-07-31,mean_cvar,capm,0.21556761930195728,0.1517558659457505,0.10617833026166187,1.3208431541878586e-19,1.2576155595200677e-17,0.2712448829075025,0.1746100640058243,6.360702567645405e-20,0.04514353154335594,0.03549970603394766
2018-07-31,markowitz,ff3f,0.4,0.27514034495405704,0.16940998594970325,0.08761636656856886,0.0,1.0011888702093944e-16,0.0,0.0025977956245600065,0.0,0.06523550690311072
2018-07-31,mean_cvar,ff3f,0.21787006429253158,0.14192666448206026,0.11433185740495667,3.5511360189811725e-18,0.00953949411763165,0.26796356913449837,0.16165760882001223,6.32255067061679e-18,0.041818517206339445,0.04489222454196988
2018-08-31,risk_parity,none,0.09602297762668216,0.10836930687853226,0.08901485383072671,0.05342573749564265,0.13015685653599945,0.1473486174190555,0.13821043215721968,0.05484636783866218,0.1064802909433341,0.07612455927414519
2018-08-31,markowitz,historical_mean,0.3999999999999999,0.29641758425930587,0.0,0.0,0.07417365558888982,0.0,0.06765188649222661,1.274182649800951e-16,0.16175687365957778,1.7418846580432583e-17
2018-08-31,mean_cvar,historical_mean,0.2960083613129645,0.12070422427355017,7.574218327894575e-20,1.2461217097278958e-17,0.062426826833225,0.24223151648185615,0.21766397799861817,2.7129252941168183e-17,0.060965093099785934,9.500875502426757e-19
2018-08-31,markowitz,capm,0.4,0.3252142403464963,0.13595304378518447,0.1060696296064101,0.0,0.0,2.116559612161849e-17,0.0,5.915999227407145e-17,0.032763086261909
2018-08-31,mean_cvar,capm,0.2254409957960387,0.17753534492222342,0.10068616893454797,4.2194798631325886e-18,0.005965702079129514,0.26267927387771034,0.190087526675169,5.057930707109975e-18,0.024210960606903347,0.013394027108277702
2018-08-31,markowitz,ff3f,0.39999999999999986,0.35828995661461466,0.12793912985208866,0.09659716143545831,1.7681741620866526e-17,5.828238142230356e-17,1.157721799729561e-17,0.0,0.0,0.01717375209783835
2018-08-31,mean_cvar,ff3f,0.22055947002715623,0.18943915812813628,0.09503349528988833,2.76012713657156e-18,3.2974322379709414e-19,0.25929948551775,0.19714725063202382,2.7346150665263824e-18,0.02199746697358413,0.016523673431461
2018-09-28,risk_parity,none,0.10195218098287144,0.11421988585212006,0.09671065277241114,0.05479637945681865,0.12529757169431197,0.1451387275851216,0.13412356004923404,0.05749139922574121,0.08758984874622697,0.08267979363514294
2018-09-28,markowitz,historical_mean,0.3999999999999999,0.2718760743349296,1.4105956055391108e-16,0.009349117531117525,0.17247814294744454,0.0452575393817062,0.03215037655344578,8.363267664378408e-17,0.0028960018468490744,0.0659927474045071
2018-09-28,mean_cvar,historical_mean,0.37541147183123014,0.17144145615086548,6.054443910199831e-19,2.274164279625455e-18,0.12402300196324519,0.20337220101280767,0.12257501878898558,4.805835806570621e-19,0.0031768502528659284,1.5575584303095768e-18
2018-09-28,markowitz,capm,0.3999999999999999,0.3309960777374204,0.12832050604043815,0.08304295262767965,0.0,3.398149308104675e-17,0.0,0.0,3.6598368009907995e-17,0.057640463594461726
2018-09-28,mean_cvar,capm,0.24661048353498044,0.28369495399475336,0.15028205427498567,0.0027957636164829994,3.0378230533512406e-22,0.10722565876942551,0.09582978869007369,2.6176584201090958e-18,0.03221306533082476,0.08134823178847357
2018-09-28,markowitz,ff3f,0.4,0.2891349985057221,0.13253129222467128,0.09077820932353571,4.986794230804429e-17,0.0,0.0,0.013966443564602776,0.0,0.07358905638146804
2018-09-28,mean_cvar,ff3f,0.2543322050800134,0.2577499840650702,0.1354155458088908,0.01568195645555632,0.01218167780287979,0.13482904975493942,0.0867555991477188,1.4957531735769141e-19,0.022384660925096694,0.08066932095983458
2018-10-31,risk_parity,none,0.10438526807009457,0.11612042337885405,0.10123403416144668,0.0565695758928107,0.1191877451848033,0.1424802931910752,0.13143806443812522,0.056109229531918214,0.08856729555821738,0.08390807059265475
2018-10-31,markowitz,historical_mean,0.4,0.34763386462112106,1.1581331131739645e-16,0.02882038282334349,0.029239683170320278,3.90621830843328e-17,0.0,4.128093307057773e-17,0.08542696143009922,0.10887910795511573
2018-10-31,mean_cvar,historical_mean,0.40000000000000013,0.18012621413138602,0.02653134061352395,4.7659345086981725e-18,0.06826726348710631,0.13583622088332423,0.096662690016015,5.2209656359218105e-21,0.03369633630862298,0.05887993456002137
2018-10-31,markowitz,capm,0.4000000000000001,0.33555367653929685,0.1217056406492782,0.08769361619202429,2.87752685219314e-17,0.0,0.0,0.0,3.6937390543066013e-17,0.055047066619400634
2018-10-31,mean_cvar,capm,0.35739041568681273,0.2545285641690157,0.17254698233634502,0.060032311420218906,9.745765941849482e-19,0.024859209848813308,0.039552502344032396,1.8713003745103256e-18,1.2636556834781327e-18,0.09109001419476188
2018-10-31,markowitz,ff3f,0.39999999999999986,0.28806072448022296,0.12099524662231109,0.09091426533518197,0.0,0.0,0.0,0.045260853197032096,2.5649849936952995e-18,0.05476891036525195
2018-10-31,mean_cvar,ff3f,0.3385026847993574,0.23421421793442423,0.16495236200242058,0.052517630968102455,0.014670043658793448,0.06404745775881748,0.02733861403424771,0.0,0.0,0.10375698884383668
2018-11-30,risk_parity,none,0.10379265928433853,0.09733018098981688,0.09643840797209166,0.05398219931080475,0.10995462650580479,0.14077917060165857,0.1283626283576621,0.06079470879338294,0.10296092499568517,0.1056044931887546
2018-11-30,markowitz,historical_mean,0.39999999999999986,0.24308330492471694,0.0,1.0904874161075508e-17,2.0488278819110628e-16,0.0,0.0,4.917663787914464e-17,0.07847972750158463,0.2784369675736982
2018-11-30,mean_cvar,historical_mean,0.35227738701089434,0.07503934996686194,2.2819366675408683e-18,0.0,5.0450500908487586e-18,0.24081200224579608,0.11547375603726782,0.0,0.08159171216720865,0.13480579257197117
2018-11-30,markowitz,capm,0.39576618472674424,0.3818068905844569,0.10595222363726527,0.11647470105153347,6.142090010425108e-17,2.5001447987631556e-17,0.0,0.0,0.0,2.26217089223206e-17
2018-11-30,mean_cvar,capm,0.2502971732775303,0.13279644771101767,0.11822775008679684,4.801355564314311e-19,7.511178849830678e-19,0.2187401053285257,0.16278455134166372,4.0952250441717783e-19,0.03477990034986638,0.0823740719045994
2018-11-30,markowitz,ff3f,0.4,0.23228309082640533,0.14685397387127727,0.15371458316070863,3.676009595080939e-17,0.0,0.0,0.0,4.100706897046638e-18,0.06714835214160882
2018-11-30,mean_cvar,ff3f,0.27322564045873815,0.09459067150188269,0.1252289557290894,5.521564800392921e-21,2.649233042355965e-19,0.21081417882125428,0.1560688010918744,1.0908338990598696e-18,0.03907348513185977,0.10099826726530145
2018-12-31,risk_parity,none,0.10334198574570663,0.09469570531770082,0.09733802738359815,0.054817234154319265,0.108200613448725,0.13887381508557875,0.12756738467129813,0.060101682611259435,0.11014690190831714,0.1049166496734967
2018-12-31,markowitz,historical_mean,0.39999999999999997,0.1771153580518204,9.231173160194285e-17,5.449441734496543e-17,5.435231205524239e-17,0.0,0.0,2.4103729143172793e-17,0.16758161403461405,0.25530302791356535
2018-12-31,mean_cvar,historical_mean,0.35906747419440393,0.0791728716928807,1.036226434287254e-17,7.052319624765769e-18,6.900951150075244e-19,0.21910345894773578,0.05221273792564602,3.401279453358736e-18,0.12689579660722625,0.1635476606321075
2018-12-31,markowitz,capm,0.39303416780161887,0.38796983319429945,0.10638971862938205,0.11260628037469975,1.249077135668554e-17,2.4012113505238533e-17,3.903254875889904e-17,1.6073297207097603e-17,0.0,0.0
2018-12-31,mean_cvar,capm,0.24923470483947724,0.14090710626230213,0.14116888121092547,1.1338100534598315e-18,1.1285800375667617e-17,0.2321757194754713,0.11956900265047288,1.0125047941381177e-17,0.03188940217064136,0.08505518339070967
2018-12-31,markowitz,ff3f,0.4,0.15511562331473477,0.16682881174382747,0.1648548682234767,2.766578398474868e-17,0.0,1.544146003744091e-18,0.0,0.0,0.11320069671796103
2018-12-31,mean_cvar,ff3f,0.29403872006003307,0.07023140502193019,0.16914505485929082,1.669265569933756e-19,7.322610464400174e-21,0.20256525423257443,0.11172183311745626,0.0,0.028205116854165293,0.12409261585455
2019-01-31,risk_parity,none,0.09660281396051582,0.09021886840232259,0.09713102260159566,0.05155706179782347,0.12284234910720603,0.14529290698400796,0.13578567118284668,0.058245053254965914,0.1154861092861478,0.0868381434225681
2019-01-31,markowitz,historical_mean,0.3999999999999998,0.1308072889951905,2.2234337183093015e-16,0.10460640944867722,1.321006262381118e-16,0.0,0.0,2.4958338095897426e-16,0.36458630155613186,1.0243968766644823e-17
2019-01-31,mean_cvar,historical_mean,0.28353217925605645,0.07193713588288911,2.0666477025550013e-18,4.954007554845531e-19,0.0406341862706433,0.28822877430366106,0.16909827105563371,1.5462704963908902e-19,0.14656945323111625,2.8098944636771453e-18
2019-01-31,markowitz,capm,0.4,0.4,0.09473839999201798,0.09025510814091882,0.0,4.601229062134776e-17,3.1267048039663384e-17,0.0,3.829344097581943e-17,0.01500649186706305
2019-01-31,mean_cvar,capm,0.19214970509462487,0.11705534848833637,0.09265553813660378,6.280152853412426e-19,0.005817478056886096,0.32765450381201094,0.1595479094251243,4.299779651160543e-18,0.05934678215178502,0.04577273483462872
2019-01-31,markowitz,ff3f,0.4,0.15121683305102687,0.1393400149036061,0.15582747609216843,0.0,3.8309688123166756e-17,4.205132150125871e-17,4.7550071329789087e-17,0.0,0.15361567595319864
2019-01-31,mean_cvar,ff3f,0.20880019529067115,0.06908613390298718,0.12248616671193953,3.507455214143384e-18,0.009417246993502182,0.2869420294739998,0.15015060902866442,0.0,0.06333580723463365,0.08978181136360218
2019-02-28,risk_parity,none,0.0876167397696942,0.07819998517699189,0.0881532924204946,0.05881115726415498,0.12301240782364686,0.17462646334052723,0.14612334971965202,0.060582943497807094,0.10261561425685796,0.08025804673017317
2019-02-28,markowitz,historical_mean,0.4,0.2132945329565703,6.750479531251988e-17,0.1684660350318559,0.0,0.0,4.383927111765443e-17,0.0,0.2182394320115738,1.1392037517451045e-17
2019-02-28,mean_cvar,historical_mean,0.3320861651230287,0.07900950647293063,1.3527093710956327e-19,8.985580643226485e-20,0.0,0.2639478564813288,0.17714344639223498,4.459115592442309e-17,0.14781302553047684,7.972917247164123e-18
2019-02-28,markowitz,capm,0.3748326824649229,0.377287622144461,0.09701976017847008,0.08395022239497045,1.9716385913238352e-17,7.44821481509124e-17,0.0,0.0,4.6764689017909934e-17,0.06690971281717552
2019-02-28,mean_cvar,capm,0.2453652390712228,0.12776084430576426,0.1335507434940774,2.6624267707692525e-20,1.5544151985192796e-18,0.266715157570117,0.1335697041332949,2.4465543298960698e-20,0.02882170372220723,0.06421660770331647
2019-02-28,markowitz,ff3f,0.4000000000000001,0.23629548450986437,0.1233819988148957,0.12117218841200822,3.267052608758236e-17,0.0,0.0,1.0362584407201578e-17,0.0,0.11915032826323162
2019-02-28,mean_cvar,ff3f,0.26277561096421276,0.08626631291572583,0.1412664973465408,1.1495895744806456e-17,7.36229292129967e-22,0.25974015751048257,0.12336894975706633,2.4358094739083564e-18,0.040552780712482896,0.08602969079348893
2019-03-29,risk_parity,none,0.0917048255884869,0.08701560353663325,0.08929893887439806,0.05398908022754709,0.129753970110163,0.15556046608586044,0.1406869589102919,0.05552267507071476,0.11766073856390383,0.07880674303200066
2019-03-29,markowitz,historical_mean,0.4,0.29287777475829985,0.0,0.27466064206860863,0.0,5.910256235681506e-19,0.02495468049709553,2.751517019401626e-17,0.007506902675995903,2.235870190015326e-17
2019-03-29,mean_cvar,historical_mean,0.33577573853427756,0.09397529866677684,0.02414213799012376,0.0,3.3033572043206834e-17,0.2526282585430923,0.19452754288422208,6.602769665923892e-19,0.09895102338150744,3.182215549972872e-17
2019-03-29,markowitz,capm,0.3751779549737746,0.3771197219517004,0.10055583782538936,0.07878124451324565,1.4384737026746157e-18,2.0442928423745728e-17,3.2566299239559716e-18,0.0,0.0,0.06836524073589
2019-03-29,mean_cvar,capm,0.25532487701595336,0.1346594024164659,0.13819331642455193,0.0,0.0003723438584691625,0.23852082842741096,0.1202857962815508,3.540951455667454e-20,0.04364742141858381,0.06899601415701409
2019-03-29,markowitz,ff3f,0.4000000000000001,0.23847065426527986,0.13160768071974469,0.11074196654456187,0.0,0.0,2.7217634187148897e-17,0.0,3.427919284817465e-17,0.11917969847041358
2019-03-29,mean_cvar,ff3f,0.2648052394851529,0.10035036649897146,0.15027620847457776,8.280944204582119e-19,0.005789494378708454,0.23878543126150822,0.10905231236292923,2.255406408448727e-18,0.0466322365694092,0.08430871096874279
2019-04-30,risk_parity,none,0.09577430107654293,0.09041580292727969,0.09606092029133509,0.05437525230207951,0.11833179656398965,0.14768609218259743,0.13769024877534816,0.06107478286866814,0.11386775723792417,0.08472304577423524
2019-04-30,markowitz,historical_mean,0.39999999999999997,0.23768655272297426,0.0,0.21055496217819658,1.7812575780729917e-17,6.2655834931262385e-18,0.15175848509882922,2.5789993161496468e-17,0.0,2.3627902245247607e-17
2019-04-30,mean_cvar,historical_mean,0.3056232870221098,0.07786800648866066,0.04891754672285198,6.044264628499031e-18,0.033352059570752074,0.24150171620820154,0.20674361394080104,1.3033118410464733e-18,0.06919545387066733,0.016798316175955463
2019-04-30,markowitz,capm,0.37270490963707215,0.38825179353073014,0.10255600194640932,0.06958022425408314,2.156207070530547e-17,1.459945987887512e-17,0.0,0.0,1.803841364472758e-17,0.06690707063170521
2019-04-30,mean_cvar,capm,0.21289355204899071,0.16695730046806226,0.11073981086814151,1.3454239851215959e-18,2.876607318401907e-19,0.2353515566646227,0.143032508443694,7.325545346963647e-19,0.044898376902704096,0.08612689460378478
2019-04-30,markowitz,ff3f,0.4,0.16124797211332992,0.14758529214071148,0.1279988064023021,5.437660470183654e-19,2.852188171347871e-17,0.0,0.017003945293826962,5.507233598609783e-18,0.1461639840498296
2019-04-30,mean_cvar,ff3f,0.24627221550285266,0.09937098843152616,0.1319072878072705,1.6641228426996809e-19,0.04261348943778188,0.21073815897161013,0.10560132535177442,4.8912807462559645e-18,0.056658934972057734,0.10683759952512649
2019-05-31,risk_parity,none,0.09510621963893645,0.09017970027647584,0.09618365288944031,0.05464331716588499,0.11885882361814101,0.14769504846027698,0.1378153001160871,0.060257369923258364,0.11566242702848276,0.08359814088301624
2019-05-31,markowitz,historical_mean,0.39999999999999986,0.23635130368130802,2.1196302089331747e-17,0.23495342536866967,0.0,9.834941290939958e-18,0.0985417796455025,0.0,7.780640324955311e-17,0.030153491304519685
2019-05-31,mean_cvar,historical_mean,0.3480079204157467,0.053140659346519535,0.0376079992973323,0.03274542964511049,0.03647055998454999,0.23819854308328772,0.22972323300576838,1.1092612758537546e-18,0.017520870766538084,0.006584784455146919
2019-05-31,markowitz,capm,0.3725301671109925,0.3787043902714421,0.10984078431439964,0.06663001067132103,0.0,4.0395001254557583e-17,0.0,0.0,7.303118071226578e-18,0.07229464763184469
2019-05-31,mean_cvar,capm,0.18653590107993567,0.18020809413613847,0.15884818734302508,2.3877805581145732e-18,0.0030571951895185705,0.18823257142378283,0.1473794589112024,1.2409432417703094e-17,0.04511813413014816,0.09062045778624869
2019-05-31,markowitz,ff3f,0.4,0.1193295116780042,0.17291174293893868,0.13528218444478565,0.0,2.401460617188773e-17,0.0,0.0011405685145024665,1.2220177154456165e-17,0.17133599242376896
2019-05-31,mean_cvar,ff3f,0.21402984629869612,0.10225535019061062,0.16963854874477075,0.005433246599261506,0.02911676563748862,0.18905952035191587,0.13405892150461277,1.5902600391661773e-17,0.05691929801573541,0.09948850265690846
2019-06-28,risk_parity,none,0.09156127175988563,0.08483441158239931,0.09564191110089008,0.05614987329041718,0.12529283052051077,0.1463496691005621,0.13819671343675421,0.05630145153687869,0.12307048444176578,0.08260138322993626
2019-06-28,markowitz,historical_mean,0.4,0.07974485954544099,2.190612035844064e-17,0.1196789140177001,0.14254486836735328,0.03934502974303999,0.2186863283264655,1.87207691286359e-17,0.0,3.1994470757962998e-18
2019-06-28,mean_cvar,historical_mean,0.26189829357920175,0.05584843802272812,0.019171114804901555,1.1366973395191875e-17,0.03311299785031971,0.25878514025550803,0.2869109712103673,3.8408123793189176e-17,0.08427304427697353,1.4960094829457776e-18
2019-06-28,markowitz,capm,0.385844948719923,0.3689109944738417,0.09822707051165215,0.07952160121908955,0.0,0.0,6.776263578034403e-21,5.054232573018524e-19,5.583641188300348e-18,0.06749538507549367
2019-06-28,mean_cvar,capm,0.14620907231729235,0.13240554463681076,0.11074251604442285,9.33122283668905e-18,3.2386550283403764e-20,0.22383587079857847,0.23986743898389093,6.699976266346211e-18,0.08857369879526415,0.05836585842374051
2019-06-28,markowitz,ff3f,0.3999999999999999,0.03577913701184032,0.18250187691739148,0.14382754913718054,0.06764261347911608,2.9583749126661693e-18,8.483950577189644e-18,0.0,0.01189254375651536,0.15835627969795618
2019-06-28,mean_cvar,ff3f,0.15501314652296358,0.07047102787975555,0.14954848680024124,2.296389858132371e-19,0.02542636236586117,0.20347816656231021,0.19954583610325022,1.2483371008052778e-22,0.10513115418024963,0.0913858195853685
2019-07-31,risk_parity,none,0.08288926467721826,0.08003955597014559,0.08124866903464259,0.05713964552332005,0.1381266780253045,0.1509743008290202,0.14061859776370167,0.06364638733733569,0.12340653806870626,0.08191036277060526
2019-07-31,markowitz,historical_mean,0.4,0.10133477287538345,0.09074375082212578,0.06444220072520086,0.009356710612913089,0.05013245443805259,0.2839901105263243,0.0,0.0,2.1159761441633978e-17
2019-07-31,mean_cvar,historical_mean,0.33798729714438674,0.01414502491933285,0.016712246063553704,4.1383040526159625e-18,0.021629474355658027,0.2952767952539767,0.25910551833633483,2.732170204364107e-18,0.05514364392675729,1.7696112047680152e-17
2019-07-31,markowitz,capm,0.3859002856793323,0.3604361014232042,0.07956847053880213,0.09001152235524745,1.1216410287541442e-17,4.463355412261809e-17,0.0,1.2085466091424354e-17,0.0,0.08408362000341366
2019-07-31,mean_cvar,capm,0.23268045843886812,0.10499941938961616,0.06052820182760513,2.426765965305492e-19,6.711960012571156e-20,0.2751857377613985,0.18280687092578038,1.943243677938739e-19,0.08501546093285588,0.058783850723875986
2019-07-31,markowitz,ff3f,0.3999999999999999,0.041577515802885004,0.14077546636164584,0.14970231301254305,0.034369038660160424,5.675944380327552e-18,4.285945865992176e-18,1.0531279402859829e-17,0.04868049039066336,0.18489517577210227
2019-07-31,mean_cvar,ff3f,0.2653951802518655,0.04451588857367872,0.07687117202447259,1.0576044685174046e-18,0.03564423561684296,0.2516397731602989,0.13612294612822526,1.7921606999406988e-18,0.1171233908116908,0.07268741343292523
2019-08-30,risk_parity,none,0.08302839221133251,0.08114452123749837,0.08225215130332941,0.05814820864334499,0.1384152669069557,0.15042382661452264,0.1399412873582039,0.0652541299870171,0.1234831236240007,0.07790909211379472
2019-08-30,markowitz,historical_mean,0.3999999999999999,0.09802092053747943,0.02242476015761215,2.829075778137063e-17,5.890185963483256e-17,0.13005947368809045,0.33671309966854274,0.0,0.0,0.012781745948275268
2019-08-30,mean_cvar,historical_mean,0.35586109118613635,0.00790505339196181,4.052742785792161e-18,1.11034464737114e-17,0.020810549526226286,0.3023031177522498,0.2663486112939534,2.0983840397331488e-17,0.0467715768494723,8.385204930928362e-18
2019-08-30,markowitz,capm,0.3758888501840059,0.34616075288610343,0.09118179092474976,0.08615859966306148,0.0,1.3400039394891394e-17,9.649377504449354e-18,1.5334159746645473e-17,1.3353065107024858e-17,0.10061000634207934
2019-08-30,mean_cvar,capm,0.21248544048244467,0.11361896998292684,0.06584064761406565,4.739416622645518e-19,3.083704483646135e-18,0.2863260754714919,0.1799500873979086,1.053672512408632e-18,0.09068249829131399,0.05109628075984845
2019-08-30,markowitz,ff3f,0.3999999999999999,0.0,0.1260715375940482,0.15038796402257953,0.016072147330322705,0.0,3.147656334728772e-18,4.91145773197629e-17,0.07810371998767957,0.2293646310653699
2019-08-30,mean_cvar,ff3f,0.25080567485172295,0.03439965546507055,0.08252040988571545,7.605620582458028e-19,0.03191061241991456,0.23981534896886386,0.1536392285037473,2.8363279284244635e-20,0.12445666848397893,0.08245240142098643
2019-09-30,risk_parity,none,0.08204651142929999,0.08342545189006548,0.07834062337531889,0.06436336301047241,0.11449810476435295,0.1761595848722126,0.1457744188145364,0.07175036878229207,0.10458789266040813,0.07905368040104094
2019-09-30,markowitz,historical_mean,0.3999999999999996,0.016094563422423196,0.0,7.17943779102545e-17,0.1139230397083537,0.11319710904968965,0.23768914218402742,0.0,0.10434065057242278,0.01475549506308351
2019-09-30,mean_cvar,historical_mean,0.33535719284810256,0.0004504813058759697,1.2846645481190528e-18,1.3501040603130281e-17,0.06030144094132322,0.2724795387997585,0.25027298929498876,1.1322800360134185e-17,0.08113835680995109,1.3591595700590224e-18
2019-09-30,markowitz,capm,0.37669680257071236,0.36297819333561326,0.08135244080067949,0.09251588016077289,0.0,0.0,2.939204326972422e-18,0.0,0.0,0.08645668313222205
2019-09-30,mean_cvar,capm,0.1468534067374767,0.15658682063036852,0.05530456730627761,0.009048459843670233,0.0015531679864011884,0.26437221185708776,0.213169975909818,7.002237429983995e-18,0.07673683275289363,0.07637455697600634
2019-09-30,markowitz,ff3f,0.3134401689708827,2.4978956062164658e-17,0.10869743877739708,0.13597950358971714,0.1225201168364423,1.5839516113655418e-18,9.37157252842158e-18,0.0,0.10993427135046714,0.20942850047509365
2019-09-30,mean_cvar,ff3f,0.198407572820232,0.028234409318811313,0.07624903665684554,0.0556707146394646,0.05701082725434187,0.1879766058575756,0.16757827648816467,9.409262155822946e-18,0.10025552063338182,0.12861703633118263
2019-10-31,risk_parity,none,0.08812096563513636,0.0865406858781801,0.08730078154574435,0.06159555360904893,0.12788691283233852,0.1471438699209999,0.13687122799099763,0.06620305090709348,0.1181181740201067,0.08021877766035411
2019-10-31,markowitz,historical_mean,0.39999999999999986,7.739609923387912e-17,1.0942722880462236e-17,3.222443113566849e-16,0.13389482198244343,0.10298912010732564,0.2569509911643711,1.506621331381349e-17,0.011977595875379188,0.09418747087048035
2019-10-31,mean_cvar,historical_mean,0.2951963563149981,0.02139564792387576,0.0058247728784180846,1.2850138581535404e-17,0.05483814141766062,0.2853550265548112,0.23382834186136517,5.186780181245471e-18,0.05142615762259892,0.05213555542627219
2019-10-31,markowitz,capm,0.36606550385702746,0.34631721316740205,0.09334014619197996,0.09417382835793987,1.9192072518887934e-17,0.0,0.0,0.0,0.0,0.1001033084256506
2019-10-31,mean_cvar,capm,0.11441954107372214,0.15734880534552145,0.0965797522245039,2.211512140046344e-19,0.0,0.3078010317329856,0.16107714411516627,4.6136798979540134e-18,0.08559508263974003,0.07717864286836061
2019-10-31,markowitz,ff3f,0.3329847483088915,0.0,0.06938511176944792,0.1767278074974386,2.4801124695605914e-18,0.0,0.0,7.89265300251557e-17,0.14314864376042472,0.27775368866379724
2019-10-31,mean_cvar,ff3f,0.178485470809756,0.03211196959145458,0.12001428872501159,0.016948891477288324,0.007832566694376264,0.24503794213094923,0.1648655890186697,9.668314589192273e-19,0.09925868882450567,0.13544459272798853
2019-11-29,risk_parity,none,0.08693008216876656,0.08827228466935352,0.08592708038239064,0.059577418119144,0.13255601457146843,0.14679091103831926,0.13590711123814217,0.07046213081297567,0.1181058164852747,0.07547115051416507
2019-11-29,markowitz,historical_mean,0.39999999999999986,0.032814260366055156,6.686427910043685e-17,0.0,0.15347388077568752,0.0938262866579883,0.1697177705755386,0.05427428135464651,0.09589352027008406,0.0
2019-11-29,mean_cvar,historical_mean,0.29534112876789814,0.06743398973990533,2.383303183115586e-18,3.3827455666055626e-18,0.11922411683100848,0.21204955285596544,0.21114685664025598,5.090557066806348e-18,0.0706772630882679,0.024127092076698865
2019-11-29,markowitz,capm,0.35366496151388294,0.3315860751189047,0.10730806468828391,0.09032323507675445,1.3544903859543514e-17,0.0,0.0,6.742382260144229e-18,0.0,0.11711766360217393
2019-11-29,mean_cvar,capm,0.15519697698974227,0.16781895796371737,0.08188248639082756,6.703606166000438e-19,0.02916561177485904,0.2110645872256336,0.22460579363779945,3.1697890473669495e-18,0.043186610185790904,0.08707897583162962
2019-11-29,markowitz,ff3f,0.3486512519706772,9.447805493674464e-18,0.10334655409536542,0.11439490856741029,0.07759545612942839,0.047232370442630164,0.02542363875853914,0.0,0.11092346960262663,0.1724323504333227
2019-11-29,mean_cvar,ff3f,0.17513900882113992,0.08532517952758963,0.0668180277881787,0.02741186526046948,0.06497449182285131,0.17641242996561352,0.14998195911439166,2.063368980532896e-19,0.10965856675418197,0.14427847094558394
2019-12-31,risk_parity,none,0.07667716913060782,0.06938851439247253,0.08526316045133857,0.06225098411174567,0.14364692125959397,0.14806224180783586,0.13737876026683957,0.06641575657498167,0.13096342205031997,0.07995306995426445
2019-12-31,markowitz,historical_mean,0.38923809489696676,0.0,0.0068564558771577085,0.0,0.24064289559165977,0.08708792535742611,0.13540646049892313,1.4307402918661835e-16,0.10881535270705209,0.03195281507081424
2019-12-31,mean_cvar,historical_mean,0.2556971909092336,9.481435430718304e-19,0.05209499398487182,2.3247721051374578e-18,0.15108872626878367,0.21059147223791308,0.17966416260552534,7.13682217340348e-19,0.08336310330275336,0.06750035069091921
2019-12-31,markowitz,capm,0.36856975659960006,0.3114420166738202,0.10450813565522846,0.09381035897101994,0.0,1.2688553549869421e-18,1.6686549060909719e-18,1.7713152992981932e-17,2.063372259511476e-18,0.12166973210033144
2019-12-31,mean_cvar,capm,0.14458069461716008,0.11054909860950299,0.11483076518136584,1.772301166259947e-19,0.044258315733250835,0.2519596734227455,0.16456949786993838,2.137141353050529e-18,0.06825003185397514,0.10100192271206117
2019-12-31,markowitz,ff3f,0.3402938743550064,1.9840709174071594e-16,0.03200520214152358,0.08569001268642279,0.15970565558899133,0.060865614098895376,0.013657464681817857,0.0,0.1614794006994391,0.14630277574790335
2019-12-31,mean_cvar,ff3f,0.2232427239299243,2.394788995745549e-19,0.08746154647023172,0.021122492930256122,0.12073461004652634,0.20693332506198833,0.10004115505225905,1.040471745100953e-17,0.11765363891176149,0.12281050759705268
2020-01-31,risk_parity,none,0.07614002391893065,0.06827072304758657,0.08550979296140608,0.06190716643083963,0.14572026758144235,0.1482120417093949,0.13773562487727287,0.0670297645789779,0.12959259625230263,0.07988199864184642
2020-01-31,markowitz,historical_mean,0.3954382381129713,1.256597126511812e-16,5.612186198622817e-17,0.0,0.1846588107025577,0.0801139976178364,0.1311573474818994,0.0,0.19524482436995003,0.01338678171478494
2020-01-31,mean_cvar,historical_mean,0.27336874781432424,1.0205462367906266e-19,0.031216908647632657,0.0,0.1189639897508954,0.1989377594129882,0.175836688278625,2.288916364574686e-19,0.14882788154079038,0.05284802455474408
2020-01-31,markowitz,capm,0.36646760514342197,0.3065088900335263,0.11730782743292947,0.08128375560567173,6.7902234368636534e-18,1.848633222582065e-18,0.0,0.0,1.511106777901672e-18,0.12843192178445068
2020-01-31,mean_cvar,capm,0.14927376137842874,0.11427039553773427,0.10818174058269264,0.0,0.053519922820994305,0.23950406721163317,0.17072099821376527,9.242116718938128e-19,0.059940322205457565,0.10458879204929405
2020-01-31,markowitz,ff3f,0.32915261632098647,0.0,0.08333782866143125,0.023983617815584377,0.19481949851605554,0.08915338662991602,0.031618698967638074,3.931672831270285e-17,0.11322521650171691,0.13470913658667133
2020-01-31,mean_cvar,ff3f,0.23265586298452973,3.2325408689131566e-20,0.1082037120862415,4.6487107106007756e-21,0.13170967455356236,0.20978823570970054,0.10486796182977653,5.45577394803622e-20,0.09227531244749637,0.12049924038869289
2020-02-28,risk_parity,none,0.07637903259512877,0.06779472373029406,0.08803644070156758,0.06614390900949285,0.1420528115327581,0.14523721803501596,0.13510359019159573,0.06671534701236712,0.13118965202837918,0.08134727516340073
2020-02-28,markowitz,historical_mean,0.3778243484899839,0.0,0.0,2.2892081839084167e-16,0.20892897922455714,0.11338975278459455,0.15271970497682558,5.78616676598885e-17,0.14605089582329456,0.0010863187007440196
2020-02-28,mean_cvar,historical_mean,0.3031940084497219,1.7482973077361442e-17,0.01497035852725123,1.1519993668406089e-18,0.1378555647896412,0.2337219047763751,0.17290310469056133,8.091896253214218e-18,0.1230924252759035,0.014262633490545658
2020-02-28,markowitz,capm,0.36939150471658866,0.2869359064459788,0.11588043228676463,0.0576545122698415,1.983751162469571e-18,0.005183840784515431,0.027973167260847465,2.3123999460042395e-18,0.011593917669312268,0.12538671856615125
2020-02-28,mean_cvar,capm,0.1463790365656754,0.09689964815653608,0.137845553536304,0.002402988577506069,0.004580580978871161,0.2938402258835542,0.17135966029507516,2.4579322827483062e-18,0.05612111742355127,0.09057118858292665
2020-02-28,markowitz,ff3f,0.34252913205900065,0.0,0.050117301847129196,0.0,0.21407316277083585,0.11603831696441869,0.04887737740064081,0.0,0.1113068880910002,0.11705782086697458
2020-02-28,mean_cvar,ff3f,0.2257960142321847,0.0,0.1079499391963987,1.8452653284997958e-17,0.14905461954888505,0.24761962523350248,0.08423179715187414,1.504681476910327e-17,0.08248406664418546,0.10286393799296942
2020-03-31,risk_parity,none,0.07245311667075695,0.06542188611169218,0.08072138676069954,0.06621393163002828,0.15337039999040383,0.1512753562904433,0.14108258768475038,0.06198282115186163,0.13219433696879773,0.07528417674056626
2020-03-31,markowitz,historical_mean,0.3032678415282147,1.9866946019612796e-16,1.6482414120621427e-17,9.307454332360485e-17,0.2729132886688298,0.1556119314757541,0.18752856027434373,0.0,0.0806783780528574,0.0
2020-03-31,mean_cvar,historical_mean,0.2687269908881218,8.001279187167682e-18,1.1062811999542665e-17,3.169450831306524e-18,0.167373457003039,0.265559587341822,0.21918416173081695,4.818438982620305e-19,0.07915580303620025,5.195374571248825e-18
2020-03-31,markowitz,capm,0.3628936503876769,0.26805704882185166,0.11647498355255659,0.04439338640905526,1.998997755520149e-18,0.03442229197027292,0.041049149173543104,5.433716356636338e-18,0.017580414734919572,0.1151290749501241
2020-03-31,mean_cvar,capm,0.0963030259618226,0.08201452477329069,0.10918836509909352,1.1640026170701416e-18,0.02296062469424282,0.3855965490451668,0.1993926856623309,3.3381298011016785e-18,0.04547958552135916,0.05906463924269333
2020-03-31,markowitz,ff3f,0.3246194815114737,2.1325240293253152e-16,0.018913853589492474,0.0,0.28895331096375665,0.16209780241937524,0.05062660543216888,0.0,0.09757504921033079,0.05721389687340213
2020-03-31,mean_cvar,ff3f,0.21517356375722804,5.978221851993546e-18,0.08252422936621276,4.742719724242026e-19,0.15221073104577426,0.28629562207620035,0.15255070975785973,2.705412399837391e-18,0.06377734709284187,0.047467796903882815
2020-04-30,risk_parity,none,0.07090679098056077,0.05235472835626643,0.0709541917422696,0.06116494682133439,0.17514931318436455,0.20651437461886882,0.11158385352795007,0.050024812400855115,0.11805004677722895,0.0832969415903013
2020-04-30,markowitz,historical_mean,0.22835201176564035,0.0,0.0,8.365522380210078e-17,0.34574873203329315,0.2543024803636441,0.043700542821785496,9.831518830318947e-16,0.12789623301563582,0.0
2020-04-30,mean_cvar,historical_mean,0.20355267482901027,4.7733391152979935e-19,1.3469090579729653e-18,1.2466621448183847e-18,0.22737696105555696,0.3030277695371845,0.09963473774868752,2.0230695430991437e-17,0.14470855031069513,0.021699306518865633
2020-04-30,markowitz,capm,0.14492597363146711,0.0863818298721105,0.09962201184559183,0.013540167165636652,0.07923413772811043,0.26775958003864925,0.12182172808477632,0.0,0.0828225810948902,0.1038919905387675
2020-04-30,mean_cvar,capm,0.09722022465238558,0.050359031725163074,0.07056785038965617,1.9075093569950205e-18,0.11112346584637621,0.3348824584658,0.14940977630716315,9.91159476607753e-18,0.12067057341117032,0.06576661920228552
2020-04-30,markowitz,ff3f,0.17679581503509778,0.0,7.665669348475092e-17,0.0,0.295262655247922,0.2526490418209609,1.7646194634405276e-16,0.0,0.11804261544947761,0.1572498724465415
2020-04-30,mean_cvar,ff3f,0.17221722495225872,5.930276597308381e-20,0.009795830302842813,8.29404046014547e-18,0.20144621871392804,0.3294948540524433,0.04533768075573425,2.0710024657978505e-17,0.1303938274243474,0.11131436379844552
2020-05-29,risk_parity,none,0.06673705662285845,0.04952312799520257,0.07363140113935711,0.0616464732731397,0.1857397235966261,0.2145419397781493,0.11104834004410767,0.04756179591762662,0.10713708231600365,0.0824330593169287
2020-05-29,markowitz,historical_mean,0.24573733990360624,2.217650840524374e-16,1.1945409193595859e-16,0.0,0.3437865149648812,0.24100231116867363,0.034746440182849815,0.0,0.13472739377998882,1.2473407181266827e-17
2020-05-29,mean_cvar,historical_mean,0.2042097451633195,7.890333266161741e-18,7.472717140932942e-18,2.6851661925968242e-20,0.23189454300825812,0.3138919869793026,0.07794405854713853,9.333485011837338e-19,0.15663060619248087,0.015429060109500481
2020-05-29,markowitz,capm,0.17265259683626905,0.11708094536500437,0.11474542072860154,0.023145854493936014,0.05894141649249584,0.23715483024426462,0.10072167832400102,0.0,0.0640037579950154,0.11155349952041221
2020-05-29,mean_cvar,capm,0.09203846895205839,0.02837598826045879,0.10056220542025061,0.0037458492151008663,0.09777186813778596,0.3430172716758037,0.18628363418278523,3.933563279359562e-18,0.07967971564642667,0.06852499850932967
2020-05-29,markowitz,ff3f,0.1918812430906655,0.0,3.451951486428074e-16,9.956055994434635e-17,0.2818314872680936,0.24253214729548978,0.0,0.0,0.12607932126409144,0.15767580108165916
2020-05-29,mean_cvar,ff3f,0.17522259154754022,1.943754568010864e-17,0.007937513184440796,1.5195771073742146e-20,0.1975988116427042,0.3371902616336031,0.0351876340913026,0.0,0.13373588792487062,0.11312729997553844
2020-06-30,risk_parity,none,0.062178385326913464,0.04948288465338907,0.07260248087207155,0.05681721899513015,0.1799748246445848,0.2279932777386129,0.10617899972529349,0.05164790457164979,0.10627516745309201,0.08684885601926268
2020-06-30,markowitz,historical_mean,0.2447081884495946,0.0,0.0,6.028841705377206e-17,0.2967450191652461,0.24837571151125534,0.046375995931607475,3.8530512331061402e-16,0.16379508494229594,0.0
2020-06-30,mean_cvar,historical_mean,0.21650045597781692,6.447882228049004e-19,8.888239274572518e-18,2.332743692630033e-18,0.21824339600513298,0.30679164012936305,0.06763317777863873,1.2110989933161361e-17,0.1831765888038758,0.007654741305172512
2020-06-30,markowitz,capm,0.18396376177501403,0.12103164987015733,0.11814143337903411,0.027623251966825794,0.056350840918200876,0.224144664110025,0.09506030404931944,0.0,0.05775472471682195,0.11592936921460148
2020-06-30,mean_cvar,capm,0.09371507185971167,0.031428288073453,0.12379195233410416,0.012687613216729109,0.10468043486525014,0.3654891393157328,0.09239296854024977,1.826643235883708e-17,0.10032285407912186,0.07549167771564737
2020-06-30,markowitz,ff3f,0.21732764085156453,0.0,0.0,8.780024298538403e-17,0.2552289924163846,0.2534381567239339,1.1609645333304252e-16,6.339740913502162e-16,0.1446213892168054,0.1293838207913108
2020-06-30,mean_cvar,ff3f,0.17998621332109857,1.1928156389186549e-19,0.03365639847717882,1.6903117337892582e-17,0.21703071407436794,0.32813594901576926,0.013867017410196641,2.8609101120736314e-18,0.12744807506883016,0.0998756326325586
2020-07-31,risk_parity,none,0.0627206771857229,0.049059486196651916,0.07222446794883891,0.05532157007350302,0.18051828666504488,0.22948497563667533,0.10540926143497205,0.05135613240571526,0.10602225973198814,0.08788288272088766
2020-07-31,markowitz,historical_mean,0.227940258475742,0.0,0.0,3.186741235478017e-16,0.25885148846546363,0.24909052099207796,0.05471350915198057,0.0,0.20940422291473565,0.0
2020-07-31,mean_cvar,historical_mean,0.20116247898305747,1.6894360530776478e-17,0.0,2.151224764823426e-18,0.22423154526112013,0.2553193179064764,0.11656441340905148,1.4367393935252906e-18,0.2027222444402944,9.181563746129934e-19
2020-07-31,markowitz,capm,0.19185109356919933,0.12337582003562367,0.11748271791437499,0.024678963869903585,0.052892682883639595,0.22023985984304395,0.09179813912466434,0.0,0.0581808967781614,0.11949982598138911
2020-07-31,mean_cvar,capm,0.06928046108915256,0.03201156724296044,0.12085367602145393,5.8826326729507e-19,0.10184809843629075,0.31398401780981317,0.17691538402019197,4.991770882117676e-18,0.07462694410100389,0.11047985127913326
2020-07-31,markowitz,ff3f,0.2272479730259036,8.140107104096603e-17,0.0,0.0,0.2743022271744207,0.24858488104139076,2.575827192600326e-17,3.689133417153488e-16,0.1330420195294853,0.11682289922879896
2020-07-31,mean_cvar,ff3f,0.18494116726628082,7.014967691967931e-18,1.7078757597221312e-18,1.1361650018348353e-17,0.2350502975992215,0.2705750962037177,0.05577039368092745,5.3178823892648146e-18,0.13210984915845045,0.12155319609140192
2020-08-31,risk_parity,none,0.061515916792720914,0.05101522196058304,0.07478444959150067,0.05462783203116613,0.17514545975300697,0.24139276380381566,0.10575602448665249,0.05405364813108744,0.0967022523009353,0.0850064311485313
2020-08-31,markowitz,historical_mean,0.2281712847809289,9.250870333437841e-18,0.0,0.0,0.27837330514170694,0.2347485349075884,0.05244001139025405,2.7867129854782305e-16,0.2062668637795212,1.5203168124436457e-16
2020-08-31,mean_cvar,historical_mean,0.2212868637198597,7.150279142400182e-18,1.6431118225272848e-20,5.866591177341458e-19,0.22008529224034148,0.2957419260179085,0.05279383409226636,6.2172613127591775e-18,0.19945972564570083,0.010632358283923195
2020-08-31,markowitz,capm,0.19996482229249765,0.13552495987605728,0.12713394803918776,0.02214108518479512,0.045522367318630255,0.2165078326316702,0.09101242927956886,3.488759303151013e-17,0.046150321360081896,0.11604223401751101
2020-08-31,mean_cvar,capm,0.07726491181608071,0.04584522636535531,0.14779300674759638,8.435076214334472e-22,0.09885644483579104,0.3787517908779422,0.08867571880417265,4.010233392241967e-18,0.06500376118081834,0.09780913937224349
2020-08-31,markowitz,ff3f,0.23209313641169507,0.0,0.0,0.0,0.27673118364549043,0.25180589000617326,0.0,9.32353868224467e-16,0.12701307397038916,0.11235671596625114
2020-08-31,mean_cvar,ff3f,0.21161499023427705,3.5230320060036555e-19,0.010474991767330969,3.0967983075109164e-21,0.22913334323589704,0.32763756965085755,1.334943174582707e-17,8.889899342520646e-21,0.12680967366513976,0.09432943144649744
2020-09-30,risk_parity,none,0.06190508017485835,0.05103062145577763,0.07520780335339863,0.05475468491358418,0.17462388193593442,0.24141037593926215,0.10482540799417514,0.05366456869446643,0.09741996462687873,0.0851576109116644
2020-09-30,markowitz,historical_mean,0.26529043540831104,4.069324155528579e-16,0.0,1.0710561009343062e-15,0.23983427458233667,0.26412151237454967,0.01130330620073785,2.249182734497786e-16,0.1985161635838774,0.020934307850185695
2020-09-30,mean_cvar,historical_mean,0.23077232812817303,5.881569264134825e-19,6.683479487051008e-19,3.790925737107966e-18,0.17880248234381302,0.3339660294969997,0.04032610572781031,4.760197112600266e-18,0.18200175612858244,0.03413129817462137
2020-09-30,markowitz,capm,0.22094305891746685,0.14489104864725122,0.1305771546507906,0.02401169604187065,0.03237986650137237,0.20350972454527216,0.07420900738047108,2.081096423932772e-17,0.04811127271657477,0.12136717059893039
2020-09-30,mean_cvar,capm,0.1298974468162205,0.031874244087849335,0.13914152759960927,1.497113044880122e-18,0.09358502319316264,0.3687329833838692,0.08363365089052714,4.241460827136247e-18,0.06312599823535547,0.09000912579340642
2020-09-30,markowitz,ff3f,0.25660403746902294,1.2651622913369124e-16,0.0,1.2666954740583242e-16,0.23382304038690033,0.2667134014428042,1.104361556630156e-16,0.0,0.11897632237385311,0.12388319832741909
2020-09-30,mean_cvar,ff3f,0.21010306753257063,2.3112173188384057e-17,0.035295587784181216,3.4211183744976897e-18,0.19708864851260052,0.3445679700109975,2.3881777583594575e-18,8.28579131735352e-18,0.11009137894368067,0.10285334721596948
2020-10-30,risk_parity,none,0.060177332809656287,0.04975717155048333,0.07465651573481923,0.05505702343853213,0.1778061377608896,0.24528104378992724,0.10340111375463837,0.05328217246590294,0.09542451997194254,0.0851569687232084
2020-10-30,markowitz,historical_mean,0.21637198713116462,0.0,0.0,0.0,0.2541622245817943,0.2894910099584528,0.013032634675420145,3.859717382401027e-17,0.17632947152491663,0.050612672128251594
2020-10-30,mean_cvar,historical_mean,0.1901334916336273,1.9533185154979117e-18,4.108577731226698e-19,1.649468968642681e-20,0.22231278221879225,0.29785728859406346,0.0622352810425573,2.855066726687597e-19,0.16363058773049027,0.06383056878046957
2020-10-30,markowitz,capm,0.21011045275057594,0.12712097129491018,0.130912583636409,0.020869561940123193,0.03657343867338935,0.22755336037670248,0.07983016866222309,0.0,0.04814477735745074,0.11888468530821593
2020-10-30,mean_cvar,capm,0.07837572059187126,0.019007295180888357,0.16644938860580208,4.1973958754083865e-18,0.10709140775638702,0.3525674486121105,0.12520860272412299,6.947373117619822e-20,0.04767509487854277,0.10362504165027506
2020-10-30,markowitz,ff3f,0.21317766032173,2.0661166462605798e-16,0.0,8.927388450881425e-17,0.26368643556097654,0.2766555031446448,1.3597504605568011e-16,6.704265777517788e-16,0.10461071916061214,0.14186968181203558
2020-10-30,mean_cvar,ff3f,0.1975956378035513,5.760451285444063e-18,0.004251332935732654,4.24079872219733e-18,0.24328238531561666,0.3125013299211438,1.1793742113998495e-18,1.3376449446445208e-18,0.11284158180276822,0.12952773222118735
2020-11-30,risk_parity,none,0.059624865491663355,0.051483456767480104,0.0734954809276948,0.056855241329758166,0.1729962430174013,0.24530640687135855,0.1056780032194888,0.053164452692851215,0.0965188155773689,0.08487703410493481
2020-11-30,markowitz,historical_mean,0.16959102931519615,3.914461121782074e-16,1.1155254508749672e-16,7.418145145463703e-17,0.2043938289791286,0.290598370825694,0.0440612086112236,0.0,0.2260313725470939,0.06532418972166316
2020-11-30,mean_cvar,historical_mean,0.1514768465114174,0.0,3.974816405985272e-18,3.9003308283999526e-20,0.1702119810181707,0.3244957819952902,0.08724471226675358,2.9032561630386897e-18,0.18181417619581305,0.08475650201255504
2020-11-30,markowitz,capm,0.19397409206124788,0.12788407761637113,0.12352402723246814,0.020535930761905612,0.03488476783609781,0.24096095931152567,0.08663005555083227,0.0,0.051553534957206,0.12005255467234532
2020-11-30,mean_cvar,capm,0.05898143939451474,0.024443482663272287,0.14519679982718076,2.974079032141865e-18,0.08102897545361781,0.3891110215201586,0.14802566470092682,1.1548579794399067e-18,0.057344886531867506,0.09586772990846143
2020-11-30,markowitz,ff3f,0.2594573171343577,0.0,4.306535732407142e-16,0.0,0.30031792991685174,0.30744002448572183,0.0,0.0,0.052554336441595254,0.08023039202147297
2020-11-30,mean_cvar,ff3f,0.17811064410553182,2.0340421482687905e-22,0.06332323548042557,3.2328761451636956e-18,0.240759368218204,0.37279111003370885,1.2572485241708273e-18,8.453419840863157e-18,0.0604187711371656,0.08459687102496409
2020-12-31,risk_parity,none,0.05874156932180727,0.047652086832108094,0.0635025746400164,0.059275865859570426,0.16268839563211837,0.2565961863444755,0.10649325689777751,0.05137558353121612,0.11471264280295197,0.07896183813795822
2020-12-31,markowitz,historical_mean,0.205765337221374,0.0,0.0,1.1742063052739698e-16,0.21190409126139412,0.30512508302334057,0.09342567022293209,8.222988969802047e-16,0.1496102915018854,0.034169526769073054
2020-12-31,mean_cvar,historical_mean,0.1504719431230532,1.8679424079379973e-19,5.481966097705849e-19,0.0,0.15022514354159328,0.3557809373538336,0.16566927799253384,3.679348717102347e-17,0.11292131308448669,0.06493138490449937
2020-12-31,markowitz,capm,0.2140765847667763,0.13408449579715995,0.11291192641096261,0.02143961926643345,0.02083181834084846,0.23102088805003068,0.0800774310683465,0.0,0.06394158809914144,0.1216156482003007
2020-12-31,mean_cvar,capm,0.061832865042158236,0.05755225299173503,0.08629515810761819,2.2947150608961143e-20,0.05705387454348908,0.3920022018801576,0.18379625103873118,1.6420357180008207e-17,0.0767259567545562,0.08474143964155434
2020-12-31,markowitz,ff3f,0.29391159709481773,0.0,0.0,5.657490638938122e-16,0.2763687250630313,0.30512142746023324,3.2317695069540544e-17,5.071219861928804e-16,0.07355946636980482,0.051038784012111794
2020-12-31,mean_cvar,ff3f,0.1866639906780591,1.0424834726870482e-18,0.018087636680052067,1.4462855233453739e-18,0.18690836053278156,0.3813453663577073,0.06722555135211383,5.765272533846085e-18,0.07935075871003368,0.08041833568925245
2021-01-29,risk_parity,none,0.058714405018561476,0.0468148101639176,0.06304086569993364,0.05887903117228982,0.16628526326195123,0.2576363087236697,0.10664085775966191,0.05127812978827484,0.11127776301100317,0.07943256540073658
2021-01-29,markowitz,historical_mean,0.22305308432167,0.0,6.265113075684319e-16,0.0,0.1819311760426458,0.322262650908569,0.06879179286107395,0.0,0.1922340926799647,0.011727203186075981
2021-01-29,mean_cvar,historical_mean,0.1804898181862318,1.2972721904242506e-18,6.008169132587988e-19,0.0,0.1230128342927819,0.37683623467717925,0.10789281457431037,1.834275159608634e-17,0.17558460702546155,0.03618369124403517
2021-01-29,markowitz,capm,0.21959965454493838,0.1269208460571683,0.11148841670431325,0.022197269097576203,0.022161446691664928,0.23129238168271876,0.08623703404347774,1.1824579943670033e-17,0.055833461047758194,0.12426949013038426
2021-01-29,mean_cvar,capm,0.0736198384812335,0.035708826309600365,0.11071223504233191,8.859755936841317e-19,0.05437538153208952,0.38969832176738767,0.14442793867621273,3.9769253478597025e-19,0.09631703633026634,0.095140421860878
2021-01-29,markowitz,ff3f,0.3178308872808152,2.350982086140126e-17,1.906142795162058e-16,1.299811342194421e-16,0.2816592349757613,0.30831875797565533,0.0,3.0073803789576663e-16,0.0702679911630475,0.02192312860471998
2021-01-29,mean_cvar,ff3f,0.20711561573224774,0.005814877670611591,0.04041722576128335,2.6629864138496126e-18,0.2094595187327998,0.38604437733746383,7.898925465718696e-20,1.4532046940361178e-17,0.09651289326677481,0.05463549149881896
2021-02-26,risk_parity,none,0.05933103719885555,0.04848546003708292,0.06359672498267763,0.059953096667627596,0.16306789499130647,0.2600949653534041,0.1070507567727252,0.05267116760474597,0.10926059147948222,0.07648830491209235
2021-02-26,markowitz,historical_mean,0.15852202842587299,0.04539080214826973,0.0,0.0,0.17434652023639916,0.3852318665155719,0.0947320419534808,3.002909386909417e-16,0.14177674072040503,1.0938159964368398e-17
2021-02-26,mean_cvar,historical_mean,0.13974857824349846,0.04468989344546526,9.291256110750506e-20,1.3410624939800473e-17,0.14602838348204203,0.3999999999999999,0.12553334445668524,8.655656791716223e-20,0.10398263591833168,0.0400171644539773
2021-02-26,markowitz,capm,0.20054793599435775,0.1399812100913286,0.10124274392999145,0.019692288037427487,0.023472905800245043,0.25141174177744535,0.09567102885011339,1.5558301175166992e-17,0.04971997561798239,0.11826016990110853
2021-02-26,mean_cvar,capm,0.05894873343939143,0.04274107642952439,0.07807816883824803,0.01660216111091757,0.0658346992350788,0.4,0.1646192592800997,3.928795702493305e-18,0.05869894927237516,0.11447695239436494
2021-02-26,markowitz,ff3f,0.1983859746728732,0.11483054709742643,2.3439095716420994e-16,0.0,0.3090045757771272,0.343470534225908,0.0,7.018574293255438e-16,0.03430836822666434,8.852341331754691e-18
2021-02-26,mean_cvar,ff3f,0.1439055934461791,0.07475215016322838,0.025561777161239356,4.246135846047424e-18,0.22117265795159533,0.4,0.020414698648245203,0.0,0.06702244392634006,0.04717067870317247
2021-03-31,risk_parity,none,0.059293761342364006,0.04985816874503391,0.06582053500993784,0.0601066406084599,0.1669419446585112,0.24788868981786483,0.10350053728489728,0.05819168891004037,0.10277840567917523,0.08561962794371561
2021-03-31,markowitz,historical_mean,0.16995554569335755,0.07583562402919336,0.0,1.3250814020256826e-16,0.19291326424619482,0.3664989970196393,0.07587294370264178,0.0,0.0882258555442012,0.030697769764772027
2021-03-31,mean_cvar,historical_mean,0.10484753117628659,0.08648219949863568,1.5498146736703978e-17,0.0,0.1446811821503823,0.40000000000000013,0.1069750916321069,1.2704841503156867e-17,0.07453339231076968,0.0824806032318189
2021-03-31,markowitz,capm,0.2072232582782398,0.1528227398503537,0.10751666603616468,0.029866887230825985,0.030314134022536222,0.21218848663284431,0.08110672262222253,1.8878670328403846e-17,0.03925161597907117,0.13970948934774158
2021-03-31,mean_cvar,capm,0.05814889604498604,0.0724351648425085,0.08549527008791609,0.0005734544108009085,0.07096427356917841,0.3910501749313593,0.13859575091140258,2.503236554356862e-18,0.05278196976786878,0.12995504543397934
2021-03-31,markowitz,ff3f,0.19601619014920546,0.15695172353112563,0.0,4.7618498228742244e-17,0.27877335418032506,0.29719449653220337,1.777329233223698e-17,2.9069577826704505e-16,0.07106423560714005,0.0
2021-03-31,mean_cvar,ff3f,0.1081814184747131,0.11478642585068448,0.025434270326389945,3.0818446200016198e-18,0.19517901324356352,0.3731864498832082,0.05879133246152032,1.644883229053044e-17,0.060242057596963626,0.06419903216295683
2021-04-30,risk_parity,none,0.06004728297791273,0.04981977107700231,0.06622181484930478,0.059871951734897545,0.1640417459849727,0.2457712717412871,0.10381930841153297,0.059063781290856245,0.103557218652171,0.08778585328006278
2021-04-30,markowitz,historical_mean,0.2507051116230636,0.0,0.0,3.057293425313879e-16,0.13117414271195468,0.3459389882250671,0.0605741540858893,0.0,0.08517015016440596,0.1264374531896191
2021-04-30,mean_cvar,historical_mean,0.13621740253146314,0.03311628846847184,2.9758843321632237e-18,0.0,0.0691663327554184,0.39829312239051934,0.11956580951602928,4.803197405164714e-18,0.08998438122654981,0.15365666311154802
2021-04-30,markowitz,capm,0.20735832194848314,0.1687014759305905,0.10916061838826292,0.03270724751313179,0.032123533627149765,0.1934463385693561,0.07405636062653097,7.230943361672126e-18,0.03862363830463703,0.14382246509185787
2021-04-30,mean_cvar,capm,0.07126859496928245,0.07464351098848834,0.07824433310596053,0.0015589408533037952,0.052274241454932126,0.37259991665619746,0.14797236017430251,4.2231344261435993e-19,0.05390810068600695,0.14753000111152595
2021-04-30,markowitz,ff3f,0.23055917157057015,0.1048465352005215,0.03878008387029078,0.0,0.24198218784571598,0.26063081751402567,0.0,2.0557773014753205e-16,0.08383590501567277,0.03936529898320311
2021-04-30,mean_cvar,ff3f,0.11338588986855132,0.08303151090085324,0.062544676740407,8.041380377829327e-20,0.15515904005506567,0.3606796740838408,0.06696585131493098,3.388908679251445e-18,0.06787813036166823,0.09035522667468293
2021-05-31,risk_parity,none,0.0586717425850204,0.049566150153654544,0.06518022288593046,0.06125483338357219,0.16448377889015092,0.2473747889117884,0.10429040348677976,0.0559121535184542,0.10163175227478773,0.09163417390986137
2021-05-31,markowitz,historical_mean,0.2037628899649003,1.0302991725958463e-16,0.0,6.776552703558943e-17,0.14311559340718755,0.33089069927602294,0.06683284927513097,0.0,0.08012352989369212,0.17527443818306582
2021-05-31,mean_cvar,historical_mean,0.1349976291405952,0.013718369666307937,3.0816140886513526e-18,5.27171802835805e-19,0.08500105536177284,0.38500512269490533,0.10809840951763838,3.730509809484092e-18,0.0846313002731548,0.18854811334562557
2021-05-31,markowitz,capm,0.2125213109929886,0.17024581891816476,0.10248687071543083,0.03857092770999333,0.033812762362991,0.18287864084544794,0.07121664279332977,3.78576455022857e-18,0.03694404179110286,0.151322983870551
2021-05-31,mean_cvar,capm,0.056322173298851995,0.09401506888111137,0.05133834017638957,0.01578666796159135,0.05724144951513828,0.3727172518925787,0.1277468610654564,2.3323988281036798e-18,0.05845658487274496,0.16637560233613727
2021-05-31,markowitz,ff3f,0.24618645999021369,0.06598316820266553,0.041871110449767886,0.0,0.23346733006096881,0.24425918212330697,0.0013530019624867114,1.6879610165205915e-16,0.08698419544252196,0.07989555176806824
2021-05-31,mean_cvar,ff3f,0.11627639158533457,0.07218970561571528,0.058594490884169625,4.0295195293070005e-18,0.1566371680535377,0.3388926166993488,0.04792611594826169,1.2447747516283494e-17,0.0885624623306324,0.120921048883
2021-06-30,risk_parity,none,0.05910136538301228,0.04976079087977728,0.06508393294918853,0.061436575434782405,0.1655708268298651,0.24783900758127156,0.1038127292264119,0.05604990842084723,0.10032835734573939,0.09101650594910435
2021-06-30,markowitz,historical_mean,0.15584323252532864,0.0,0.0,0.0,0.10161104316793514,0.3141057536431578,0.06492949485574254,9.036295712074642e-17,0.14748046802607997,0.2160300077817557
2021-06-30,mean_cvar,historical_mean,0.1299358341923719,0.0031368049405377943,7.461887413487972e-19,9.582455595410639e-19,0.07341373152223236,0.3380266322101447,0.1348921891051835,2.394866727387754e-18,0.12633106065452418,0.19426374737500537
2021-06-30,markowitz,capm,0.2168320075974535,0.167158181617152,0.09577712752298256,0.04388151010185184,0.03597822894384869,0.18488049951390967,0.07486263194959888,5.1508073522534e-18,0.026482443512355243,0.1541473692408477
2021-06-30,mean_cvar,capm,0.06361252609775533,0.07726623044465881,0.06490259042326296,0.012663050004470823,0.06538722830877347,0.3689137540896085,0.1308638149942729,3.395693650347127e-18,0.05870592657218007,0.15768487906501705
2021-06-30,markowitz,ff3f,0.29282683530073345,0.02683866691132755,0.0295815839932855,2.9764737766516106e-18,0.19953749502931734,0.22443304640234138,0.03622181515714993,0.0,0.04191835964287194,0.1486421975629728
2021-06-30,mean_cvar,ff3f,0.12746533619244296,0.036495024026782466,0.06268968169127218,2.025723420073042e-18,0.12469857565895952,0.34337596923665237,0.10155705891459164,5.4645348304355575e-18,0.06118680354096066,0.1425315507383382
2021-07-30,risk_parity,none,0.05905322323487362,0.049830745084808205,0.06531750662716827,0.062149943558670734,0.165821044133047,0.24670582086346757,0.10364000399623545,0.055854898479249536,0.10175751541495948,0.08986929860752027
2021-07-30,markowitz,historical_mean,0.20153759348247824,1.4642605686661228e-16,0.0,1.2032844839929666e-17,0.13692968974224143,0.3071850950255422,0.10524788646744898,0.0,0.10644890062559864,0.14265083465669046
2021-07-30,mean_cvar,historical_mean,0.14891640490666208,4.486123094036766e-18,2.212939318420959e-18,0.005518793769457034,0.08453105795944535,0.3377530863777662,0.17194725382039627,2.324228198239348e-18,0.09729087022831835,0.1540425329379546
2021-07-30,markowitz,capm,0.22557018336581616,0.1726090161602252,0.0922767245125911,0.04556612854231779,0.04128591730637437,0.17594866695568506,0.07556214371889836,8.410346940521711e-19,0.016011070608569287,0.15517014882952265
2021-07-30,mean_cvar,capm,0.08120367575811195,0.03111303762885559,0.0856353116599516,0.048370605527071044,0.06611509875655522,0.35230358537296336,0.1531497236694735,1.0837334381310999e-18,0.024782247169511835,0.15732671445750596
2021-07-30,markowitz,ff3f,0.31275081248472164,0.028153258877941446,0.013313057501877173,0.0,0.2290943649055471,0.22064359440051706,0.050951301391630115,0.0,0.0035207288017397747,0.14157288163602558
2021-07-30,mean_cvar,ff3f,0.14873918643028605,0.0012288944034824733,0.07656335218146415,0.005135697437570955,0.12185901561587502,0.33279947501088025,0.1413289856224018,4.658015306484669e-19,0.029877748777709098,0.14246764452033028
2021-08-31,risk_parity,none,0.05873186669232689,0.0502575902296904,0.06530620099182936,0.06328245443949652,0.1652569347496941,0.24664479131759015,0.10366998328434812,0.055354713718616534,0.1016918521039754,0.08980361247243254
2021-08-31,markowitz,historical_mean,0.20673327842072936,0.0,0.0,9.040415071514702e-17,0.15470711383770872,0.3137700120664152,0.0780650130456064,4.7128294950760794e-17,0.1285216588235873,0.11820292380595297
2021-08-31,mean_cvar,historical_mean,0.16295613830890335,1.0501643136829897e-19,5.283921856123126e-19,2.8881569571162408e-18,0.11021777835868161,0.3495302790958197,0.12883754438619435,3.123963112690277e-18,0.11626334885753396,0.13219491099286707
2021-08-31,markowitz,capm,0.2278417296296859,0.171754469407494,0.09336724542532387,0.04385058329872662,0.04089291986327254,0.17555316859898906,0.07581492540474685,0.0,0.015505563759987219,0.15541939461177393
2021-08-31,mean_cvar,capm,0.06176385691610691,0.08300881641939005,0.06689913779028274,0.011440697485726896,0.06614529776730456,0.3838597803138392,0.12773383289716372,9.587736265236039e-20,0.04718070076894113,0.15196787964124478
2021-08-31,markowitz,ff3f,0.31790204970340075,0.0186617737888405,0.0077021683109562,0.0,0.23772482038991327,0.22241235060254605,0.04731107384805932,1.8770250111155296e-16,0.004871487138118513,0.1434142762181653
2021-08-31,mean_cvar,ff3f,0.14321985518514369,0.037501982256990994,0.05411013411476538,1.591207257676955e-18,0.14381684727812571,0.34471721424014223,0.10078715748199063,1.6876151894755267e-17,0.044855282690387625,0.13099152675245376
2021-09-30,risk_parity,none,0.058394402800424135,0.05006189128756937,0.06555558638194861,0.06379868167807216,0.16497412434152117,0.24635150954812307,0.10373869809688899,0.05529040030659485,0.10195607221156891,0.08987863334728871
2021-09-30,markowitz,historical_mean,0.20358573214910713,1.4921397780160643e-16,0.0,1.1384122811097795e-18,0.14813580403286833,0.29549971569982153,0.07676289939875275,8.601111359599065e-17,0.15049127511270702,0.1255245736067429
2021-09-30,mean_cvar,historical_mean,0.1682100480462063,5.1612764032926635e-22,2.227665529242894e-18,0.0021187469633159204,0.11446162489705448,0.35331536047614903,0.0985633973838456,3.785127700096123e-18,0.11262412294056373,0.15070669929286504
2021-09-30,markowitz,capm,0.22732561271569357,0.1640903884123714,0.10166989261600355,0.05159354617076177,0.039022945757813336,0.16931394516108794,0.07417164692775341,0.0,0.01634042035080313,0.15647160188771198
2021-09-30,mean_cvar,capm,0.061910151030674244,0.039989530824031665,0.059131262728355775,0.06925361435806768,0.07050812795501461,0.3760722420012465,0.12059801343223854,1.2978731342692865e-18,0.02368858864606218,0.17884846902430881
2021-09-30,markowitz,ff3f,0.314260409293309,0.0,0.0290517586434191,0.0,0.22446444373837507,0.20908463967665317,0.04857431615008178,6.101728890488441e-17,0.013855942025892782,0.16070849047226918
2021-09-30,mean_cvar,ff3f,0.14103362789915835,2.9691817169014884e-18,0.057229364821804254,0.04213476337456586,0.14578392631245,0.33754769792891975,0.07277974534714858,9.268807803414183e-19,0.026279270840988047,0.1772116034749652
2021-10-29,risk_parity,none,0.0572165510517611,0.05157203923926153,0.0656350485064474,0.06385742181552351,0.16560021499318267,0.24762057737270254,0.10516853898626193,0.05517412386138554,0.10027372091200489,0.08788176326146895
2021-10-29,markowitz,historical_mean,0.20579294479381552,8.693099137670884e-17,0.0,3.350862339338012e-18,0.1503052571282813,0.31031936767584206,0.09152180596953649,4.3408320964414757e-17,0.1505642793791674,0.09149634505335723
2021-10-29,mean_cvar,historical_mean,0.15981396606238477,2.275537379225083e-19,2.781899485180604e-18,1.6852524521227155e-21,0.08459063756413679,0.37163122385098185,0.16549104458063985,4.190936695957153e-18,0.09705076529067465,0.12142236265118211
2021-10-29,markowitz,capm,0.22124939222446907,0.16660059792934448,0.09792179775638078,0.04880291614892657,0.03799476772921644,0.18096785271170251,0.07663160541185196,2.0091621508872004e-18,0.015556167227772503,0.15427490286033563
2021-10-29,mean_cvar,capm,0.04823738214608327,0.04311272624166683,0.050602181190366996,0.05083824012399749,0.04594827900821272,0.39982989390918233,0.16627772582027353,5.360471963814085e-18,0.014547501125339717,0.18060607043487698
2021-10-29,markowitz,ff3f,0.29027402592364643,0.041928234377095,0.030616040585096885,0.0,0.20958799854305318,0.2240010859452477,0.04549816198822211,2.7706447704688167e-17,0.01642754755587382,0.14166690508176497
2021-10-29,mean_cvar,ff3f,0.12040913236906771,4.774218915248161e-19,0.04201617714573672,0.04603980987195931,0.10106977348085754,0.36572434482619154,0.14822422774982769,1.3902644602372566e-19,0.015517513589702757,0.1609990209666568
2021-11-30,risk_parity,none,0.05816130027604171,0.0545070044023543,0.06908525028465494,0.06873590088371952,0.17190270982023542,0.24153110908092085,0.10612831603407666,0.0536232371466601,0.0958317388422341,0.08049343322910256
2021-11-30,markowitz,historical_mean,0.30164820864028263,0.029456414751804372,5.941258498631112e-17,0.0015023898360256565,0.2483807784227389,0.25735889095208386,0.05786535239661619,0.0,0.10378796500044829,2.0852083156096286e-18
2021-11-30,mean_cvar,historical_mean,0.2586644110903133,0.04148385874163408,7.330168130534418e-19,1.6393121000470154e-18,0.18801604824986126,0.30438373017798787,0.12028564511988471,6.610910031554681e-18,0.0871663066203189,1.824863233453204e-18
2021-11-30,markowitz,capm,0.25448948471859034,0.1840595767775904,0.10571084625291897,0.047350389757891055,0.04042901811724651,0.12900407865666083,0.05941764104674682,0.007617182375581911,0.01569058007282341,0.15623120222394973
2021-11-30,mean_cvar,capm,0.10426834569599257,0.09309152463706688,0.09439980281762717,0.007603392764536996,0.06591442719381815,0.3394547318008787,0.16198517498103696,0.0,0.028947172004721734,0.104335428104321
2021-11-30,markowitz,ff3f,0.28447189525404265,0.09957018601339791,0.018956713548534558,0.0012406789543997375,0.21192183844374995,0.19905368612465893,0.04590674786924414,0.0,0.013466191502407035,0.12541206228956517
2021-11-30,mean_cvar,ff3f,0.15842184782736007,0.07003287956878985,0.0470093413923467,5.34491876774746e-19,0.14532254563828495,0.31157420740528696,0.13254964654184032,1.313483654968615e-18,0.02738381409685848,0.1077057175292326
2021-12-31,risk_parity,none,0.05781864863079081,0.053975254741901235,0.06745429964626788,0.06858281148750382,0.17461186409700952,0.24530321747556944,0.10384172506312309,0.05354316079025438,0.0945546797633005,0.08031433830427931
2021-12-31,markowitz,historical_mean,0.32679580066782565,5.619809495148105e-17,2.309276932835129e-18,0.0,0.253875444095803,0.2496366445963196,0.07592775031813562,0.0,0.09376436032191621,0.0
2021-12-31,mean_cvar,historical_mean,0.24819162030294223,0.05157586110252321,7.886118715838948e-19,4.801506594494471e-18,0.2253057468089654,0.311897665777914,0.07736298112037733,4.714218541410101e-19,0.08566612488727784,6.150668882486444e-21
2021-12-31,markowitz,capm,0.2675908584037742,0.18690943419591366,0.09810386982471456,0.049881231056943996,0.039996855032784384,0.12612290658866016,0.05034941530172126,0.010239423623560274,0.011535426964455349,0.15927057900747216
2021-12-31,mean_cvar,capm,0.08622138317619792,0.09709789880417852,0.09062059608653251,0.009741643464842908,0.07602962699631735,0.3879928564342151,0.10942513269210873,3.765689058759949e-18,0.024166280542883542,0.11870458180272361
2021-12-31,markowitz,ff3f,0.2891391136668048,0.09300751561243924,0.011615849583925975,0.00879617469007781,0.22362363616421158,0.2056808380525034,0.030735555995663185,9.268234508856558e-17,0.009703279770296426,0.1276980364640777
2021-12-31,mean_cvar,ff3f,0.13562455341688684,0.07481588493533747,0.05352859640006652,0.0040022652304268595,0.15988960184269596,0.349091350818289,0.0843520943057583,3.1742772805306274e-19,0.024042984696945564,0.11465266835359351
2022-01-31,risk_parity,none,0.06141647319567423,0.0568870442275295,0.06821615265304218,0.06890589623743192,0.17224055439370112,0.2364946061208585,0.10555488267681333,0.05458374048214438,0.09346843439267434,0.08223221562013054
2022-01-31,markowitz,historical_mean,0.3345452195959671,0.012894807706462987,8.17717136949829e-17,7.540033186573605e-17,0.23153011316405045,0.22494257653436686,0.0124607483571238,4.4968979169730805e-18,0.0630095865809315,0.12061694806109714
2022-01-31,mean_cvar,historical_mean,0.26903993816492244,0.015642450974810138,5.0270947160318234e-18,8.413596897668769e-19,0.18015022726086466,0.2537713827915094,0.09525617505726172,1.4985930071522812e-20,0.055950879171925386,0.1301889465787063
2022-01-31,markowitz,capm,0.280111915490943,0.19987442556634893,0.10945426077540539,0.05981453802735927,0.04385713765417682,0.09361831542523484,0.05440504150814397,0.01158344254400544,0.014824309068554642,0.13245661393982774
2022-01-31,mean_cvar,capm,0.16348703251012164,0.07381379624851686,0.07948589042151628,0.07295488374620751,0.08962420038761142,0.26029655518177836,0.11299799204547943,3.6788838487108856e-19,0.004447490929267337,0.14289215852950118
2022-01-31,markowitz,ff3f,0.2964181423146143,0.10519262926546778,0.04733797437307863,0.02188261272780202,0.19330964001161627,0.1593677084465385,0.05293786580479742,0.0,0.022210285775908813,0.10134314128017646
2022-01-31,mean_cvar,ff3f,0.1981834016914583,0.04902418056539225,0.05001767485289859,0.03790516954951122,0.14590410757533748,0.2472451987330019,0.13322405867805379,5.628147332387604e-18,0.01791605124138422,0.12058015711296237
2022-02-28,risk_parity,none,0.060336725079599515,0.054704653063691745,0.0690256532700428,0.07798757972359634,0.16383879712423172,0.2343632835296868,0.1056221066591321,0.05481436324942448,0.09478909395241934,0.08451774434817501
2022-02-28,markowitz,historical_mean,0.3142542823128907,2.904475976134996e-18,5.449068828805321e-17,0.0,0.2151387410213061,0.20670625320237276,3.025898224441339e-17,5.421823938545265e-18,0.08107173699170295,0.18282898647172752
2022-02-28,mean_cvar,historical_mean,0.2393068166495439,0.0,4.945234941029983e-19,0.008291407434565782,0.15896337100558142,0.3118961202109176,0.03617159528811685,6.5633252074215415e-18,0.08161741976111023,0.16375326965016418
2022-02-28,markowitz,capm,0.26940212940213537,0.19334485502240892,0.10495211102746646,0.0633308496528244,0.04705575319418184,0.10805813446922864,0.0579500501455368,0.010765607082269384,0.014635003219627608,0.13050550678432066
2022-02-28,mean_cvar,capm,0.1083946155693086,0.07664671385494518,0.07199914240863198,0.0802005088267069,0.08998491242865339,0.33643131879904836,0.09266710033902122,1.3704378998135773e-18,0.02203327135004492,0.12164241642363936
2022-02-28,markowitz,ff3f,0.3464711781330479,0.0024322908693108405,0.0757079096500378,5.8781372106560256e-18,0.12580493076576219,0.11742055155947084,0.04511402768143169,0.012802630705407174,0.04400233361107924,0.2302441470244523
2022-02-28,mean_cvar,ff3f,0.16045455706727285,0.03125309863623582,0.06585124697458067,0.034808682219799304,0.12938302899783372,0.29633807377877786,0.06664394864711448,1.1596015642154397e-20,0.05367649069360428,0.161590872984781
2022-03-31,risk_parity,none,0.05947693577553686,0.05531247623385883,0.06815071659146961,0.0768400662801158,0.16243225436205125,0.2358845636047274,0.10436084063225527,0.054465593902328115,0.09873614159221947,0.08434041102543724
2022-03-31,markowitz,historical_mean,0.2693943140900642,2.49483390218387e-16,2.3386579673691223e-17,2.8877047237793595e-17,0.18343506325472753,0.2028460204571499,0.0,0.0,0.17652082545153402,0.16780377674652394
2022-03-31,mean_cvar,historical_mean,0.18562986476984467,0.02486170615088138,1.5409960345553753e-18,8.822232336675225e-22,0.1469008173805467,0.3442068578871297,0.0012039910049936365,1.0233199376892176e-17,0.11775074835610981,0.17944601445049427
2022-03-31,markowitz,capm,0.26927215280990086,0.1873904814123847,0.10408074517660755,0.06651597879908767,0.04863938119289222,0.11296574279641135,0.05975089894545716,0.009117354094570575,0.012110922737031462,0.13015634203565657
2022-03-31,mean_cvar,capm,0.07316259889731712,0.07684855800537603,0.07883475663730302,0.06233831789693242,0.09396538944776694,0.3807795364687451,0.08830327171492454,3.2869011055362533e-18,0.017715069124592153,0.12805250180704258
2022-03-31,markowitz,ff3f,0.35177175155378243,0.0,0.09436420992522293,3.4728350837426314e-20,0.09889097195747115,0.10674525741811271,0.04933547286207857,0.024538866057158017,0.03143509402862707,0.24291837619754716
2022-03-31,mean_cvar,ff3f,0.13781450040227394,0.003645556980752315,0.07706985645185858,0.03963536083098836,0.09003907441050991,0.342187859251039,0.10992829921929012,3.41853643876639e-18,0.023442311692012236,0.17623718076127554
2022-04-29,risk_parity,none,0.061380120540974685,0.05495179566828547,0.06849413127030832,0.07499213953087727,0.16147918211487972,0.23104653220692156,0.10503340686324114,0.057356572302049436,0.09877308068910245,0.08649303881335998
2022-04-29,markowitz,historical_mean,0.3470484888928777,0.0,3.982198346574004e-17,1.4004165123544796e-16,0.11829248242052941,0.09960185625883314,0.0,0.0,0.29736382456995053,0.13769334785780907
2022-04-29,mean_cvar,historical_mean,0.22567940816784837,0.005353067553236642,5.680494739058904e-19,4.5083876203717e-18,0.11074636006273507,0.310205445615706,9.382931005863989e-19,3.681566236125093e-18,0.1797613145669736,0.16825440403350034
2022-04-29,markowitz,capm,0.2870373087631258,0.1862171199138824,0.1040193657369628,0.05932655528766702,0.041191443806568015,0.09398474820286828,0.05300173672594897,0.03124891371130195,0.010734949992132592,0.13323785785954204
2022-04-29,mean_cvar,capm,0.10004795100347656,0.06580532696290681,0.07985845310808189,0.04918999666866898,0.08031433399507844,0.36095464218603024,0.10057728292348402,4.664143528126448e-19,0.025470202832465857,0.13778181031980724
2022-04-29,markowitz,ff3f,0.3772111542674739,0.0009668029006341658,0.09856589960965237,2.8053731213062427e-18,0.07413733104614884,0.07890722225021221,0.036942300784188475,0.05387358124531024,0.037660930446001974,0.24173477745037783
2022-04-29,mean_cvar,ff3f,0.1472991867146171,0.009955683938952657,0.08456934721446448,0.025156464931607257,0.08432124685100234,0.3249922738012754,0.09501716185213815,1.073892458165552e-05,0.036657644259343605,0.19202025151201746
2022-05-31,risk_parity,none,0.06000061931044899,0.053410244445887704,0.06826159119178261,0.07520947073379272,0.14143296130989558,0.2302867867753684,0.10457082541138576,0.06099874208703857,0.10552820935828702,0.10030054937611281
2022-05-31,markowitz,historical_mean,0.1700360495889496,0.0,0.0,2.0968470015869646e-16,6.610922746730361e-17,0.029963950411050214,4.054916125095785e-17,0.0,0.39999999999999986,0.39999999999999986
2022-05-31,mean_cvar,historical_mean,0.1382190193925417,1.6460149296821142e-18,3.6806859079561586e-18,8.638302034944958e-20,0.028372882298279927,0.34769566718676354,9.332184431981895e-19,5.182981220966974e-20,0.2168520338990322,0.2688603972233827
2022-05-31,markowitz,capm,0.3231079524112456,0.20312199451295943,0.10715741946851855,0.05234760873938266,0.04861163053912793,0.06695538699499526,0.044057545352036265,0.02936390848053915,0.007522142298125194,0.11775441120306993
2022-05-31,mean_cvar,capm,0.06556102685713494,0.02486006986767337,0.041726202743063975,0.06845637239770463,0.023394052956845945,0.3976800893904554,0.16288288316954921,9.743244931315295e-19,0.04760734968137811,0.16783195293619443
2022-05-31,markowitz,ff3f,0.4,3.698705996779174e-18,0.12072129431310143,1.916277811928871e-18,0.04052367294274157,0.028504306918781124,0.01678757135299369,0.08062678866909688,0.043430478760621706,0.2694058870426636
2022-05-31,mean_cvar,ff3f,0.08812321962357755,8.682058509697397e-19,0.04037548735856252,0.05044500473178338,0.01615713780322256,0.3811693762590742,0.15626007600716726,2.2310391543739336e-18,0.06049367019538716,0.20697602802122517
2022-06-30,risk_parity,none,0.0607706858608591,0.05410832551474465,0.07000776552033723,0.07699133007875068,0.1393997902852662,0.22796624902850227,0.10678177338763627,0.06051925639087858,0.1042283147251641,0.099226509207861
2022-06-30,markowitz,historical_mean,0.33220518021080314,2.080956663496474e-16,0.0,0.0,0.0,1.218744885827377e-16,0.0,3.583626993243492e-17,0.3458537992133521,0.3219410205758444
2022-06-30,mean_cvar,historical_mean,0.1788131033950596,8.368746441130161e-19,8.826735325601276e-18,5.06553571641819e-19,7.014806685996384e-18,0.35244175405353767,0.021764471515308872,3.346996713298336e-18,0.18148114003743016,0.26549953099866375
2022-06-30,markowitz,capm,0.3617645445695778,0.23907886259610958,0.11716363876260133,0.038798103349678384,0.05433389739968902,0.0,0.027758400202610944,0.06134755648406283,0.0034110221778376752,0.09634397445783242
2022-06-30,mean_cvar,capm,0.06427233223205873,0.04555789276014349,0.044063111972469635,0.059459113805562465,0.026327463423663384,0.3773614013883624,0.15379558875367366,1.0091344216480825e-18,0.04221414856105003,0.18694894710301635
2022-06-30,markowitz,ff3f,0.4,0.0,0.2076756283522927,0.01662027047884579,2.1108311017936327e-17,0.0,5.341347251072165e-19,0.11447103864797584,6.316851200411167e-18,0.2612330625208856
2022-06-30,mean_cvar,ff3f,0.09608700408867818,0.0,0.06309313982159677,0.04664847323750301,0.0,0.3559881296291616,0.16242536247714306,3.5829493668856904e-19,0.050075381774736874,0.22568250897118053
2022-07-29,risk_parity,none,0.05756806824617075,0.052676459958817305,0.067066742056568,0.0786543281476842,0.13909710564001682,0.2338767449790978,0.10538745181257442,0.0570929538907335,0.10799088142795756,0.10058926384037949
2022-07-29,markowitz,historical_mean,0.22789767543886297,1.9783979142429237e-16,2.456531072309031e-16,5.172728564928341e-16,0.0,0.0,2.0040121905678938e-16,8.145068820797351e-17,0.37210232456113623,0.3999999999999996
2022-07-29,mean_cvar,historical_mean,0.12100504843147294,3.05157522718653e-20,1.5746816128050296e-19,0.0,7.04663265021817e-20,0.3999999999999999,0.0205994340592838,1.7695791227993658e-17,0.16507683060460163,0.2933186869046416
2022-07-29,markowitz,capm,0.4,0.28093062166011773,0.13019411513975365,0.011500095660536575,0.02785483096089337,2.651609959649467e-18,0.0,0.08300789462650303,0.0,0.0665124419521957
2022-07-29,mean_cvar,capm,0.009858431420855842,0.017681143163523053,0.035775869464891585,0.07884540707671911,0.03154964500330386,0.40000000000000013,0.16984906758871426,9.358087329140988e-18,0.049613383127086845,0.20682705315490535
2022-07-29,markowitz,ff3f,0.4,0.058770989938732025,0.23535501466274583,0.0,1.0670200018896027e-18,0.0,0.0,0.12223150131139966,2.0448064700207484e-18,0.18364249408712252
2022-07-29,mean_cvar,ff3f,0.018426721826695563,7.31854619681768e-19,0.0405453863456062,0.07181182875413676,0.006982059513837332,0.4,0.1837683228360977,4.642255287890657e-18,0.053585779589185825,0.22487990113444065
2022-08-31,risk_parity,none,0.058770488112025045,0.05165404556964464,0.06644077686104555,0.07966386713285002,0.13682986383127993,0.22927759317941313,0.10508056768690917,0.05532527313297592,0.11641337752478609,0.10054414696907049
2022-08-31,markowitz,historical_mean,0.3621082438704274,0.0,0.0,0.0,5.966838893638191e-17,0.0,8.356911760905649e-17,0.0,0.2378917561295725,0.39999999999999986
2022-08-31,mean_cvar,historical_mean,0.11888359936215895,1.9895061861976254e-18,9.112560006860187e-18,1.499566743464032e-18,0.006786076022431774,0.4,0.02467999415860832,0.0,0.16617528526379668,0.2834750451930042
2022-08-31,markowitz,capm,0.4,0.39255475386811345,0.08330976818772856,0.0,1.5196213524003393e-17,2.680816194813312e-17,0.0,0.12413547794415795,0.0,0.0
2022-08-31,mean_cvar,capm,0.0,0.01343291076556003,0.07079324600536979,0.09543944394581447,0.05635734131106259,0.4,0.12930064286110304,1.4821063856183256e-18,0.05292178037895708,0.181754634732133
2022-08-31,markowitz,ff3f,0.39999999999999997,0.28893413363653997,0.1608080602015969,0.0,8.473892503281234e-18,1.207607565840089e-18,0.0,0.1499079939228791,7.732242208150118e-18,0.0003498122389840626
2022-08-31,mean_cvar,ff3f,3.458351586546402e-21,0.010686211800682185,0.07100529222157259,0.09844864386261233,0.05263847681319807,0.3999999999999999,0.12176633671414389,5.042302823336468e-18,0.053711724999984486,0.1917433135878063
2022-09-30,risk_parity,none,0.0567967833797799,0.05035722758645405,0.06265131624250105,0.07779281469451657,0.14677663984006584,0.22592783372321606,0.10374421095095772,0.05438241633794527,0.12055154129241424,0.10101921595214927
2022-09-30,markowitz,historical_mean,0.39999999999999986,0.0,0.0,0.0,0.0,1.650201368960346e-16,2.602992631608669e-16,2.840323832572527e-16,0.19999999999999982,0.3999999999999995
2022-09-30,mean_cvar,historical_mean,0.06638028426922833,8.15442606389914e-18,1.9193039677580868e-17,0.03555493016230048,0.004759992597545824,0.4,1.7185653104100932e-17,7.088492833906525e-18,0.14273985772715753,0.35056493524376786
2022-09-30,markowitz,capm,0.3999999999999999,0.3698718335413296,0.08600704821741847,0.0,6.516397097910052e-18,0.0,4.8019785960613196e-17,0.14412111824125196,0.0,2.7294725023355723e-17
2022-09-30,mean_cvar,capm,1.5379566558550805e-19,0.015148155286335657,0.04654726422037895,0.10723387831085071,0.10039500937980674,0.3719495928491186,0.12873899632306263,3.848210575618893e-19,0.04812118494151691,0.18186591868892968
2022-09-30,markowitz,ff3f,0.2713570409739581,0.3999999999999999,0.17975819462525794,0.05009099030561241,0.0,0.0,5.338590252018636e-18,0.09879377409517164,0.0,4.417018405405958e-18
2022-09-30,mean_cvar,ff3f,1.486224141990103e-18,0.024828954406636846,0.045406043530797364,0.12252001478938035,0.07948857461392701,0.3723466166201869,0.1358483387775312,1.1324884574715633e-18,0.04083709883496747,0.17872435842657286
2022-10-31,risk_parity,none,0.05834553671470773,0.0526431700341138,0.06456923846815378,0.0739111687757467,0.1386156391111218,0.2222646104211439,0.10772035876034369,0.054185777916874026,0.13093785987312745,0.09680663992466715
2022-10-31,markowitz,historical_mean,0.40000000000000013,0.0,0.0,0.0,5.4189145704074005e-17,1.601542732717134e-16,0.0,2.8591794676758787e-17,0.19999999999999957,0.40000000000000013
2022-10-31,mean_cvar,historical_mean,0.043217371453528164,3.084263962441208e-18,2.0973931045723234e-18,2.3871848529021947e-18,1.1911002697492676e-17,0.39999999999999997,0.05126013054721304,1.3164641042821465e-17,0.22208133020170737,0.2834411677975514
2022-10-31,markowitz,capm,0.4,0.39999999999999997,0.011006279123114871,3.613913104399321e-17,0.0,1.6811731117695064e-17,2.152337372876718e-17,0.1889937208768851,4.238012718793806e-18,0.0
2022-10-31,mean_cvar,capm,4.929593092339314e-18,3.9151081730764116e-18,0.0038171219341751115,0.053133827881082396,0.02287178435354743,0.4,0.19383083597807985,1.5662964760930605e-18,0.11140798823947416,0.21493844161364106
2022-10-31,markowitz,ff3f,0.2729642071275664,0.4,0.11400672683105162,0.11620762130786483,0.0,7.26415455565288e-18,0.0,0.09682144473351713,0.0,0.0
2022-10-31,mean_cvar,ff3f,8.416417665903578e-18,0.0031518280001928928,0.0009478580736800694,0.05897023004177946,0.010347665026478839,0.4000000000000001,0.2174283727230916,2.0176867689065646e-18,0.10446596474897958,0.20468808138579755
2022-11-30,risk_parity,none,0.05789322391537613,0.05204438396375344,0.06421740243218696,0.07497223246132027,0.1399569712671408,0.2226181268259944,0.10750824564303925,0.05391829862019501,0.13232126185194992,0.09454985301904385
2022-11-30,markowitz,historical_mean,0.3999999999999998,0.08806277843720745,3.1729781326006526e-16,3.05136693827252e-16,6.486203931234949e-17,0.0,1.580680224036203e-16,0.0,0.11193722156279218,0.39999999999999986
2022-11-30,mean_cvar,historical_mean,0.06173486237614983,2.880494842470849e-17,1.1524648540590842e-17,4.261059489221877e-18,1.0096138218743551e-17,0.4,0.033150249333794554,1.640908513876624e-19,0.18612217641590323,0.31899271187415235
2022-11-30,markowitz,capm,0.3999999999999999,0.39999999999999986,0.010890140652426607,1.9340326863796132e-17,0.0,0.0,1.1165669526141631e-17,0.18910985934757352,0.0,1.4818253036263018e-17
2022-11-30,mean_cvar,capm,0.0,3.726192440760662e-18,7.164451826687525e-18,0.03395243963614541,3.853339540520281e-18,0.3999999999999999,0.22705226106338025,7.774438149282928e-19,0.11114163486705327,0.22785366443342103
2022-11-30,markowitz,ff3f,0.18139879365992864,0.4,0.2654147410999534,0.06785442541550683,6.75953467732613e-18,1.1589104784333337e-17,0.0,0.08533203982461107,3.021862066041165e-18,0.0
2022-11-30,mean_cvar,ff3f,1.8539917056559454e-21,2.91650402149437e-19,1.3730897115621348e-18,0.0727520658132804,6.8838020384974785e-18,0.4,0.20587947361941647,1.108648986466831e-17,0.10192466764066609,0.21944379292663702
2022-12-30,risk_parity,none,0.06212872770257594,0.05801667051798619,0.06375473809050125,0.06922149564759557,0.1343727193697109,0.22149069141722258,0.10848748801066296,0.0575864176991841,0.12744934464201413,0.09749170690254626
2022-12-30,markowitz,historical_mean,0.39999999999999986,0.0,1.840181805630996e-16,1.2555290251086743e-16,0.0,1.7063357057643572e-16,1.6418311367757995e-16,8.728666836286139e-17,0.19999999999999943,0.39999999999999986
2022-12-30,mean_cvar,historical_mean,0.06157140849865682,2.296684988533809e-18,1.847849613978847e-17,2.269098299062241e-18,1.344283128597271e-18,0.4000000000000001,5.123707958461412e-19,5.554268564741121e-18,0.23032932794748065,0.30809926355386247
2022-12-30,markowitz,capm,0.39999999999999997,0.4,0.00789611531649768,0.0,4.616508262534868e-18,2.901352013940911e-17,0.0,0.19210388468350229,0.0,1.0560446871760182e-18
2022-12-30,mean_cvar,capm,9.260833749911864e-19,0.07001877234450207,1.0740085352564034e-18,5.970342963182091e-18,0.031755248668262785,0.3999999999999999,0.2012541734537126,3.1549298076737527e-18,0.10290628983838067,0.19406551569514185
2022-12-30,markowitz,ff3f,0.24715634059453512,0.4,0.24535603509619028,0.0,0.0,4.0223900599212215e-17,5.262446294701517e-17,0.10748762430927455,0.0,0.0
2022-12-30,mean_cvar,ff3f,1.9687126435048556e-17,0.06571504889888564,4.533816691219777e-19,0.008576681213131333,0.004115181825225414,0.40000000000000013,0.22371474756112514,4.37762682785155e-18,0.09888345760560494,0.19899488289602751
2023-01-31,risk_parity,none,0.061409367639106684,0.05730493177419947,0.06386023992073636,0.0701713301479079,0.13227527032128847,0.22081431547430092,0.10864431805136177,0.057130096285865704,0.1317158475830835,0.09667428280214925
2023-01-31,markowitz,historical_mean,0.254165849487477,3.449015162013125e-14,2.8035466326686515e-15,3.1480352179202864e-15,5.586351693731562e-16,4.423544863740858e-17,5.614540950216185e-16,3.572662998774234e-15,0.3458341505124861,0.39999999999999175
2023-01-31,mean_cvar,historical_mean,0.0006876364257872948,1.0864268535890181e-17,4.3488709238022485e-17,5.460710965381244e-18,1.7649345646881188e-17,0.3999999999999999,0.03182580429697572,4.347069400707416e-18,0.24387871717472923,0.3236078421025077
2023-01-31,markowitz,capm,0.4,0.3999999999999999,0.0,0.0,0.0,0.0,7.914675859144182e-17,0.20000000000000004,4.607979399141943e-17,1.691355389077387e-17
2023-01-31,mean_cvar,capm,4.591548453786813e-18,0.038342280359329003,5.1090477781363224e-18,1.5699072757211822e-17,0.009914471326820539,0.4,0.22886928372151988,2.7990810324005766e-18,0.1341607175006035,0.18871324709172707
2023-01-31,markowitz,ff3f,0.16540257578424716,0.3999999999999999,0.3033324811620092,1.3155565165338075e-16,0.0,2.5549690062741896e-17,0.0,0.13126494305374345,3.438847886734052e-17,0.0
2023-01-31,mean_cvar,ff3f,1.6799077899356171e-19,0.04358547739067658,1.0710715893565672e-17,0.00046896008197086714,2.5359199349511984e-18,0.4000000000000001,0.23021586124828983,2.0924250945765685e-18,0.13077684048994678,0.1949528607891159
2023-02-28,risk_parity,none,0.062205332281673985,0.05635825028927546,0.06262529184702904,0.06763615676110257,0.12900742811149457,0.2202886921504122,0.1091653132532607,0.05652874256294238,0.13141955907634192,0.10476523366646717
2023-02-28,markowitz,historical_mean,0.39999999999999913,2.8786698948546026e-15,1.2266110660995232e-15,5.092119200277546e-16,3.3851131315344905e-16,0.0,2.4294433738673483e-16,8.422637332193264e-16,0.24589137743178993,0.35410862256820497
2023-02-28,mean_cvar,historical_mean,0.0337971660279835,0.016347284681256083,2.8045794736922593e-18,8.390671221293312e-18,5.881303831982556e-18,0.4,0.0246353339508084,7.103176569453159e-18,0.24422450839155416,0.28099570694839776
2023-02-28,markowitz,capm,0.39999999999999986,0.39999999999999986,0.0,1.5623406448930523e-17,2.982539131620296e-17,1.764287317592803e-18,6.813613262344072e-17,0.20000000000000012,0.0,3.545906013832945e-17
2023-02-28,mean_cvar,capm,5.899128971038145e-18,0.02891359927322615,5.3241213124515834e-18,1.1257566061277637e-17,0.009509691469928002,0.4000000000000001,0.23283684426026569,1.1956271452028912e-18,0.11798827642538659,0.21075158857119358
2023-02-28,markowitz,ff3f,0.0440223185330214,0.4,0.2862283415939028,0.11303307986643045,0.0,1.750647695385188e-17,0.0,0.15671626000664532,5.2438115698619225e-17,0.0
2023-02-28,mean_cvar,ff3f,2.202142100885351e-20,0.06531504684301288,8.168224809169625e-20,5.925412805138657e-19,5.734099285548683e-18,0.4,0.21381894699114842,3.932436087434449e-20,0.11726675202455233,0.2035992541412863
2023-03-31,risk_parity,none,0.06482898665539165,0.058837239727768845,0.06432117079981468,0.06815153041326343,0.12579962020792002,0.21324917244146815,0.10884808167492793,0.058033833259288486,0.12913582315893843,0.10879454166121857
2023-03-31,markowitz,historical_mean,0.40000000000000097,0.0943527028866443,0.0,0.0,0.0,3.0341599333203165e-16,0.0,0.0,0.10564729711335351,0.40000000000000097
2023-03-31,mean_cvar,historical_mean,0.0283322756949186,0.039927850983675475,2.188216396479481e-17,3.5387997337006645e-19,2.732617528698197e-17,0.3786680276487011,2.2225404486603332e-20,1.6747866856039745e-21,0.19489183460481474,0.35818001106789005
2023-03-31,markowitz,capm,0.3999999999999999,0.39999999999999997,1.734723475976807e-17,1.1915333013798416e-16,8.0122051928506e-17,0.0,7.263665937480105e-18,0.2,3.794218985526491e-18,0.0
2023-03-31,mean_cvar,capm,2.3571233239390187e-17,0.045967185358812925,7.204646041147688e-19,1.1542434558300285e-18,0.008647436668272905,0.4,0.2323517301978117,5.832237984243936e-18,0.10199425899299988,0.21103938878210268
2023-03-31,markowitz,ff3f,0.08907931073092017,0.39999999999999997,0.2718589851600131,0.08138392843405207,0.0,3.150284937428194e-17,3.289198340777899e-17,0.15767777567501462,5.158769461957591e-17,2.112669577041676e-17
2023-03-31,mean_cvar,ff3f,7.316286375754247e-18,0.07428785033134268,2.799545777287632e-17,2.3948703395396637e-18,0.0,0.40000000000000013,0.2050983462505424,5.222685835428781e-19,0.10185161660787873,0.21876218681023618
2023-04-28,risk_parity,none,0.06919130579636351,0.07087673185071701,0.07018821275141762,0.07625627816943963,0.10579777057173352,0.18855268774114198,0.116587890832505,0.06750535609235606,0.12361923657679474,0.11142452961753094
2023-04-28,markowitz,historical_mean,0.39999999999999986,0.17567299367166694,0.0,0.0,4.627626987366126e-16,0.0,0.0,0.0,0.024327006328332984,0.39999999999999986
2023-04-28,mean_cvar,historical_mean,0.014554405990583278,0.17427450874856978,2.8102064684743487e-17,1.723635879566253e-19,0.0,0.17975849593772697,1.4297607748013522e-17,1.9173022632590083e-17,0.23141258932311995,0.39999999999999986
2023-04-28,markowitz,capm,0.39999999999999997,0.3895003183727236,0.05017724125781913,2.1508020073889396e-17,1.1103511141428171e-17,0.0,0.0,0.1603224403694573,5.894924742971367e-18,0.0
2023-04-28,mean_cvar,capm,3.8666491669599175e-18,0.10773621108924658,5.366268158907053e-18,9.496701677000308e-19,3.239787220586479e-19,0.4000000000000001,0.19982711612371504,1.8278721557243922e-21,0.04321113974583284,0.24922553304120554
2023-04-28,markowitz,ff3f,0.29274012864611526,0.3999999999999999,0.30725987135388483,7.914675859144181e-18,0.0,8.565197162635483e-18,0.0,1.2847795743953224e-17,3.1062392241709696e-17,0.0
2023-04-28,mean_cvar,ff3f,1.977806721568283e-18,0.17584760585974912,2.434836794859254e-18,2.004318674715926e-18,5.9965704983294205e-18,0.3999999999999999,0.13274389462177413,1.2357985342040326e-18,0.012959609050173545,0.27844889046830323
2023-05-31,risk_parity,none,0.07154319048730787,0.07467290983930105,0.06907260106417216,0.0760318778181761,0.10412591131440656,0.1803436304639633,0.11647829901782261,0.06728291746320023,0.12791873701725198,0.11252992551439818
2023-05-31,markowitz,historical_mean,0.3999999999999996,7.979727989493309e-16,0.19999999999999954,0.0,0.0,5.751726409921952e-17,0.0,2.1441321087964514e-16,1.0779652257450203e-16,0.3999999999999998
2023-05-31,mean_cvar,historical_mean,2.0598467834393987e-17,0.14323049632941098,1.8805943081446974e-18,3.0252202299340616e-17,5.3712591009706605e-17,0.23868090751928897,6.738793480529309e-19,7.811384533857268e-18,0.21808859615130002,0.4
2023-05-31,markowitz,capm,0.4,0.36379379196696454,0.08160969805215862,0.0,0.0,0.0,1.483899918101688e-17,0.15459650998087682,2.792617816445483e-17,1.2604585341711123e-18
2023-05-31,mean_cvar,capm,3.214582339328368e-17,0.11000434424255918,9.12585679065078e-18,2.7516055186028895e-17,8.55959880309681e-18,0.4,0.1988893254041968,1.6760827596212245e-17,0.06671922990679786,0.22438710044644608
2023-05-31,markowitz,ff3f,0.21106147850697138,0.3999999999999999,0.36355916949873623,0.0,7.516892252908216e-17,5.936006894358136e-17,0.0,0.0,0.0,0.025379351994292206
2023-05-31,mean_cvar,ff3f,2.5928686089286666e-18,0.15066202000491535,6.8829295642922655e-19,2.788757087844456e-17,9.146912579597659e-19,0.4,0.14056424122078337,1.5290338372112753e-18,0.049005212507638965,0.25976852626666236
2023-06-30,risk_parity,none,0.0728895191151974,0.07604713138260204,0.06912288977745554,0.07624578482557286,0.10310500865201742,0.18080319382449261,0.11774956166439637,0.06675362468472609,0.1288228067821038,0.10846047929143575
2023-06-30,markowitz,historical_mean,0.39999999999999974,0.12608840320572884,0.07391159679427124,0.0,0.0,1.3951009012191424e-16,0.0,2.3346771792358936e-16,1.5210047361841325e-16,0.39999999999999974
2023-06-30,mean_cvar,historical_mean,0.07594567197846779,0.09668564181093517,1.4569009690295505e-19,1.3342881559047188e-19,6.979927226638384e-17,0.3067201388089138,5.3670885758346856e-20,3.3843004306385107e-17,0.19909082549227577,0.3215577219094074
2023-06-30,markowitz,capm,0.4,0.3926297579874998,0.030114713604415838,4.6561792208257195e-17,2.5881691412155405e-17,1.1747099834664001e-17,0.0,0.17725552840808434,0.0,1.359282959066305e-17
2023-06-30,mean_cvar,capm,9.94669745864936e-19,0.09818501675887845,1.256753211791062e-19,4.0508310359927136e-18,1.1249681107955997e-17,0.3999999999999999,0.21815780472502697,2.1245341585823767e-20,0.06891321322602555,0.21474396529006903
2023-06-30,markowitz,ff3f,0.15123717018618638,0.4000000000000001,0.4000000000000001,0.0,0.0,9.425725363351048e-17,0.0,0.0,0.0,0.048762829813813434
2023-06-30,mean_cvar,ff3f,1.4294100097951104e-18,0.1318299672050565,6.226384441494521e-18,3.170447609121606e-17,4.037594669033985e-17,0.4,0.15497978429351483,0.0,0.055518498857447536,0.25767174964398115
2023-07-31,risk_parity,none,0.07174725207888355,0.07506810825078383,0.06876660711898538,0.07664839918346902,0.10269523852098468,0.1822335565601178,0.11825888131458931,0.06608796428246765,0.13158959449587454,0.10690439819384423
2023-07-31,markowitz,historical_mean,0.39999999999999986,0.20000000000000015,0.0,0.0,6.468972682628128e-17,0.0,0.0,0.0,8.91824383029433e-19,0.39999999999999986
2023-07-31,mean_cvar,historical_mean,0.12151083397505176,0.08506202815623515,1.1499987039140521e-17,5.073895936948747e-17,4.867120652739276e-18,0.2835876843045767,5.2289821667139024e-17,2.1560077524998887e-19,0.16786858559006337,0.34197086797407283
2023-07-31,markowitz,capm,0.4,0.39999999999999986,0.01641344680018476,1.0058792737887307e-16,0.0,3.158455735246853e-17,3.4927998337577915e-17,0.18358655319981532,0.0,2.2524723745802542e-17
2023-07-31,mean_cvar,capm,2.4408546103772258e-18,0.10980213890307929,2.2667402356772508e-20,1.5912177818603076e-18,7.492109496287025e-18,0.4,0.205194996197689,6.956580184910277e-18,0.07035688070546063,0.21464598419377112
2023-07-31,markowitz,ff3f,0.14179806172249781,0.39999999999999986,0.3999999999999998,0.0,0.0,1.440972449869015e-16,4.3530717225292985e-17,0.0,0.0,0.058201938277502197
2023-07-31,mean_cvar,ff3f,7.086971541720307e-18,0.13444094533884604,2.3432926025165163e-17,1.4208066893625703e-17,7.37412013679195e-19,0.3999999999999999,0.15204004840803859,4.3388174268901515e-17,0.04955929441744882,0.2639597118356665
2023-08-31,risk_parity,none,0.0706135631228664,0.07232454427789839,0.06554741585522686,0.07684881610817194,0.10466124349642938,0.17761777864226092,0.1171808003026174,0.06410534455390655,0.14257288883256963,0.10852760480805261
2023-08-31,markowitz,historical_mean,0.3999999999999994,0.24325651980773916,0.0,5.495800505092935e-16,0.0,0.0,2.1295956013753146e-16,5.013466322343186e-16,3.559937902184578e-16,0.35674348019226
2023-08-31,mean_cvar,historical_mean,0.08826732077813564,0.11575861893912959,3.9774915019418605e-21,8.448740569642022e-21,7.406363486374498e-22,0.2644699403205754,6.932016728489282e-18,3.4563029603081e-21,0.1956321860378399,0.33587193392431947
2023-08-31,markowitz,capm,0.4000000000000001,0.4000000000000001,0.026318736931007072,1.608385545263598e-17,7.850310123146325e-17,4.205771771237222e-17,0.0,0.17368126306899273,0.0,2.1387507446387876e-17
2023-08-31,mean_cvar,capm,0.0,0.11480448427347233,0.0,1.8296048423695695e-18,5.3354348501038915e-20,0.4,0.18805229506081006,5.9350048798748476e-21,0.11828735541235225,0.17885586525336533
2023-08-31,markowitz,ff3f,0.10568549152106002,0.4,0.39999999999999986,3.3732240091455257e-17,0.0,0.0,9.8879238130678e-17,0.0326522840971699,2.1277467635028025e-17,0.06166222438177014
2023-08-31,mean_cvar,ff3f,2.0447101729733183e-17,0.1499283273504677,5.568926252883836e-17,1.6316189009917187e-17,7.561036647606694e-17,0.39999999999999997,0.12106594546862275,2.0969930584606333e-17,0.09408587403080416,0.2349198531501052
2023-09-29,risk_parity,none,0.07164281873102317,0.07175210246637705,0.06556152807915883,0.07556713563785716,0.10361663218522923,0.17978434559508313,0.11766929431614187,0.06395833529071196,0.14283326373987557,0.10761454395854209
2023-09-29,markowitz,historical_mean,0.399999999999997,0.34856111779113436,0.0,0.0,0.0,1.3011017778584303e-16,0.0,0.0,6.02847216171874e-16,0.25143888220886806
2023-09-29,mean_cvar,historical_mean,0.14070115535246805,0.06555160341665738,0.0,6.206034513730627e-18,4.94824413782517e-17,0.3244826903652181,6.542156222976732e-17,2.4775349354990543e-20,0.2070179160422449,0.26224663482341154
2023-09-29,markowitz,capm,0.39999999999999986,0.39999999999999986,1.3634939720205468e-16,0.0,8.090693295657237e-17,0.0,0.0,0.20000000000000004,0.0,3.584237626855544e-17
2023-09-29,mean_cvar,capm,2.2888148189627745e-17,0.06747725091223103,7.093553281512191e-18,1.2118421588709006e-17,1.1491774518075059e-18,0.3999999999999999,0.2357934222079792,7.083128386849662e-18,0.13227713448937628,0.16445219239041342
2023-09-29,markowitz,ff3f,2.046973701652631e-16,0.39999999999999974,0.39999999999999974,0.0,2.1467203015212973e-16,6.722053469410123e-17,0.0,9.454242944073593e-17,0.0,0.19999999999999993
2023-09-29,mean_cvar,ff3f,1.3049109624476166e-21,0.10900758692916888,2.425571052462622e-17,6.542150660018795e-20,2.902710013657601e-18,0.4,0.15024887614538096,3.142954160724554e-17,0.1167268483246291,0.2240166886008211
2023-10-31,risk_parity,none,0.07266641572412583,0.07210828791502723,0.06707070292434908,0.07773293880991929,0.09983770902655409,0.17891176535810963,0.11873604315402392,0.06383317676548711,0.14261416035658617,0.10648879996581774
2023-10-31,markowitz,historical_mean,0.39999999999999913,0.39999999999999836,0.011470660821579272,5.3284178093680693e-17,0.0,3.7391019630463203e-16,0.0,6.165214273898998e-16,0.0,0.18852933917842207
2023-10-31,mean_cvar,historical_mean,0.17779779271411922,0.045285759231628885,4.0115480381963664e-20,0.0,3.598227981271059e-17,0.30366006470091356,0.0,6.087795198506107e-20,0.23025540625428428,0.243000977099054
2023-10-31,markowitz,capm,0.38189291804517633,0.3999999999999998,9.215708828220568e-17,0.0,5.038819958720163e-17,4.0647943561990125e-19,8.727731109446143e-18,0.21810708195482365,0.0,8.130552503019652e-19
2023-10-31,mean_cvar,capm,1.5933305586740635e-18,0.0740064561727422,5.426327342971484e-18,6.133643569465559e-18,4.3072041929565415e-18,0.4,0.22743075249163264,1.4989634801556122e-17,0.13051959942481575,0.16804319191080938
2023-10-31,markowitz,ff3f,1.5178478775238453e-16,0.39999999999999986,0.39999999999999986,0.0,3.6315992006959856e-17,6.653508662678122e-17,1.6120934838304868e-17,0.0,0.0,0.19999999999999998
2023-10-31,mean_cvar,ff3f,8.239413478484469e-18,0.10349779066132395,1.097413450853598e-18,9.043911285931407e-19,1.9970418452651287e-17,0.4,0.133807847190512,7.04030346565496e-18,0.11780859864276727,0.24488576350539676
2023-11-30,risk_parity,none,0.07284239983567908,0.07072305741009677,0.06713450204434089,0.07682527113294754,0.09899848586597061,0.17802476872466572,0.11782165137376739,0.06362060727230161,0.14734779476977922,0.10666146157045119
2023-11-30,markowitz,historical_mean,0.39999999999999986,0.0,0.199999999999999,0.0,0.0,0.0,2.7507468295333597e-16,0.0,9.44357071184011e-16,0.3999999999999999
2023-11-30,mean_cvar,historical_mean,0.3162864988790993,3.8612800052696156e-17,1.2040025424225365e-17,1.0720316926660177e-17,4.992522514086465e-17,0.12909296632986866,1.0662530906356774e-16,4.0576171803494643e-17,0.34306064912926854,0.21155988566176326
2023-11-30,markowitz,capm,0.3939116357407444,0.3999999999999999,0.0,0.0,1.2119339240905977e-17,7.399679827213567e-17,4.0010440128095576e-17,0.20608836425925553,2.1629833341085807e-17,1.9546124122431683e-17
2023-11-30,mean_cvar,capm,1.1774660340099898e-17,0.055776035815874044,8.093603765195779e-18,1.1868203449205824e-17,3.803233415671658e-17,0.39999999999999986,0.23949054218408516,3.664439574626386e-18,0.13972473689232748,0.16500868510771322
2023-11-30,markowitz,ff3f,0.19999999999999998,0.0,0.39999999999999986,0.0,5.746271514173171e-17,7.177418381854036e-17,3.924811864397524e-17,0.0,0.0,0.39999999999999986
2023-11-30,mean_cvar,ff3f,1.6510989186252684e-17,0.026628133142674263,5.35212449374162e-18,2.6392309774874933e-17,5.716417077117377e-18,0.3999999999999999,0.1925396105697741,1.174741852096114e-18,0.106244797285979,0.27458745900157255
2023-12-29,risk_parity,none,0.07571563787737516,0.07692277219503402,0.07270184866481866,0.07977179320512875,0.09285394772211504,0.1699129326954754,0.11514001437329513,0.06398217368636612,0.1380865383903361,0.11491234119005575
2023-12-29,markowitz,historical_mean,0.3999999999999959,5.852659443880705e-15,1.2043974195593387e-13,2.2297967693263103e-15,3.9671780103299595e-15,0.0,7.212850395459072e-16,5.882709128106053e-14,0.30135859434564266,0.2986414056541695
2023-12-29,mean_cvar,historical_mean,0.2738753736002178,3.115828544784007e-17,4.6254502897989475e-17,3.25339521139615e-17,6.928363161284922e-17,0.1510977447062236,9.464634079266917e-17,1.6794781193275545e-17,0.3684523598267217,0.20657452186683653
2023-12-29,markowitz,capm,0.34828071801144045,0.3376664121289117,0.0,0.0,0.0,4.285309086748956e-17,0.0,0.31405286985964787,0.0,4.130810277169772e-17
2023-12-29,mean_cvar,capm,3.3721081632154094e-18,0.05120333797350929,1.647822857433999e-17,1.2577724150378859e-17,1.936475906004273e-17,0.4,0.21389752836045225,6.995840885409773e-18,0.1315973137734147,0.2033018198926238
2023-12-29,markowitz,ff3f,0.1999999999999998,0.0,0.4000000000000001,0.0,8.413040360728118e-17,2.4286128663675302e-17,0.0,4.1633363423443376e-17,0.0,0.4000000000000001
2023-12-29,mean_cvar,ff3f,9.93844987186744e-18,0.012152751334971758,3.2084175982680152e-18,2.982746022468124e-20,1.0453805758504795e-17,0.3999999999999999,0.16688934121884236,1.5856831811194977e-19,0.09621063520410525,0.32474727224208066
2024-01-31,risk_parity,none,0.0771590642198818,0.07578718863692317,0.07369246761470956,0.08305975824150769,0.08756843852836324,0.16315984559379965,0.11202518059816616,0.0628288844432681,0.14854161205565147,0.11617756006772925
2024-01-31,markowitz,historical_mean,0.4000000000000006,1.7594318047776335e-16,0.0,0.0,0.0,0.0,1.450706437421441e-16,0.1999999999999986,4.301687220981876e-17,0.4000000000000006
2024-01-31,mean_cvar,historical_mean,0.1984953199851967,2.783848846858096e-19,1.6473631143870064e-17,3.361312861358443e-17,7.424834646554558e-17,0.28514318150913254,4.333683750560776e-19,2.613388987059302e-17,0.27917991831575045,0.23718158018992014
2024-01-31,markowitz,capm,0.2902300503621689,0.3243607549568125,0.0,0.0,3.282422077199864e-17,2.3825342740368954e-17,2.4123498337802467e-17,0.38540919468101864,0.0,0.0
2024-01-31,mean_cvar,capm,3.4455164957531487e-17,0.05696078424381895,1.9507996397720722e-18,3.677059972335095e-19,5.119845994684663e-19,0.3999999999999999,0.16236639370332187,4.707982567756301e-17,0.17813108381525178,0.20254173823760732
2024-01-31,markowitz,ff3f,0.20000000000000043,0.0,0.39999999999999974,0.0,0.0,6.245004513516502e-17,0.0,0.0,0.0,0.39999999999999974
2024-01-31,mean_cvar,ff3f,1.4791215617985762e-17,0.03270668280603419,8.237649117550124e-18,2.1373861689154167e-17,8.807240431231345e-18,0.4,0.07077538337690192,1.8047698911170957e-21,0.15753336817714933,0.33898456563991447
2024-02-29,risk_parity,none,0.07749843811060698,0.07429887772671107,0.07363612613018465,0.0814322240910055,0.08767184035909982,0.16354921501349856,0.11228156789811246,0.06213465121260266,0.149313594957532,0.11818346450064635
2024-02-29,markowitz,historical_mean,0.39999999999998265,1.0392062862847341e-14,2.0881213425028012e-13,1.1909723956361304e-14,1.1438037959757993e-14,0.0,2.54881331614797e-15,1.5621131467716898e-13,0.1999999999997383,0.3999999999998779
2024-02-29,mean_cvar,historical_mean,0.19025391512187936,0.0,1.3407680575040276e-16,0.0,0.0,0.22365026036794441,3.873820480972816e-18,2.7028154630717633e-17,0.28382762890433993,0.30226819560583607
2024-02-29,markowitz,capm,0.4000000000000001,0.31670141451833467,1.3333640620787207e-17,1.2532020391294396e-17,0.0,3.480677063571621e-18,2.215374477433429e-17,0.2832985854816653,6.169643357036014e-17,2.8104191632717068e-18
2024-02-29,mean_cvar,capm,5.226552720010906e-18,0.0357962929117624,1.3622665223622095e-18,5.459338056199543e-18,2.4378584201299963e-18,0.4,0.16904866384823522,1.785837198619134e-17,0.1632973531679123,0.23185769007209012
2024-02-29,markowitz,ff3f,0.1824733407309536,3.790235269737763e-16,0.39999999999999997,1.2075301696057306e-16,0.0,0.0,5.503681278079542e-17,5.014706098288579e-16,0.017526659269045845,0.39999999999999963
2024-02-29,mean_cvar,ff3f,2.3534390605038527e-17,1.7029227885217007e-17,1.357474126046252e-19,0.0,1.0509183315038517e-17,0.3999999999999999,0.06567523417288697,3.04562294191896e-17,0.16682803789439535,0.36749672793271765
2024-03-29,risk_parity,none,0.0764178253382034,0.07259904150899525,0.07276735153220017,0.08013996557707881,0.08845896088678865,0.1649104330314439,0.11300336034804924,0.06146666259622162,0.1522416217843294,0.11799477739668968
2024-03-29,markowitz,historical_mean,0.3999999999999922,4.589337966935634e-15,2.6471880243406076e-14,4.230293418034076e-15,3.71791132889963e-15,2.8305913982261197e-16,1.1925530524660686e-15,1.6229443658214457e-14,0.199999999999968,0.3999999999999831
2024-03-29,mean_cvar,historical_mean,0.1963659749753255,3.8337040939774274e-17,6.43162032562819e-18,7.171357419419706e-17,2.2484225173388254e-18,0.11949599042682046,5.259564511459264e-17,4.5367395223621537e-17,0.3949481589069146,0.28918987569093924
2024-03-29,markowitz,capm,0.3999999999999999,0.3413578247627367,0.0,0.0,3.3824420214792384e-17,3.547827898739579e-17,6.677006975019614e-17,0.2586421752372634,0.0,0.0
2024-03-29,mean_cvar,capm,0.0,0.016309250269675692,0.0,8.395703555989051e-18,0.0,0.4,0.17428307438070692,3.958645731183202e-17,0.16895317799561238,0.24045449735400495
2024-03-29,markowitz,ff3f,0.19065383126489593,1.504093345098406e-16,0.39999999999999963,0.0,0.0,4.7813315806610733e-17,6.896881069723414e-17,5.4081359616292556e-17,0.00934616873510428,0.3999999999999997
2024-03-29,mean_cvar,ff3f,2.8759044828904724e-18,1.0345508312204123e-17,0.0,3.980576972848034e-18,1.7909627551557358e-17,0.39999999999999997,0.06919689596126968,2.908969099995784e-17,0.19133481141909917,0.3394682926196313
2024-04-30,risk_parity,none,0.07732106690666679,0.07273671444085612,0.07349265099809396,0.08054429140627978,0.08894699894837803,0.16653561292615474,0.11363954088032505,0.06255422503468344,0.1447526730562434,0.1194762254023188
2024-04-30,markowitz,historical_mean,0.3999999999997183,1.3554863083761965e-13,5.953857198925938e-13,1.1284896574548169e-13,1.0156022697091502e-13,5.2971781884757956e-14,7.678364273019861e-14,2.0987630172684534e-13,0.39999999999932095,0.19999999999967583
2024-04-30,mean_cvar,historical_mean,0.1867448667567059,1.42357405404138e-17,7.140392006044447e-17,8.853230718365299e-18,1.622143712060465e-17,0.16146794532636682,8.292690700671913e-18,2.435160255963647e-17,0.3999999999999999,0.25178718791692717
2024-04-30,markowitz,capm,0.3999999999999999,0.3502635541326169,2.8781703585954516e-16,0.0,0.0,0.0,3.670579326184253e-17,0.2497364458673828,0.0,0.0
2024-04-30,mean_cvar,capm,7.421661847157275e-18,7.190053184683455e-20,1.3240760620191962e-18,1.110159401405289e-17,2.4619756417271854e-17,0.3999999999999999,0.19391993327587817,1.4973702241904672e-17,0.14510006983947912,0.26097999688464285
2024-04-30,markowitz,ff3f,0.12302337816742952,0.0,0.3999999999999999,1.65259516141103e-16,3.867213623984233e-17,3.4731738969215325e-17,0.0,7.730361489821645e-17,0.07697662183257065,0.39999999999999963
2024-04-30,mean_cvar,ff3f,5.1121282495908497e-23,7.327085826898142e-17,3.19269414558299e-21,3.8035480246930505e-20,2.8013006416953385e-20,0.3999999999999999,0.0858958214806268,4.500101520260023e-19,0.19102910575344512,0.3230750727659281
2024-05-31,risk_parity,none,0.07726828708079868,0.07138693068052077,0.07318141763801808,0.08150940778363362,0.08794776154495448,0.16398518493043918,0.11249418555719382,0.062435683647740436,0.150488109588975,0.11930303154772598
2024-05-31,markowitz,historical_mean,0.3999999999997067,1.3097688451484818e-13,9.10937991704941e-14,1.0816787373359956e-13,1.0397272445940383e-13,6.744607020577853e-14,8.678284454051367e-14,1.3242244671025616e-13,0.3999999999995537,0.20000000000001866
2024-05-31,mean_cvar,historical_mean,0.11140158732147323,7.496192753779468e-18,1.2967731552253351e-17,3.3277976948889246e-18,9.971409403636554e-18,0.20594228720307828,4.5311058052735303e-17,1.0415454669023568e-17,0.4,0.2826561254754485
2024-05-31,markowitz,capm,0.2945224157242355,0.39999999999999986,0.0,0.0,0.0,0.0,4.2175464509686104e-17,0.3054775842757646,2.6020852139652095e-18,0.0
2024-05-31,mean_cvar,capm,5.924130891108753e-18,2.0776903668959597e-17,3.4956243632276275e-17,1.04315040501606e-17,3.9882309693818296e-18,0.4,0.17399419846271108,1.779700365829202e-17,0.18087704767865015,0.24512875385863875
2024-05-31,markowitz,ff3f,6.383782391594641e-16,0.0,0.39999999999999947,4.996003610813198e-16,0.0,0.0,0.0,0.0,0.20000000000000018,0.3999999999999991
2024-05-31,mean_cvar,ff3f,2.8077974624926475e-18,0.0,4.4217068336309574e-20,7.199921405501979e-19,2.041728638946136e-18,0.3999999999999999,0.05624166712611409,8.304411483831083e-17,0.22567855407771273,0.31807977879617316
2024-06-28,risk_parity,none,0.07625224854290256,0.07050005427435557,0.0728832829833128,0.08166026839779232,0.08705362743692407,0.16225191151993953,0.11199254409876298,0.06194675551101185,0.1561230911959426,0.11933621603905574
2024-06-28,markowitz,historical_mean,0.39999999999889535,4.815629186040888e-13,5.294537268772184e-12,4.257102185090976e-13,4.0226608525560553e-13,2.500529882124285e-13,3.2734570059332827e-13,5.448282402818405e-13,0.3999999999951134,0.19999999999826507
2024-06-28,mean_cvar,historical_mean,0.15096756824192972,4.94667882868061e-17,5.3333234460340425e-18,3.236953656486129e-19,0.0,0.17758034951922924,3.981585398991772e-17,2.0256540105146215e-19,0.39999999999999997,0.2714520822388411
2024-06-28,markowitz,capm,0.3999999999999999,0.3766809611584481,0.0,0.0,4.109294580715067e-17,0.0,0.0,0.22331903884155188,2.2394440664284192e-17,3.5113747582677537e-17
2024-06-28,mean_cvar,capm,9.187171076998704e-18,7.352034560982935e-18,5.566132132726415e-18,0.0,5.521460733023925e-17,0.3999999999999999,0.16444029649671585,2.7626015561301196e-17,0.1929600116870614,0.24259969181622287
2024-06-28,markowitz,ff3f,0.09089228628949164,1.1415344445533588e-15,0.33806838174439774,0.0,3.8724652282572097e-17,0.0,0.0,3.604531766381729e-16,0.17103933196610938,0.39999999999999963
2024-06-28,mean_cvar,ff3f,1.3047477028056443e-18,6.3081657536481006e-18,2.8855759192109906e-18,2.783259992214523e-17,2.891438831977549e-20,0.4,0.06142517187800591,5.170594052641983e-17,0.2326993745978012,0.3058754535241929
2024-07-31,risk_parity,none,0.07605879004763784,0.07064322209610997,0.07320799170044806,0.08139785392266335,0.08678562215445117,0.1618705639573368,0.11202010818177052,0.06189181051374691,0.15637181991919638,0.11975221750663906
2024-07-31,markowitz,historical_mean,0.3999999999987273,5.405630068546794e-13,9.707235015810056e-13,4.822941623061845e-13,4.706274415180319e-13,3.028976452905309e-13,3.795393005718091e-13,5.977956475730559e-13,0.3999999999976456,0.19999999999988266
2024-07-31,mean_cvar,historical_mean,0.14345598834963125,7.851404273335932e-17,0.0,5.568283191167805e-17,1.7820991104895617e-18,0.17102479396722817,1.040828667835758e-16,1.431026681707748e-17,0.3999999999999999,0.28551921768314037
2024-07-31,markowitz,capm,0.3999999999999998,0.3693987575097227,0.0,1.232524524109017e-17,0.0,9.194523187297028e-19,7.035108866640533e-18,0.23060124249027744,0.0,2.7813197625216655e-17
2024-07-31,mean_cvar,capm,3.687097113215604e-17,0.0,0.0,5.056628091750162e-19,3.9997514221813104e-17,0.4,0.1493553869377314,6.493149736465168e-19,0.2041383531910579,0.24650625987121064
2024-07-31,markowitz,ff3f,0.1431310702194886,0.0,0.3999999999999996,0.0,1.0049198886225019e-17,5.527398200602662e-17,3.1509625637859973e-18,2.5650190521933625e-16,0.05686892978051161,0.4
2024-07-31,mean_cvar,ff3f,1.279909311448824e-19,1.0922029420450391e-18,1.020956146729929e-17,9.214852872989769e-20,9.723936273421664e-20,0.4000000000000001,0.05006897455701498,1.5348059003371874e-17,0.22069320526454755,0.32923782017843745
2024-08-30,risk_parity,none,0.07809524002368182,0.06814114705541502,0.07415223783724585,0.08183089855270043,0.08713955459857273,0.16115015595120394,0.11244912111675179,0.06150797242874449,0.15352158504304508,0.12201208739263897
2024-08-30,markowitz,historical_mean,0.3999999999996705,3.4700489306700497e-13,8.316958233223204e-14,1.228556547588934e-13,1.238627288162147e-13,7.6094401914403e-14,9.72690065779262e-14,1.5474856679634424e-13,0.3999999999993683,0.19999999999995627
2024-08-30,mean_cvar,historical_mean,0.13960825340782018,4.2765096533690282e-19,5.697412586616477e-19,1.6951537281524797e-17,9.09381783392303e-17,0.21297094521200804,7.000167771107422e-17,1.805301664548806e-17,0.3999999999999999,0.24742080138017175
2024-08-30,markowitz,capm,0.3999999999999999,0.3781414391940849,0.0,4.040477461401391e-17,6.764953519435162e-17,0.0,0.0,0.221858560805915,4.9179724650724376e-17,0.0
2024-08-30,mean_cvar,capm,1.3410260860943899e-17,2.0406305437975246e-17,3.2396257780631206e-18,9.13272836597715e-19,3.560535818692515e-17,0.4,0.1403184546138628,9.288427225786047e-18,0.20153137495062023,0.25815017043551697
2024-08-30,markowitz,ff3f,0.2000000000000001,0.0,0.39999999999999986,3.4694469519536126e-18,1.1902973322452e-16,0.0,0.0,0.0,0.0,0.39999999999999986
2024-08-30,mean_cvar,ff3f,1.0151624887904707e-18,5.410392300421427e-17,2.0660945857925213e-18,3.402315926951215e-20,8.982275235902959e-19,0.3999999999999998,0.08351116684538844,5.951729045272378e-17,0.18040382505571273,0.33608500809889885
2024-09-30,risk_parity,none,0.07869475892970809,0.06942524627333478,0.07428349488527297,0.08248608387752669,0.08703869370926588,0.16080209064252707,0.11245882072432357,0.0613616237244399,0.15367332984615487,0.11977585738744616
2024-09-30,markowitz,historical_mean,0.39999999999996994,1.458619228849171e-14,4.052314039881821e-15,1.198086347740207e-14,1.3459429486541263e-14,6.656995296132912e-15,7.87397790161879e-15,1.6522823917349135e-14,0.3999999999999645,0.19999999999999044
2024-09-30,mean_cvar,historical_mean,0.10300696026946146,0.0,3.9557382358252664e-17,4.0549315960477487e-19,3.780072219340436e-17,0.1832036973127215,2.5480784460897696e-18,1.996050026564231e-20,0.4,0.3137893424178171
2024-09-30,markowitz,capm,0.3999999999999999,0.35366857044422706,1.0871448189965817e-17,2.283810425674007e-17,0.0,0.0,3.5240484574432245e-19,0.24633142955577297,0.0,2.0928454521084464e-17
2024-09-30,mean_cvar,capm,0.0,1.2007899834497725e-17,2.2616821074396093e-18,5.257371356211407e-18,8.169563762201839e-18,0.4,0.1645881443292421,2.913829466893653e-17,0.2056039564974094,0.22980789917334846
2024-09-30,markowitz,ff3f,0.15558841617114993,0.0,0.3999999999999994,0.04441158382885063,0.0,2.9381878874357164e-17,3.4802889736784686e-17,0.0,0.0,0.3999999999999999
2024-09-30,mean_cvar,ff3f,0.0,1.19228858489732e-17,0.0,4.980117412100532e-18,0.0,0.3999999999999999,0.07377745469575205,5.353974749821256e-17,0.1894170619931288,0.33680548331111904
2024-10-31,risk_parity,none,0.07980807483957157,0.06935943631104356,0.074690956684941,0.08130392077614602,0.08611558048185612,0.15929273860300408,0.11080506297798762,0.061553583270959625,0.15411527681293427,0.12295536924155602
2024-10-31,markowitz,historical_mean,0.36420874861755226,4.0315187155812456e-14,7.506383290265498e-14,3.2067891622676877e-14,3.425683482255291e-14,1.1322875674556487e-14,2.1049192377551744e-14,4.343424707067306e-14,0.39999999999990066,0.2357912513822895
2024-10-31,mean_cvar,historical_mean,0.18151992642934744,4.2249608539349997e-17,5.791645982871847e-17,3.927940129978803e-17,4.4948455629223287e-17,0.07813863784642924,6.188928017828969e-17,5.3980365920502814e-17,0.39999999999999986,0.34034143572422304
2024-10-31,markowitz,capm,0.39999999999999986,0.31709259151613334,0.104492518922136,2.4597420782513713e-17,0.0,0.0,0.0,0.1784148895617308,0.0,0.0
2024-10-31,mean_cvar,capm,4.4363419376487595e-18,1.3519098746191407e-18,5.9982516806538825e-18,2.28178853644774e-18,1.0731244790827764e-17,0.3999999999999999,0.15033693960250755,4.0598251248133836e-17,0.18574243751830902,0.2639206228791835
2024-10-31,markowitz,ff3f,0.2512390928603726,0.0,0.34876090713962743,0.0,1.366094737331735e-16,3.295974604355932e-17,5.941427905220562e-17,0.0,0.0,0.39999999999999986
2024-10-31,mean_cvar,ff3f,3.1260516856535467e-17,2.0974763077202003e-17,2.080965205019121e-17,4.403310283845506e-17,6.717786962949357e-18,0.39999999999999997,0.07485220174922622,5.3674896353171345e-17,0.17298071463881604,0.35216708361195764
2024-11-29,risk_parity,none,0.08134215982268005,0.07011291256525587,0.07402387001857923,0.0808483461335736,0.08577136118099649,0.15570637452693614,0.10979757092603086,0.0622908291600069,0.1579125739502566,0.12219400171568427
2024-11-29,markowitz,historical_mean,0.399999999999859,6.900766311360296e-14,4.84751128126959e-14,5.699989614179966e-14,6.57742294040516e-14,2.116824417284311e-14,4.127011845627859e-14,8.020805561067999e-14,0.39999999999981095,0.19999999999994705
2024-11-29,mean_cvar,historical_mean,0.15339301403665428,0.0,6.90758314591413e-17,0.0,0.0,0.14440762578196192,4.660184693380029e-17,0.0,0.4000000000000001,0.30219936018138366
2024-11-29,markowitz,capm,0.4000000000000001,0.36370473631817557,0.05037426504208698,0.0,2.4158832149299754e-17,1.6961544924684493e-17,0.0,0.18592099863973743,2.7137582747238187e-17,1.7699667779979278e-17
2024-11-29,mean_cvar,capm,3.834359488818962e-17,1.1274052148044523e-22,5.125943033261722e-17,3.495401867789392e-18,0.0,0.3999999999999999,0.13032465571492247,2.0615452616012672e-17,0.2215703255789142,0.24810501870616317
2024-11-29,markowitz,ff3f,0.19999999999999957,1.739060284666749e-16,0.4,0.0,0.0,0.0,1.5699247457590104e-16,1.0894876580763713e-16,0.0,0.4
2024-11-29,mean_cvar,ff3f,2.1385070853691446e-17,7.564384967368123e-19,7.143334150515182e-17,5.56844785471938e-17,1.393727481614969e-17,0.3999999999999998,0.0642181697984313,1.006516149892683e-18,0.22329215135857275,0.31248967884299594
2024-12-31,risk_parity,none,0.08066044406226393,0.06921536091240597,0.07503349717907278,0.08212879071303983,0.08434122128149373,0.15409659889597105,0.10914827045337101,0.0620925398858935,0.16165426620859782,0.1216290104078904
2024-12-31,markowitz,historical_mean,0.3987959707632485,5.408431406721259e-14,2.8150740202445568e-14,2.7172274846831712e-14,3.299265157949427e-14,1.0820066630862213e-14,1.7075452380180267e-14,3.704569745584252e-14,0.39999999999991526,0.20120402923662895
2024-12-31,mean_cvar,historical_mean,0.22988022306092656,0.0,0.0,5.0220159926233815e-17,0.0,0.0,5.634209055251427e-17,0.0,0.39999999999999986,0.37011977693907344
2024-12-31,markowitz,capm,0.4,0.3294385032525026,0.1440553238988511,0.0,0.0,4.592401663061411e-18,7.134753934323064e-18,0.12650617284864632,0.0,0.0
2024-12-31,mean_cvar,capm,0.0029462981064815375,2.7740762442209246e-17,7.866996482713535e-18,9.32044293559363e-18,3.127393695846891e-19,0.4,0.15774024566975192,5.92470426233712e-18,0.2117510091531761,0.22756244707059034
2024-12-31,markowitz,ff3f,0.2000000000000002,6.136584296267953e-17,0.39999999999999974,3.480288973678468e-16,0.0,0.0,7.589415207398528e-18,0.0,9.974659986866636e-18,0.39999999999999986
2024-12-31,mean_cvar,ff3f,0.0005403430537032524,5.062664065699886e-17,2.988334228624633e-17,4.238220627564961e-17,4.163336342344339e-22,0.39999999999999997,0.08160961601004407,1.7694179454963437e-20,0.21398244626779156,0.30386759466846114
